date;Amazon Shopping;Calculator;Calendar;Chrome;Clock;com.activision.callofduty.shooter;Discord;Drive;Gmail;Google;Google News;Google Play Store;HBO MAX;Instagram;LinkedIn;Maps;Medium;Mi Tigo;Microsoft 365 (Office);Moto App Launcher;Nequi Colombia;Notion;Photomath;Photos;Settings;SimCity;Spotify;Symbolab;Tasks;Teams;Telegram;TikTok;Truecaller;Twitter;tyba;Upwork Talent;WhatsApp;YouTube;YouTube Music;Zoom
2022-10-19;0.0;3.02;1.5;17.48;1.75;0.0;0.0;55.68;1.92;0.0;2.85;0.0;0.0;50.3;0.0;0.0;0.0;0.0;0.0;12.78;0.0;0.0;0.0;0.0;2.25;0.0;10.28;0.0;0.0;0.0;0.0;37.42;0.0;0.0;0.0;0.0;73.1;0.0;0.0;0.0
2022-10-20;0.0;1.57;0.0;5.28;0.9;19.43;0.0;11.72;0.0;0.0;0.05;0.0;0.0;46.17;0.0;1.15;0.0;0.0;0.0;11.62;0.0;0.0;0.0;0.0;3.3;0.0;2.78;0.0;0.0;0.0;0.0;87.1;0.02;0.0;0.0;0.0;61.83;12.98;0.0;0.0
2022-10-21;0.0;0.0;0.0;1.37;0.68;42.78;0.0;1.55;6.32;0.0;0.0;0.08;0.0;40.9;0.0;0.8;0.0;1.18;0.0;7.9;0.0;0.0;0.0;0.67;0.85;0.0;0.0;0.0;0.0;0.0;0.0;71.57;0.35;0.0;0.0;0.0;62.6;0.0;0.0;0.0
2022-10-22;0.0;0.0;0.0;1.98;0.0;34.73;0.0;0.0;1.72;0.13;0.0;2.23;0.0;69.2;0.03;0.0;0.0;0.0;0.0;10.12;0.0;0.0;0.0;52.6;0.15;0.0;0.0;0.0;0.0;0.0;0.0;53.75;0.0;0.0;0.0;0.0;113.32;33.82;0.0;0.0
2022-10-23;0.0;0.52;0.0;5.8;1.43;170.77;0.0;0.0;5.58;0.0;0.0;0.15;0.0;41.65;0.0;0.13;0.0;0.0;0.0;10.7;0.0;0.0;0.0;5.12;0.52;0.0;0.0;0.0;0.0;0.0;0.0;64.5;0.07;0.0;0.0;0.0;50.78;95.12;0.0;0.0
2022-10-24;0.0;6.67;0.0;12.5;0.43;21.8;0.0;0.35;1.18;0.57;0.0;0.0;0.0;63.98;0.0;1.38;0.0;0.0;0.0;18.15;0.0;0.0;0.0;6.77;7.15;0.0;0.53;0.0;0.0;0.0;0.0;30.8;19.53;0.0;0.0;0.0;90.28;3.92;0.0;0.0
2022-10-25;0.0;0.13;0.0;2.68;0.0;55.0;0.0;0.0;0.13;0.45;0.85;0.28;0.0;50.82;0.0;0.0;0.0;0.0;0.0;11.4;0.0;0.0;0.0;0.0;0.15;0.0;0.0;0.0;0.0;0.0;0.0;105.9;0.0;0.0;0.0;0.0;51.95;0.0;0.0;0.0
2022-10-26;0.0;0.27;0.65;14.6;0.93;0.0;0.0;19.2;3.18;0.18;0.0;0.78;0.0;19.0;0.0;0.0;0.0;0.0;0.0;18.67;0.0;0.0;0.0;0.0;1.55;0.0;0.0;2.83;0.18;0.0;0.0;9.45;0.4;0.0;0.0;0.0;110.78;24.15;0.0;0.0
2022-10-27;0.0;3.98;0.23;7.37;1.17;0.0;0.0;0.0;0.82;0.03;0.0;1.32;0.0;0.0;0.0;0.0;0.0;0.0;0.0;7.67;0.0;0.0;0.0;2.8;2.27;0.0;0.83;0.0;0.0;0.0;0.0;0.0;0.68;0.0;0.0;0.0;41.68;21.1;0.0;0.0
2022-10-28;0.0;0.02;0.0;11.5;0.38;0.0;0.0;7.2;0.52;0.08;4.08;1.25;0.0;0.0;0.0;0.53;0.0;0.0;0.0;9.42;0.0;0.0;0.0;5.92;0.62;0.0;6.52;8.32;0.0;0.0;0.0;0.0;0.0;0.0;0.0;0.0;98.73;51.68;0.0;0.0
2022-10-29;0.0;8.92;0.0;15.55;0.0;0.0;0.0;0.0;2.33;0.0;0.0;2.33;0.0;0.0;0.0;0.0;0.0;0.35;0.0;13.33;0.0;0.0;0.0;0.43;2.05;0.0;4.17;4.12;0.0;0.0;0.0;0.0;0.9;0.0;0.0;0.0;61.62;83.53;0.0;0.0
2022-10-30;0.0;5.58;0.0;4.85;0.23;0.0;0.0;0.0;0.85;0.02;0.0;3.63;0.0;38.58;0.0;0.0;0.0;0.0;0.0;11.43;0.0;0.0;0.0;1.9;1.32;0.0;6.55;0.0;0.47;0.0;0.0;0.0;0.15;0.0;0.0;0.0;85.9;24.05;0.0;0.0
2022-10-31;0.0;0.0;0.0;5.3;0.33;0.0;0.0;2.38;0.97;0.87;0.0;0.0;0.0;0.0;0.0;0.0;0.0;0.0;0.0;11.9;0.0;0.0;0.0;6.55;4.58;0.0;8.27;2.62;0.0;0.0;0.0;0.0;2.07;0.0;0.0;0.0;54.32;24.98;0.0;0.0
2022-11-01;0.0;0.0;0.05;12.95;1.27;0.0;0.0;5.97;6.67;0.98;1.42;0.27;0.0;0.0;0.0;0.0;0.0;0.0;0.0;12.8;0.0;0.0;0.0;0.73;0.83;0.0;1.0;0.0;0.0;0.0;0.0;0.0;0.0;0.0;0.0;0.0;97.47;26.4;0.0;0.0
2022-11-02;0.0;1.28;0.78;30.07;0.83;0.0;0.0;23.08;2.62;0.33;0.05;0.82;0.0;0.0;0.0;0.0;0.0;0.0;0.0;18.87;0.0;0.0;0.0;11.95;0.63;0.0;2.02;26.7;2.4;0.0;0.0;0.0;3.38;0.0;0.0;0.0;92.52;3.02;0.0;0.0
2022-11-03;0.0;0.18;0.0;12.55;0.87;0.0;0.0;0.0;3.43;0.22;0.07;0.0;0.0;0.0;0.15;0.0;0.0;4.73;0.0;16.52;0.0;0.0;0.0;2.42;1.0;0.0;19.47;1.22;0.88;0.0;0.0;0.0;0.72;0.0;0.0;0.0;100.0;38.27;0.0;0.0
2022-11-04;0.0;0.15;0.0;14.22;0.62;0.0;0.0;0.5;0.35;1.53;19.03;0.12;0.0;0.0;0.0;0.0;0.0;0.0;0.0;8.55;0.0;0.0;0.0;0.0;0.07;0.0;19.37;1.38;0.0;0.0;0.0;0.0;0.75;0.0;0.0;0.0;78.47;26.57;0.0;0.0
2022-11-05;0.0;0.27;0.0;9.28;0.0;0.0;0.0;0.0;1.07;1.07;0.03;2.13;0.0;74.03;0.0;0.0;0.0;0.7;0.0;14.42;0.0;0.0;0.0;0.52;0.0;0.0;12.87;0.0;0.0;0.0;0.0;60.37;0.0;0.0;0.0;0.0;85.27;32.27;0.0;0.0
2022-11-06;0.0;0.02;0.0;5.4;0.0;0.0;0.0;0.0;1.1;0.27;0.22;0.3;0.0;55.45;0.0;1.33;0.0;0.0;0.0;19.07;0.0;0.0;0.0;12.08;0.15;0.0;67.58;0.0;0.0;0.0;0.0;0.0;0.93;0.0;0.0;0.0;93.35;19.07;0.0;0.0
2022-11-07;0.0;0.0;0.0;12.68;0.0;0.0;0.0;0.0;0.0;0.08;0.22;0.05;0.0;70.6;0.0;0.0;0.0;0.0;0.0;9.35;0.0;0.0;0.0;13.13;0.0;0.0;12.0;0.0;0.0;0.0;0.0;0.0;0.0;0.0;0.0;0.0;96.38;44.78;0.0;0.0
2022-11-08;0.0;2.87;0.0;15.13;2.3;0.0;0.0;21.92;0.78;0.02;8.72;1.12;0.0;51.53;0.0;0.0;0.0;4.68;0.0;17.07;0.0;0.0;0.0;0.13;0.18;0.0;6.12;0.0;1.9;0.0;0.0;0.0;1.12;0.0;0.0;0.0;142.73;18.12;0.0;0.0
2022-11-09;0.0;0.12;0.0;34.15;1.23;0.0;0.0;6.5;1.43;0.17;0.13;3.52;0.0;57.98;0.0;0.67;0.0;0.98;0.0;17.83;0.0;0.0;0.0;7.8;0.02;0.0;21.33;9.48;0.83;0.0;0.0;0.0;0.0;0.0;0.0;0.0;99.48;10.38;0.0;0.0
2022-11-10;0.0;0.45;0.0;4.87;1.48;0.0;0.0;0.65;0.57;0.25;0.17;0.42;0.0;66.38;0.0;2.25;0.0;0.0;0.0;14.78;0.0;0.0;0.0;8.58;0.6;0.0;12.33;0.78;0.22;0.0;0.0;0.0;0.77;0.0;0.0;0.0;104.18;2.23;0.0;0.0
2022-11-11;0.0;0.0;0.0;13.48;0.12;0.0;0.0;18.13;4.07;0.0;0.07;0.0;0.0;40.8;0.0;0.0;0.0;0.58;0.0;12.28;0.0;0.0;0.0;0.37;0.35;0.0;5.5;0.0;0.12;0.0;0.0;0.0;0.25;0.0;0.0;0.0;113.45;0.38;0.0;0.0
2022-11-12;0.0;0.18;0.0;5.35;0.0;0.0;0.0;0.0;0.0;0.05;0.0;0.0;0.0;59.13;0.0;0.0;0.0;1.12;0.0;9.77;0.0;0.0;0.0;2.02;0.02;0.0;10.13;0.0;1.12;0.0;0.0;0.0;0.0;0.0;0.0;0.0;74.62;22.15;0.0;0.0
2022-11-13;0.0;0.58;0.0;15.23;0.2;0.0;0.0;0.0;0.65;0.42;0.13;0.03;0.0;75.82;0.0;0.0;0.0;0.0;0.0;15.08;0.0;0.0;0.0;1.55;0.0;0.0;0.0;0.03;0.0;0.0;0.0;0.0;0.0;0.0;0.0;0.0;69.05;1.23;0.0;0.0
2022-11-14;0.0;0.17;0.0;5.27;0.0;0.0;0.0;0.63;0.0;0.73;0.0;0.0;0.0;75.92;0.0;0.0;0.0;0.55;0.0;13.58;0.0;0.0;0.0;0.7;0.37;0.0;28.02;0.0;0.0;0.0;0.0;0.0;0.0;0.0;0.0;0.0;43.12;0.0;0.0;0.0
2022-11-15;0.0;0.48;0.0;18.62;2.27;0.0;0.0;15.85;5.03;1.05;0.2;0.65;0.0;30.85;0.0;0.0;0.0;0.0;0.0;12.45;0.0;0.0;0.0;3.65;0.45;0.0;25.2;0.0;0.72;0.0;0.0;0.0;0.0;0.0;0.0;0.0;23.98;20.52;0.0;0.0
2022-11-16;3.7;0.0;0.0;20.08;1.12;0.0;0.0;45.97;0.25;0.42;0.13;1.28;0.0;66.12;0.0;0.25;0.0;0.0;0.0;13.52;0.0;0.0;0.0;2.08;1.23;0.0;14.07;3.45;0.45;0.0;0.0;0.0;0.0;0.0;0.0;0.0;22.48;35.0;0.0;0.0
2022-11-17;6.43;2.07;0.3;11.22;2.2;0.0;0.0;9.65;0.0;0.87;0.27;0.23;0.0;95.98;0.0;8.07;0.0;0.3;0.0;9.15;0.0;0.0;0.0;1.53;0.75;0.0;7.5;0.0;0.0;0.0;0.0;0.0;0.0;0.0;0.0;0.0;22.92;44.02;0.0;0.0
2022-11-18;0.03;0.0;0.0;14.5;1.48;0.0;0.0;18.8;10.85;1.77;0.35;0.0;0.0;37.22;0.0;0.0;0.0;0.33;0.0;13.17;0.0;0.0;0.0;6.52;0.78;0.0;17.62;0.0;0.8;0.0;0.0;0.0;1.25;0.0;0.0;0.0;25.0;22.77;0.0;0.0
2022-11-19;0.0;1.37;0.0;25.95;0.67;0.0;0.0;5.77;1.85;0.02;0.0;1.88;0.0;92.95;0.0;0.0;0.0;0.57;0.0;11.2;0.0;0.0;0.0;4.3;0.35;0.0;11.4;0.0;0.75;0.0;0.0;0.0;0.0;0.0;0.0;0.0;32.78;10.23;0.0;0.0
2022-11-20;2.02;0.12;0.0;3.97;2.8;0.0;0.0;0.0;0.45;0.3;0.22;0.0;0.0;149.78;0.0;0.0;0.0;0.32;0.0;16.37;0.0;0.0;0.0;8.03;0.05;0.0;23.93;0.0;0.0;0.0;0.0;0.0;0.3;0.0;0.0;0.0;21.78;79.68;0.0;0.0
2022-11-21;11.48;0.23;0.0;10.5;1.08;0.0;0.0;0.92;2.93;0.05;0.22;0.38;0.0;60.07;0.0;0.0;0.0;0.0;0.0;17.93;0.0;0.0;0.0;0.18;1.73;0.0;18.67;0.0;0.0;9.45;0.0;0.0;0.6;0.0;0.0;0.0;58.97;16.05;0.0;0.0
2022-11-22;13.0;0.62;0.93;6.95;1.83;0.0;0.0;3.9;0.0;0.48;11.38;2.67;0.0;112.2;0.0;0.0;0.0;1.42;0.0;17.0;0.0;0.0;0.0;1.78;0.07;0.0;0.27;0.0;0.0;0.0;0.0;0.0;0.0;0.0;0.0;0.0;43.53;51.28;0.0;0.0
2022-11-23;0.0;1.37;0.4;16.65;2.77;0.0;0.0;17.83;0.9;0.2;17.7;0.0;0.0;81.75;0.0;0.0;0.0;1.07;0.0;15.5;0.0;1.47;0.0;0.0;0.03;0.0;18.18;0.0;0.0;0.0;0.0;0.0;0.22;0.0;0.0;0.0;98.1;11.15;0.0;0.0
2022-11-24;6.48;0.45;0.25;15.93;2.33;0.0;0.0;1.43;1.1;0.0;18.65;0.05;0.0;104.65;0.0;0.0;0.0;0.8;0.0;17.85;0.0;0.0;0.0;0.28;0.02;0.0;43.68;0.0;0.75;0.03;0.0;0.0;0.0;0.0;0.0;0.0;91.52;13.33;0.0;0.0
2022-11-25;6.72;0.77;0.0;10.07;0.78;0.0;0.0;0.0;1.68;0.53;0.05;0.08;0.0;33.48;0.0;3.57;0.0;0.33;0.0;13.62;0.0;0.0;0.0;0.0;12.13;0.0;6.5;0.0;0.0;0.0;0.0;0.0;0.0;0.0;0.0;0.0;99.05;0.37;0.0;0.0
2022-11-26;10.45;0.83;0.0;3.45;0.95;0.0;0.0;0.68;0.58;0.03;13.68;0.0;0.0;79.68;0.0;0.0;0.0;1.13;0.0;13.72;0.0;0.0;0.0;0.0;0.72;0.0;0.0;0.03;0.0;0.0;0.0;0.0;3.87;0.0;0.0;0.0;85.42;1.58;0.0;0.0
2022-11-27;0.0;0.0;0.5;3.15;0.0;0.0;0.0;0.0;0.4;0.08;12.65;0.78;0.0;114.27;0.0;0.0;0.0;2.73;0.0;16.03;0.0;0.0;0.0;0.42;0.0;0.0;49.6;0.0;0.02;0.0;0.0;23.83;8.7;0.0;0.0;0.0;54.72;48.33;0.0;0.0
2022-11-28;0.97;0.55;0.0;5.53;0.0;0.0;0.0;0.0;1.48;0.5;0.55;0.0;0.0;94.1;0.0;0.0;0.0;0.0;0.0;11.57;0.0;0.0;0.0;0.17;0.05;0.0;5.6;0.0;0.83;0.0;0.0;79.78;0.0;0.0;0.0;0.0;40.83;0.07;0.0;0.0
2022-11-29;0.0;0.0;0.4;11.6;0.62;0.0;0.0;0.42;5.95;0.03;0.13;0.92;0.0;2.87;0.0;0.0;0.0;2.3;0.0;22.9;0.0;0.0;0.0;6.65;0.22;0.0;68.73;0.0;3.42;0.0;0.0;74.98;0.73;0.0;0.0;0.0;84.83;156.32;0.0;0.0
2022-11-30;0.0;0.0;0.03;4.45;0.0;0.0;0.0;1.27;1.05;0.03;12.23;1.3;0.0;68.02;0.0;0.0;0.0;0.58;0.0;15.35;0.0;0.0;0.0;0.0;1.05;0.0;15.33;0.0;2.43;14.72;0.0;90.02;0.0;0.0;0.0;0.0;48.13;15.53;0.0;0.0
2022-12-01;0.0;0.0;0.0;7.97;1.55;0.0;0.0;0.28;4.27;1.05;0.2;0.75;0.0;64.73;0.0;0.47;0.0;0.82;0.0;7.97;0.0;0.0;0.0;0.0;0.75;0.0;38.28;0.0;1.13;0.0;0.0;145.58;0.0;0.0;0.0;0.0;59.73;2.62;0.0;0.0
2022-12-02;0.0;0.1;1.03;4.82;0.75;0.0;0.0;0.1;0.73;1.53;0.07;0.0;0.0;88.25;0.0;0.0;0.0;0.8;0.0;16.88;0.0;0.0;0.0;0.0;0.27;0.0;9.23;0.0;0.0;13.33;0.0;32.3;0.65;0.0;0.0;0.0;26.22;37.67;0.0;0.0
2022-12-03;0.0;0.0;0.0;6.27;0.3;0.0;0.0;0.02;1.18;1.48;0.12;1.2;0.0;94.33;1.35;0.02;0.0;1.22;0.0;18.6;0.0;0.0;0.0;1.55;0.0;0.0;31.58;0.0;0.0;0.0;0.0;174.03;0.0;0.0;0.0;0.0;60.23;0.0;0.0;0.0
2022-12-04;0.0;0.0;0.0;5.78;0.0;0.0;0.0;0.0;0.12;0.28;0.08;0.03;0.0;49.33;0.0;0.0;0.0;1.65;0.0;8.35;0.0;0.0;0.0;3.87;1.23;0.0;0.0;0.0;0.48;0.0;0.0;140.37;0.0;0.0;0.0;0.0;55.8;0.0;0.0;0.0
2022-12-05;0.0;0.0;0.22;8.05;0.72;0.0;0.0;0.25;9.88;1.3;0.0;0.52;0.0;46.25;2.47;0.0;0.0;0.0;0.0;16.83;0.0;0.0;0.0;1.73;4.37;0.0;23.5;0.0;0.72;8.17;0.0;96.28;0.0;0.0;0.0;0.0;119.57;13.88;0.0;0.0
2022-12-06;0.0;0.12;0.0;9.37;0.72;0.0;0.0;0.0;0.93;2.42;0.0;0.38;0.0;28.25;0.0;0.0;0.0;3.75;0.0;23.77;0.0;0.0;0.0;1.45;3.17;0.0;46.97;0.0;0.15;0.0;0.0;130.18;0.0;0.0;0.0;0.0;131.95;0.58;0.0;0.0
2022-12-07;0.0;0.0;0.0;2.27;0.0;0.0;0.0;0.0;0.52;0.72;0.02;0.02;0.0;31.3;0.0;0.0;0.0;0.42;0.0;12.0;0.0;0.0;0.0;0.28;4.83;0.0;7.07;0.0;0.0;0.73;0.0;41.3;6.38;0.0;0.0;0.0;69.15;8.75;0.0;0.0
2022-12-08;0.0;0.22;0.0;8.05;0.0;0.0;0.0;0.0;0.0;0.18;0.0;5.62;0.0;50.53;0.0;0.0;0.0;0.53;0.0;15.32;0.0;0.0;0.0;0.3;3.27;0.0;17.25;0.0;0.77;0.0;0.0;90.48;0.0;0.0;0.0;0.0;52.38;3.0;0.0;0.0
2022-12-09;0.0;0.0;0.0;6.63;0.0;0.0;0.0;0.0;0.0;0.08;0.0;0.72;0.0;54.75;0.0;0.35;0.0;2.18;0.0;17.02;0.0;0.0;0.0;0.0;2.53;0.0;6.05;0.0;1.25;0.0;0.0;84.47;2.75;0.0;0.0;0.0;136.03;3.75;0.0;0.0
2022-12-10;0.0;0.0;0.0;5.47;0.0;0.0;0.0;0.0;0.0;2.83;0.0;0.0;0.0;82.4;0.0;0.68;0.0;0.72;0.0;14.13;0.0;0.0;0.0;0.0;0.0;0.0;36.87;0.0;1.48;0.0;0.0;309.48;0.0;0.0;0.0;0.0;34.93;0.0;0.0;0.0
2022-12-11;0.0;0.0;0.0;1.25;0.25;0.0;0.0;0.0;0.3;0.02;0.0;0.0;0.0;126.37;0.0;0.32;0.0;0.0;0.0;26.03;0.0;0.0;0.0;1.75;0.0;0.0;3.32;0.0;1.63;0.0;0.0;185.37;0.25;0.0;0.0;0.0;44.07;22.87;0.0;0.0
2022-12-12;0.0;1.48;0.35;4.77;0.8;0.0;0.0;0.0;1.08;0.03;10.42;0.0;0.0;52.13;0.0;1.05;0.0;1.05;0.0;19.38;0.0;0.0;0.0;1.52;1.23;0.0;11.33;0.0;6.32;13.88;0.0;0.0;0.87;0.0;0.0;0.0;50.57;11.27;0.0;0.0
2022-12-13;0.0;0.0;0.0;5.83;1.83;0.0;0.0;0.0;0.2;0.17;0.32;0.95;0.0;155.5;0.0;0.02;0.0;0.0;0.0;21.33;0.0;0.0;0.0;20.07;0.03;0.0;11.7;0.0;8.23;0.0;0.0;0.0;0.0;0.0;0.0;0.0;69.68;2.28;0.0;0.0
2022-12-14;0.0;0.0;0.0;2.5;1.18;0.0;0.0;1.03;0.0;0.75;1.07;0.03;0.0;58.43;0.0;0.02;0.0;0.37;0.0;12.53;0.0;0.0;0.0;3.43;0.08;0.0;3.33;0.0;0.4;8.87;0.0;0.0;0.0;0.0;0.0;0.0;37.87;0.0;0.0;0.0
2022-12-15;0.0;0.0;0.35;9.32;0.78;0.0;0.0;3.02;2.87;0.05;0.07;0.0;0.0;103.85;0.0;0.08;0.0;0.0;0.0;19.43;0.0;0.0;0.0;8.57;0.0;0.0;13.52;0.0;0.0;0.0;0.0;0.0;1.25;0.0;0.0;0.0;72.83;22.97;0.0;0.0
2022-12-16;0.0;0.0;0.0;31.1;0.0;0.0;0.0;1.15;0.0;1.32;0.0;5.92;0.0;125.98;0.0;3.87;0.0;0.35;0.0;15.98;0.0;0.0;0.0;8.8;0.02;0.0;16.5;0.0;0.0;0.0;0.0;0.0;0.0;0.0;0.0;0.0;80.9;40.83;0.0;0.0
2022-12-17;0.0;0.13;0.0;10.28;0.0;0.0;0.0;0.0;0.85;0.27;0.0;0.0;0.0;234.72;0.0;0.05;0.0;0.62;0.0;12.43;0.0;0.0;0.0;0.1;0.95;0.0;50.1;0.0;0.5;0.0;0.0;0.0;0.0;0.0;0.0;0.0;64.65;17.8;0.0;0.0
2022-12-18;0.0;0.0;0.0;22.37;0.0;0.0;0.0;0.12;0.87;7.83;0.0;16.08;0.73;79.27;0.0;0.0;0.0;0.0;0.0;15.58;0.0;0.0;0.0;0.82;0.2;0.0;10.42;0.0;0.0;0.0;37.5;0.0;4.02;0.0;0.0;0.0;49.27;22.35;0.0;0.0
2022-12-19;0.0;0.25;0.0;7.78;0.0;0.0;0.0;0.0;0.0;0.27;0.02;0.0;0.0;71.97;14.57;0.0;0.0;0.0;0.0;15.82;0.0;0.0;0.0;65.23;0.0;0.0;62.98;0.0;1.38;1.95;0.0;0.0;0.0;0.0;0.0;0.0;55.6;31.12;0.0;0.0
2022-12-20;0.0;0.0;0.0;6.38;0.0;0.0;6.38;0.0;0.0;0.35;0.05;3.08;0.0;87.22;0.03;0.0;0.0;0.82;0.0;18.27;0.0;0.0;0.0;2.28;0.0;0.0;22.75;0.0;0.0;0.0;0.0;0.0;0.0;6.9;0.0;0.0;59.77;47.92;0.0;0.0
2022-12-21;0.0;0.0;0.5;14.55;0.18;0.0;6.23;0.0;0.0;0.68;6.28;1.43;0.0;65.73;0.0;0.0;0.0;0.0;0.0;18.33;0.0;0.0;0.0;0.13;0.0;0.0;52.6;0.0;2.28;0.0;17.42;0.0;0.17;9.13;0.0;0.0;43.33;97.48;0.0;0.0
2022-12-22;0.0;0.12;0.0;13.4;0.0;0.0;1.83;0.0;0.5;0.23;0.22;0.85;0.0;156.72;1.73;0.0;5.08;0.0;0.0;12.77;0.0;0.0;0.0;0.85;0.6;0.0;29.18;0.0;1.4;0.0;1.67;0.0;0.0;24.57;0.0;0.0;40.45;13.88;0.0;0.0
2022-12-23;0.0;0.08;0.0;6.3;0.0;0.0;0.67;0.0;0.0;0.08;0.0;0.0;0.0;101.68;0.72;0.0;13.15;0.35;0.0;12.78;0.0;0.0;0.0;3.27;0.0;0.0;14.85;0.0;0.63;0.0;0.0;0.0;0.53;24.1;0.0;0.0;35.47;49.65;0.0;0.0
2022-12-24;0.0;0.0;0.0;3.5;0.0;0.0;3.27;0.0;0.0;1.15;0.27;0.4;0.0;85.7;3.88;0.32;0.32;2.7;0.0;26.67;0.0;0.0;0.0;2.03;2.98;0.0;15.42;0.0;0.5;0.0;0.95;0.0;0.0;7.38;0.0;0.0;62.22;48.0;0.0;0.0
2022-12-25;0.0;0.0;0.38;14.82;0.0;0.0;0.0;0.0;0.0;1.1;0.17;0.63;0.0;51.3;0.0;0.57;0.0;0.13;0.0;22.63;0.0;0.0;0.0;0.0;0.65;0.0;21.42;0.0;0.02;0.0;0.0;0.0;0.47;10.85;0.0;0.0;81.82;22.28;0.0;0.0
2022-12-26;0.0;0.0;0.0;26.27;0.0;0.0;5.18;0.0;0.22;0.13;0.12;0.48;0.0;89.42;12.85;0.77;1.72;0.0;0.0;16.53;0.0;0.0;0.0;0.08;0.07;0.0;74.83;0.0;0.0;0.0;0.97;0.0;0.0;42.97;0.0;0.0;80.53;49.18;0.0;0.0
2022-12-27;0.0;0.0;0.0;7.78;0.0;0.0;8.25;0.0;0.0;0.15;0.07;1.0;0.0;28.8;5.73;9.07;0.0;2.6;0.0;18.2;0.0;3.53;0.0;0.0;1.72;0.0;55.7;0.0;1.75;0.0;0.42;0.0;0.0;33.28;0.0;0.0;109.72;64.3;0.0;0.0
2022-12-28;0.0;0.0;0.0;13.02;0.0;0.0;7.47;0.0;0.0;1.07;0.18;0.88;0.0;39.1;2.32;23.43;0.85;0.52;0.0;36.57;0.0;3.18;0.0;1.15;2.92;0.0;10.87;0.0;0.0;0.0;2.55;0.0;0.0;21.87;0.0;0.0;128.38;40.55;0.0;0.0
2022-12-29;0.0;0.0;0.25;20.95;0.0;0.0;0.73;0.0;0.2;0.48;0.0;0.78;0.0;75.2;0.87;1.28;0.0;0.5;0.0;20.2;0.0;5.62;0.0;7.4;2.5;0.0;9.4;0.0;1.47;0.0;0.08;0.0;0.0;43.85;0.0;0.0;70.47;11.03;0.0;0.0
2022-12-30;0.0;0.0;0.0;37.12;0.0;0.0;7.72;0.0;0.0;0.3;0.02;0.0;0.0;173.77;3.25;9.6;0.65;1.92;0.0;17.2;0.0;6.27;0.0;0.0;0.2;0.0;36.13;0.0;0.33;0.0;0.0;0.0;0.0;77.03;0.0;0.0;40.2;35.17;0.0;0.0
2022-12-31;0.0;0.28;0.13;1.37;0.0;0.0;0.0;0.0;0.0;0.08;0.02;0.0;0.0;45.22;0.1;1.1;0.0;0.77;0.0;19.95;0.0;0.0;0.0;1.17;0.02;0.0;4.77;0.0;0.0;0.0;0.53;0.0;5.42;3.5;0.0;0.0;77.53;21.07;0.0;0.0
2023-01-01;0.0;0.88;0.0;4.55;0.02;0.0;4.68;0.0;0.0;0.6;0.15;0.0;0.0;94.58;0.0;7.93;0.0;0.0;0.0;18.73;0.0;6.9;0.0;2.17;0.02;0.0;81.93;0.0;0.0;0.0;0.48;0.0;1.18;10.5;0.0;0.0;131.02;185.28;0.0;0.0
2023-01-02;0.0;1.0;0.07;26.25;0.0;0.0;2.03;0.65;2.42;0.05;0.02;0.0;0.0;36.7;5.05;6.62;0.0;0.53;0.0;18.45;0.0;10.87;0.0;5.4;1.88;0.0;13.8;0.0;0.0;0.0;0.0;0.0;2.08;26.5;0.0;0.0;35.05;37.35;0.0;0.0
2023-01-03;0.0;0.0;0.0;2.65;0.0;0.0;0.47;0.0;0.0;0.57;0.0;0.0;0.0;31.28;0.77;0.0;25.65;0.0;0.0;10.35;0.0;3.8;0.0;4.38;0.4;0.0;1.43;0.0;0.0;0.0;0.0;0.0;2.1;31.53;0.0;0.0;22.65;38.18;0.0;0.0
2023-01-04;0.0;0.6;0.2;55.02;0.0;0.0;3.88;1.2;0.97;0.93;0.08;0.98;0.0;68.0;78.2;10.32;19.58;0.0;0.0;14.93;0.0;5.02;0.0;4.83;2.18;0.0;6.65;0.0;5.28;0.0;0.0;0.0;1.2;76.4;0.0;0.0;48.4;140.1;0.0;0.0
2023-01-05;0.0;0.45;0.98;27.4;0.55;0.0;22.43;7.93;2.87;0.15;0.03;1.97;0.0;118.03;68.17;1.22;25.12;1.1;0.0;13.17;0.0;7.02;0.0;13.62;0.13;0.0;34.85;0.0;2.1;0.0;1.43;0.0;0.0;44.37;0.0;0.0;23.63;80.07;0.0;0.0
2023-01-06;0.0;0.0;0.02;10.0;0.2;0.0;8.15;0.0;0.0;0.72;0.08;0.3;0.0;101.38;30.42;3.63;2.88;0.38;0.0;18.63;0.0;4.07;0.0;2.68;0.67;0.0;0.95;0.0;0.15;0.0;2.2;0.0;5.78;25.33;0.0;0.0;33.43;154.15;0.0;0.0
2023-01-07;0.0;1.2;0.0;24.93;0.0;0.0;2.5;1.05;0.0;3.28;0.27;0.13;0.0;21.12;5.92;7.62;3.45;1.83;0.0;26.23;0.0;2.4;0.0;0.83;26.37;0.0;0.0;0.0;0.43;0.0;0.0;0.0;1.28;9.07;0.0;0.0;93.38;12.37;0.0;0.0
2023-01-08;0.0;0.93;0.02;14.27;0.0;0.0;7.8;0.0;0.53;1.85;2.97;0.22;0.0;66.1;21.55;1.33;0.0;13.17;0.0;36.75;0.0;3.32;0.0;8.7;8.62;0.0;79.08;0.0;0.0;0.0;0.08;0.0;7.12;26.67;0.0;0.0;57.27;9.8;0.0;0.0
2023-01-09;0.0;0.1;0.0;10.75;0.0;0.0;10.25;0.0;0.25;0.7;0.0;0.0;0.0;108.08;10.27;0.0;0.0;5.75;0.0;14.47;0.0;2.32;0.0;6.02;0.85;0.0;11.13;0.0;5.97;0.0;0.02;0.0;2.12;19.53;0.0;0.0;137.88;82.03;0.0;0.0
2023-01-10;0.0;1.0;0.35;19.65;0.0;0.0;7.42;0.0;0.68;1.27;0.0;0.2;0.0;108.9;2.15;10.07;0.42;0.35;0.0;23.8;0.0;0.0;0.0;0.35;1.77;0.0;11.15;0.0;1.45;0.0;0.0;0.0;0.17;4.75;0.0;0.0;98.42;13.77;0.0;0.0
2023-01-11;0.0;0.72;0.0;1.55;0.08;0.0;3.6;0.0;0.0;1.05;0.17;0.07;0.0;40.03;8.3;0.0;1.3;2.27;0.0;14.3;0.0;0.0;0.0;0.88;1.93;0.0;0.32;0.0;1.3;7.25;0.0;0.0;0.0;2.08;0.0;0.0;90.43;0.23;0.0;0.0
2023-01-12;0.0;0.0;2.13;19.23;0.0;0.0;2.48;0.0;1.42;0.02;0.05;1.22;1.47;21.05;11.77;0.0;0.0;17.27;0.0;19.52;0.0;0.02;0.0;0.02;0.47;0.0;4.62;0.0;6.63;0.0;0.0;0.0;1.87;4.58;0.0;0.0;35.78;0.57;0.0;0.0
2023-01-13;0.0;0.45;0.0;1.82;1.72;0.0;0.0;0.0;0.0;0.15;0.07;0.57;0.0;69.75;1.4;0.0;0.0;0.0;0.0;18.63;0.0;0.0;0.0;1.37;0.17;0.0;3.35;0.0;0.38;1.33;0.1;0.0;17.82;4.57;0.0;0.0;54.08;55.35;0.0;0.0
2023-01-14;0.0;0.0;0.0;8.33;0.73;0.0;0.03;0.0;0.0;0.0;0.0;0.0;0.0;17.32;8.67;0.0;0.0;0.0;0.0;9.6;0.0;0.0;0.0;0.0;0.13;0.0;0.0;0.0;0.37;0.0;0.0;0.0;4.18;8.82;0.0;0.0;29.63;1.47;0.0;0.0
2023-01-15;0.0;0.0;0.0;9.7;0.0;0.0;0.0;0.0;0.0;0.07;0.07;0.02;0.0;0.93;4.92;0.0;0.0;19.38;0.0;10.8;0.0;0.0;0.0;0.0;0.12;0.0;0.18;0.0;0.95;0.12;0.0;0.0;0.0;2.88;0.0;0.0;105.35;83.25;0.0;0.0
2023-01-16;0.0;0.0;0.0;1.85;0.0;0.0;0.0;0.0;0.0;0.07;0.0;0.0;0.0;0.0;6.0;0.0;4.15;16.08;0.0;8.12;0.0;0.0;0.0;0.3;0.0;0.0;0.0;0.0;0.0;1.0;0.0;0.0;2.62;18.63;0.0;0.0;84.4;6.93;0.0;0.0
2023-01-17;0.0;0.0;0.42;47.07;0.78;0.0;0.0;0.0;0.0;0.75;0.05;0.0;0.0;0.0;44.57;0.0;0.0;0.0;0.0;15.02;0.0;0.0;0.0;3.65;0.43;0.0;16.77;0.0;7.75;0.0;0.0;0.0;0.0;24.87;0.0;0.0;157.47;17.62;0.0;0.0
2023-01-18;0.0;0.18;0.3;15.23;0.32;0.0;0.0;0.0;1.38;0.2;0.0;1.25;0.0;0.0;39.22;0.0;0.0;1.52;0.0;19.92;0.0;0.0;0.0;1.55;0.57;0.0;17.15;0.0;1.92;26.95;0.0;0.0;0.0;8.15;0.0;0.0;89.38;132.02;0.0;0.0
2023-01-19;0.0;7.47;0.17;13.2;1.28;0.0;0.52;0.13;1.48;0.0;0.43;6.77;0.0;0.0;6.83;0.0;1.68;1.22;0.0;16.68;0.0;0.83;0.0;0.0;1.03;0.0;16.15;0.0;1.32;3.95;0.0;0.0;1.45;1.68;0.0;0.0;149.75;39.12;0.0;0.0
2023-01-20;0.0;3.75;0.0;11.32;0.0;0.0;0.0;4.62;0.0;0.0;0.0;0.0;0.0;0.0;8.75;3.87;0.0;0.0;0.0;9.25;0.0;0.0;0.0;0.65;0.0;0.0;0.0;0.0;0.0;0.52;0.0;0.0;2.33;12.58;0.0;0.0;75.02;16.35;0.0;0.0
2023-01-21;9.13;1.0;0.0;6.88;1.37;0.0;0.0;0.0;1.05;0.1;0.0;0.88;0.0;0.0;3.58;0.0;22.73;0.0;0.0;19.47;0.0;0.0;0.0;0.73;0.1;0.0;34.12;0.0;1.72;0.0;0.0;0.0;8.7;4.07;0.0;0.0;57.37;43.07;0.0;0.0
2023-01-22;0.0;0.0;0.0;1.1;0.0;0.0;0.0;2.57;0.0;0.25;0.0;0.0;0.0;0.0;6.13;0.0;12.22;0.0;0.0;9.0;0.0;0.0;0.0;0.55;3.88;0.0;87.55;0.0;3.27;0.0;0.0;0.0;1.77;38.55;0.0;0.0;28.43;120.35;0.0;0.0
2023-01-23;0.0;0.0;0.0;30.85;0.32;0.0;1.42;2.05;3.8;0.28;5.15;0.2;0.0;0.0;56.75;0.0;0.5;0.0;0.0;9.02;0.0;4.53;0.0;0.0;0.4;0.0;36.65;0.0;0.68;0.67;0.0;0.0;1.48;14.55;0.0;0.0;65.9;58.37;0.0;0.0
2023-01-24;0.0;0.0;0.0;8.02;1.02;0.0;3.22;1.35;0.75;0.05;0.0;1.9;0.0;0.0;9.47;0.0;15.02;0.0;0.0;9.05;0.0;0.0;0.0;1.03;0.33;0.0;20.85;0.0;3.1;0.0;0.0;0.0;2.97;15.05;0.0;0.0;84.5;96.82;0.0;0.0
2023-01-25;0.0;0.0;0.0;37.22;0.9;0.0;0.0;0.43;0.52;0.05;0.0;2.15;0.0;0.0;12.07;0.0;0.0;0.0;0.0;14.23;0.0;0.0;0.0;1.75;0.88;0.0;13.08;0.0;0.42;0.0;0.0;0.0;1.8;15.62;0.0;5.67;65.45;72.33;0.0;0.0
2023-01-26;2.17;0.07;0.0;48.22;0.0;0.0;16.63;0.5;0.75;0.58;0.0;0.37;0.0;0.0;5.67;0.17;0.0;0.0;0.0;16.23;0.0;0.0;0.0;0.62;0.15;0.0;27.2;0.0;1.7;0.0;0.0;0.0;4.88;7.2;0.0;0.0;54.23;80.12;0.0;0.0
2023-01-27;0.0;0.0;0.0;36.87;0.0;0.0;0.28;0.0;0.28;0.53;0.0;0.0;0.0;0.0;45.62;7.07;5.93;2.73;0.0;8.82;0.0;0.73;0.0;29.62;0.07;0.0;9.27;0.0;0.85;6.38;0.0;0.0;3.9;34.52;0.0;0.0;71.88;84.42;0.0;0.0
2023-01-28;0.0;0.0;0.0;14.28;1.95;0.0;0.0;0.48;0.0;2.22;0.0;0.43;58.75;0.0;5.23;0.0;1.02;0.0;0.0;13.43;0.0;0.0;0.0;0.0;0.63;0.0;17.88;0.0;0.65;0.0;0.0;0.0;0.25;1.3;0.0;0.0;102.03;90.97;0.0;0.0
2023-01-29;0.07;0.5;0.0;9.25;0.0;0.0;0.28;0.0;0.0;0.53;0.0;0.27;58.9;0.0;3.72;0.0;8.6;0.0;0.0;9.57;0.0;0.0;0.0;0.87;0.2;0.0;39.13;0.0;0.62;0.0;0.0;0.0;2.83;13.63;0.0;0.0;68.22;76.03;0.0;0.0
2023-01-30;0.0;0.07;0.0;10.85;1.63;0.0;0.02;0.0;0.47;1.05;0.0;0.95;0.0;0.0;4.32;0.0;4.75;0.0;0.0;10.33;0.0;0.0;0.0;3.62;0.05;0.0;23.18;0.0;1.92;0.0;0.0;0.0;11.6;18.05;0.0;0.0;149.52;52.43;0.0;0.0
2023-01-31;7.73;0.32;0.0;8.33;0.8;0.0;0.0;0.65;5.67;2.58;0.0;0.0;31.52;0.0;2.37;11.9;0.0;0.83;0.0;14.8;0.0;0.0;0.0;0.58;1.1;0.0;1.87;0.0;0.98;0.0;0.0;0.0;2.83;8.52;0.0;0.0;100.7;77.2;0.0;0.0
2023-02-01;0.0;5.48;0.82;29.38;1.13;0.0;0.0;2.47;3.85;0.0;0.0;0.33;14.8;0.0;1.95;0.0;0.0;3.7;0.0;14.7;0.0;0.0;0.0;4.18;2.0;0.0;49.47;0.0;3.05;0.63;0.0;0.0;1.68;5.8;0.0;0.0;103.82;61.23;0.0;0.0
2023-02-02;2.7;7.23;0.28;13.78;0.18;0.0;0.27;2.58;1.62;0.12;0.0;0.0;48.93;0.0;0.1;0.0;0.15;4.95;0.0;14.27;0.0;0.0;0.0;4.22;0.03;0.0;11.2;0.0;2.27;0.0;0.0;0.0;7.6;2.18;0.0;0.0;104.82;67.45;0.0;0.0
2023-02-03;0.0;0.0;0.0;14.3;0.25;0.0;0.02;1.18;0.87;0.92;0.08;0.0;0.15;0.0;14.42;0.0;0.0;0.63;0.0;11.32;0.0;0.0;0.0;0.0;0.1;0.0;1.7;0.0;0.0;0.0;0.0;0.0;0.93;6.63;0.0;0.0;72.72;84.73;0.0;0.0
2023-02-04;0.0;0.0;0.0;29.63;0.73;0.0;0.0;0.0;2.07;0.2;0.05;1.77;40.97;0.0;11.47;0.0;0.12;0.0;0.0;10.28;0.0;0.0;0.0;2.62;0.0;0.0;14.4;0.0;0.0;0.0;0.0;0.0;0.55;19.97;0.0;0.0;38.63;68.57;0.0;0.0
2023-02-05;0.0;0.0;1.95;21.15;0.0;0.0;8.3;0.2;0.0;0.08;0.0;2.27;28.65;0.0;7.72;0.0;0.0;0.0;0.0;9.93;0.0;0.0;0.0;3.13;0.0;0.0;22.4;0.0;1.45;0.0;0.0;0.0;0.88;3.33;0.0;0.0;76.12;143.57;0.0;0.0
2023-02-06;8.08;1.02;5.38;17.73;1.53;0.0;4.63;7.68;2.67;0.47;0.03;1.68;0.0;9.83;6.55;4.23;18.02;6.57;0.0;19.72;0.0;0.0;0.0;0.0;0.43;0.0;20.67;0.0;3.25;1.63;0.0;0.0;2.43;9.65;0.0;0.0;102.7;16.2;0.0;0.0
2023-02-07;0.0;1.03;4.48;10.63;2.42;0.0;0.18;3.07;61.15;0.1;0.0;0.0;0.0;36.37;6.2;0.47;5.67;1.65;0.0;18.27;0.0;0.0;0.0;0.0;0.15;0.0;1.77;0.0;2.45;0.0;0.0;0.0;0.05;13.28;0.0;0.0;56.63;28.13;0.0;0.0
2023-02-08;0.0;0.0;1.72;4.45;0.53;0.0;0.0;2.28;0.43;0.07;0.0;0.17;0.0;26.6;6.07;0.0;0.0;0.72;0.0;13.83;0.0;0.0;0.0;0.37;0.32;0.0;11.97;0.0;6.22;0.0;0.0;0.0;0.0;16.47;0.0;0.0;102.33;38.45;0.0;0.0
2023-02-09;1.4;0.33;2.97;24.85;0.98;0.0;0.0;1.75;65.7;0.1;7.9;0.73;0.0;38.68;6.55;3.27;0.0;1.2;0.0;18.22;0.0;2.72;10.57;1.9;0.08;0.0;23.57;0.95;4.18;0.0;0.0;0.0;0.93;6.87;0.0;0.0;54.32;14.02;0.0;0.0
2023-02-10;0.0;0.0;0.33;1.8;2.43;0.0;3.48;24.92;1.1;0.07;0.13;0.0;0.0;39.88;1.33;0.0;9.55;1.2;0.0;12.98;0.0;0.67;0.0;0.68;0.57;0.0;0.88;0.0;1.15;0.0;0.0;0.0;0.22;6.52;0.0;0.0;37.95;23.75;0.0;0.0
2023-02-11;0.0;0.08;0.55;12.17;1.35;0.0;0.0;0.0;0.0;0.18;0.02;0.2;2.55;76.32;2.93;2.33;0.02;5.7;0.0;18.75;0.0;0.0;3.0;0.6;0.1;0.0;4.15;0.0;1.5;0.0;0.0;0.0;1.85;3.37;0.0;0.0;65.67;66.63;0.0;0.0
2023-02-12;0.35;0.0;0.0;10.95;0.32;0.0;0.02;1.27;2.5;0.12;0.0;0.03;2.63;72.13;1.55;1.58;0.0;2.17;0.0;11.35;0.0;0.57;1.32;33.07;0.05;0.0;0.0;0.0;3.53;0.0;0.0;0.0;0.0;1.4;0.0;0.0;67.33;33.73;0.0;0.0
2023-02-13;0.0;0.0;0.08;0.78;0.53;0.0;0.0;0.0;4.72;0.0;0.0;0.57;0.0;25.42;2.12;0.0;0.0;1.92;0.0;10.42;0.0;0.0;0.0;1.3;0.0;0.0;0.0;0.0;1.5;8.3;0.0;0.0;0.0;1.83;0.0;0.0;54.9;20.17;0.0;0.0
2023-02-14;0.0;1.33;1.95;11.05;2.98;0.0;1.68;0.65;55.0;0.9;0.0;0.0;0.0;44.7;0.33;0.95;0.07;0.53;0.0;17.52;0.0;0.0;0.0;1.23;1.35;0.0;7.7;0.0;3.82;0.0;0.0;0.0;0.57;2.87;0.0;0.0;64.02;36.78;0.0;0.0
2023-02-15;0.0;0.05;1.85;5.77;1.43;0.0;0.0;2.02;0.82;0.02;0.0;0.0;0.0;38.75;0.0;0.0;0.0;0.0;0.0;8.92;0.0;0.0;0.48;0.13;0.07;0.0;13.8;0.0;2.2;14.93;0.0;0.0;0.6;3.55;0.0;0.0;61.5;0.0;0.0;0.0
2023-02-16;0.0;0.07;0.38;24.97;1.92;0.0;0.0;0.22;22.33;0.02;0.0;1.12;0.0;41.17;2.23;0.0;0.0;1.65;0.0;13.18;0.0;0.0;1.5;3.03;0.0;0.0;32.1;0.0;0.65;2.88;0.0;0.0;2.48;2.58;0.0;0.0;54.03;26.82;0.0;0.0
2023-02-17;0.0;1.15;0.17;13.62;2.22;0.0;0.82;0.1;3.02;0.1;0.05;0.0;0.0;39.0;0.0;0.0;0.0;0.0;0.0;13.32;0.0;0.0;7.07;7.52;0.18;0.0;30.6;0.0;3.48;24.78;0.0;0.0;0.0;3.37;0.0;0.0;43.33;7.67;0.0;0.0
2023-02-18;0.0;0.0;0.0;3.67;0.52;0.0;0.0;0.0;1.03;0.2;0.02;0.08;48.37;11.4;0.37;1.97;0.0;1.45;0.0;10.58;0.0;0.58;0.0;0.0;0.0;0.0;20.28;0.0;1.17;0.0;0.0;0.0;0.0;6.52;0.0;0.0;38.8;77.77;0.0;0.0
2023-02-19;0.0;0.0;0.0;5.87;0.0;0.0;0.0;0.63;0.75;0.3;0.0;0.62;54.32;0.0;0.28;0.0;0.0;0.0;0.0;7.88;0.0;0.0;0.0;0.83;0.02;0.0;26.15;1.33;0.02;0.0;0.0;0.0;1.28;5.07;0.0;0.0;58.25;68.08;0.0;0.0
2023-02-20;0.0;2.62;0.62;30.0;0.92;0.0;0.0;17.85;2.38;0.2;0.0;1.75;0.0;7.63;0.0;0.0;0.0;0.5;0.0;11.77;0.0;0.0;0.0;4.92;1.28;0.0;9.27;0.0;7.83;5.47;0.0;0.0;0.53;4.18;0.0;0.0;87.27;6.77;0.0;0.0
2023-02-21;0.0;4.15;2.72;35.47;2.08;0.0;0.0;60.52;13.67;1.67;0.0;0.0;0.0;52.53;0.0;0.0;0.37;1.38;0.0;21.22;0.0;0.0;16.07;18.4;14.93;0.0;21.35;0.0;0.77;0.0;0.0;0.0;0.0;6.42;0.0;0.0;120.58;35.2;0.0;0.0
2023-02-22;0.0;1.17;0.6;5.73;1.2;0.0;0.0;0.0;4.17;0.0;0.0;0.1;0.0;19.1;0.68;0.0;0.0;4.82;0.0;14.55;0.0;0.0;0.33;4.57;0.43;0.0;23.18;0.0;2.82;157.98;0.0;0.0;0.9;16.57;0.0;0.0;112.03;21.45;0.0;97.52
2023-02-23;0.0;0.0;0.25;4.63;0.95;0.0;0.0;0.53;3.47;1.27;0.0;0.85;0.0;14.47;0.0;0.0;0.0;3.82;13.25;14.6;0.0;0.0;0.8;0.3;1.98;0.0;0.6;0.0;4.8;2.77;0.0;0.0;2.6;0.08;0.0;0.0;66.37;0.0;0.0;0.0
2023-02-24;0.0;6.17;1.18;16.07;10.78;0.0;0.0;0.0;2.03;1.82;0.0;5.35;0.0;51.58;0.0;0.0;0.0;6.6;10.57;17.7;0.0;0.0;0.23;10.43;1.37;0.0;8.45;0.0;3.53;26.9;0.0;0.0;0.8;1.67;0.0;0.0;90.78;1.4;0.0;0.0
2023-02-25;0.0;0.82;1.52;7.7;0.42;0.0;0.15;1.92;0.52;0.0;0.0;0.97;15.0;56.63;0.0;0.0;0.0;0.0;2.53;12.27;0.0;0.0;0.0;4.57;7.93;0.0;7.97;0.0;1.48;0.0;0.0;0.0;0.38;2.67;0.0;0.0;52.05;33.02;0.0;0.0
2023-02-26;0.0;0.0;0.43;0.35;0.27;0.0;0.0;0.0;0.67;0.05;0.0;0.03;60.38;47.02;0.0;0.0;0.0;0.73;0.0;8.57;0.0;0.0;2.6;16.45;0.83;0.0;20.72;0.0;3.45;0.0;0.0;0.0;0.0;0.2;0.0;0.0;100.28;18.47;0.0;0.0
2023-02-27;0.0;0.0;0.67;14.53;1.45;0.0;0.0;0.6;1.23;3.77;0.0;0.0;0.0;15.55;0.0;0.0;0.0;0.65;4.43;10.67;0.0;0.0;3.0;3.9;0.75;0.0;23.48;0.0;2.37;29.95;0.0;0.0;0.0;2.28;0.0;0.0;69.88;18.88;0.0;0.0
2023-02-28;0.0;0.0;8.35;11.0;1.12;0.0;0.0;0.0;9.58;0.58;0.0;0.0;0.0;35.97;0.0;0.0;0.0;2.77;2.73;13.87;0.0;0.0;8.72;0.37;0.08;0.0;0.0;0.0;3.97;0.0;0.0;0.0;8.4;5.15;0.0;0.0;105.22;4.83;0.0;0.0
2023-03-01;0.0;15.98;2.73;6.1;1.05;0.0;0.0;2.03;1.32;0.0;0.0;0.05;0.0;14.47;0.0;4.0;0.0;0.0;45.62;10.73;0.0;0.0;0.0;0.62;0.12;0.0;7.78;0.0;1.03;25.82;0.0;0.0;0.0;0.0;0.0;0.0;54.18;11.38;0.0;0.0
2023-03-02;0.0;0.0;1.65;10.85;1.85;0.0;0.0;4.45;39.9;6.75;0.0;0.23;0.0;35.1;0.35;1.05;0.0;3.63;1.78;10.45;0.0;1.85;1.08;0.0;0.0;0.0;0.0;0.0;1.12;0.0;0.0;0.0;2.7;2.43;0.0;0.0;109.2;14.25;0.0;0.0
2023-03-03;0.0;8.03;0.95;12.92;0.67;0.0;0.0;0.0;0.3;3.83;0.0;0.28;0.0;27.38;0.0;3.73;0.0;1.8;17.62;17.2;0.0;6.53;0.02;1.47;3.07;0.0;0.62;0.0;2.45;59.75;0.0;0.0;0.0;0.0;0.0;0.0;76.48;14.45;0.0;0.0
2023-03-04;0.0;0.55;0.0;11.15;1.68;0.0;0.0;0.0;0.0;0.13;0.03;0.0;0.0;71.38;0.0;0.87;0.0;1.63;0.0;8.88;0.0;0.0;0.0;4.02;0.55;0.0;17.67;0.0;3.58;0.0;0.0;0.0;0.0;4.08;0.0;0.0;83.18;28.77;0.0;0.0
2023-03-05;0.45;0.5;1.0;26.55;0.03;0.0;0.0;0.0;1.03;0.43;0.0;7.85;0.0;47.12;0.0;7.47;0.0;1.53;0.0;7.45;0.0;0.0;4.17;9.4;0.0;0.0;13.12;0.0;1.38;0.0;0.0;0.0;0.0;0.0;0.0;0.0;64.82;105.28;0.0;0.0
2023-03-06;0.0;0.1;2.53;4.23;1.68;0.0;0.0;0.0;1.27;1.13;0.0;0.03;0.0;22.08;0.0;0.0;0.0;2.25;0.0;8.37;0.0;0.15;0.0;0.18;0.03;0.0;2.32;0.0;11.48;21.03;0.0;0.0;0.0;2.7;0.0;0.0;62.18;24.98;0.0;0.0
2023-03-07;0.0;32.95;0.32;13.28;0.83;0.0;0.0;0.28;25.3;0.25;0.0;0.05;0.0;28.03;0.0;0.0;0.0;4.33;50.07;17.03;0.0;0.0;1.08;1.33;2.68;0.0;0.0;0.0;5.55;0.0;0.0;0.0;0.0;0.0;0.0;0.0;91.4;18.83;0.0;26.48
2023-03-08;0.0;0.28;0.93;1.85;6.35;0.0;0.0;0.03;0.47;2.17;0.0;0.0;6.13;33.52;0.85;0.0;0.0;9.97;8.12;12.6;0.0;0.0;0.0;0.0;1.43;0.0;6.83;0.0;2.4;10.65;0.0;0.0;3.2;0.67;0.0;0.0;54.68;48.38;0.0;0.0
2023-03-09;0.0;0.0;0.0;2.42;1.42;0.0;0.0;0.2;0.68;0.05;0.0;0.0;0.0;47.78;1.45;0.0;0.0;0.62;0.0;6.47;0.0;0.0;0.0;10.05;1.62;0.0;0.0;0.0;0.83;0.0;0.0;0.0;0.0;0.0;0.0;0.0;52.1;26.4;0.0;0.0
2023-03-10;0.0;0.47;4.9;16.72;2.03;0.0;0.0;0.0;3.15;0.18;0.0;0.0;0.0;32.38;0.12;0.0;0.0;1.17;39.62;13.18;0.0;0.0;0.0;0.0;0.63;0.0;14.13;0.0;6.42;0.0;0.0;0.0;0.0;5.63;0.0;0.0;76.32;14.9;0.0;0.0
2023-03-11;0.0;0.15;0.0;5.65;0.97;0.0;0.0;0.0;0.0;1.03;0.0;1.03;0.0;51.75;0.0;0.48;0.0;0.78;0.0;23.75;0.0;0.0;0.0;4.05;0.35;0.0;27.52;0.0;0.0;1.0;0.0;0.0;1.78;3.48;0.0;0.0;63.45;58.43;0.0;0.0
2023-03-12;0.0;0.0;1.38;2.52;1.72;0.0;0.0;0.0;0.0;0.18;0.0;0.0;0.0;5.08;0.0;4.63;0.0;1.35;0.0;20.62;0.0;0.0;0.0;5.57;0.73;0.0;0.0;0.0;2.27;0.0;0.0;0.0;0.0;0.0;0.0;0.0;33.8;0.0;0.0;0.0
2023-03-13;0.0;0.1;0.0;36.42;1.03;0.0;0.0;0.6;3.78;3.98;0.0;0.0;0.0;26.1;1.32;2.25;0.0;2.98;49.63;14.63;0.0;0.0;0.0;18.58;1.28;0.0;1.55;0.0;0.0;31.8;0.0;0.0;0.0;0.0;0.0;0.0;70.63;14.58;0.0;0.0
2023-03-14;0.0;0.0;1.02;22.55;1.37;0.0;1.83;0.35;25.98;0.72;0.0;1.42;0.0;44.23;0.0;0.0;0.0;3.65;6.05;14.88;0.0;0.0;0.0;8.65;0.3;0.0;11.97;0.0;4.1;0.0;0.0;0.0;0.0;0.0;0.0;0.0;69.15;38.17;0.0;20.35
2023-03-15;0.1;0.07;0.0;20.32;1.18;0.0;0.0;0.0;0.47;0.17;0.0;0.02;0.0;20.43;0.0;0.0;0.0;0.57;13.7;10.62;0.0;0.0;0.0;7.67;0.42;0.0;8.42;0.0;2.87;34.35;0.0;0.0;0.0;1.95;0.0;0.0;74.05;43.38;0.0;0.0
2023-03-16;0.0;0.57;0.27;6.75;2.25;0.0;0.0;0.0;5.52;0.93;0.0;0.0;0.0;52.28;0.0;3.75;0.0;0.0;0.58;8.97;0.0;0.0;0.0;3.77;0.08;0.0;3.32;0.0;1.6;1.23;0.0;0.0;1.8;1.23;0.0;0.0;61.48;12.9;0.0;0.0
2023-03-17;0.0;0.0;0.25;15.85;1.35;0.0;0.0;0.0;3.25;0.88;0.0;0.0;0.0;28.77;0.0;0.0;0.0;0.47;1.53;10.58;0.0;0.0;0.0;7.32;0.82;0.0;9.5;0.0;3.65;39.48;0.0;0.0;0.0;1.97;0.0;0.0;140.4;12.18;0.0;0.0
2023-03-18;0.85;0.0;0.4;6.83;2.02;0.0;0.0;0.0;0.0;0.52;0.0;0.0;0.0;54.32;4.63;0.0;0.0;0.37;0.0;11.42;0.0;0.0;0.0;0.0;0.17;0.0;1.65;0.0;5.22;1.65;0.0;0.0;1.15;0.25;0.0;0.0;56.62;11.12;0.0;0.0
2023-03-19;0.0;1.47;1.25;5.08;0.0;0.0;0.0;0.0;0.82;0.03;0.0;0.0;0.0;32.45;0.0;0.0;0.23;0.0;0.23;7.38;0.0;0.0;0.0;0.28;0.0;0.0;25.13;7.07;0.0;0.0;0.0;0.0;0.07;0.0;0.0;0.0;42.15;58.1;0.0;0.0
2023-03-20;0.43;9.88;0.87;15.53;0.0;0.0;1.1;0.0;0.0;0.23;0.0;1.15;0.0;61.1;0.0;0.0;0.0;0.0;0.0;5.93;0.0;0.0;0.0;0.0;0.02;0.0;0.0;0.0;2.47;0.0;0.0;0.0;0.0;0.0;0.0;0.0;35.52;57.75;0.0;0.0
2023-03-21;8.17;0.2;1.28;36.32;5.55;0.0;0.0;0.0;4.57;0.23;0.0;0.0;0.0;88.18;0.0;0.0;0.0;0.52;2.68;14.17;0.0;0.0;1.8;0.0;0.23;0.0;0.78;0.05;6.62;1.45;0.0;0.0;0.0;0.0;0.0;0.0;70.6;24.67;0.0;3.62
2023-03-22;7.35;0.05;0.15;9.2;1.47;0.0;0.0;0.0;0.0;0.05;0.0;0.03;0.0;27.83;0.0;0.0;0.0;5.3;0.0;11.45;0.0;0.0;4.82;6.47;1.93;0.0;12.4;0.02;2.92;14.15;0.0;0.0;0.0;0.63;0.0;0.0;66.48;16.57;0.0;0.0
2023-03-23;0.0;0.15;0.7;6.12;0.5;0.0;0.0;0.0;6.67;0.53;0.0;0.0;0.0;49.13;0.0;0.0;0.0;0.58;0.0;11.92;0.0;0.0;0.0;1.85;0.13;0.0;2.85;0.0;0.27;0.0;0.0;0.0;0.0;1.2;0.0;0.0;65.98;8.95;0.0;0.0
2023-03-24;0.0;2.6;0.5;11.78;2.98;0.0;0.0;0.27;1.1;0.0;0.0;0.0;0.0;52.28;2.15;2.23;0.0;1.1;3.0;12.37;0.0;0.0;0.0;1.13;0.17;0.0;0.0;0.0;1.52;43.6;0.0;0.0;0.0;0.0;0.0;0.0;126.73;39.22;0.0;0.0
2023-03-25;0.0;0.68;0.0;11.92;1.9;0.0;0.0;0.0;0.0;0.03;0.0;0.98;0.0;70.95;0.0;34.02;2.18;0.0;0.0;6.43;0.0;0.0;0.0;0.9;1.17;0.0;14.13;0.0;0.0;0.0;0.0;0.0;0.43;0.0;0.0;0.0;44.73;1.67;0.0;0.0
2023-03-26;0.0;0.0;0.0;1.08;1.28;0.0;0.0;0.0;1.23;0.0;0.0;0.0;0.0;19.62;0.0;0.0;0.0;1.28;0.0;4.97;0.0;0.0;0.0;2.13;0.32;0.0;14.17;0.0;1.78;0.0;0.0;0.0;0.0;0.0;0.0;0.0;36.48;0.0;0.0;0.0
2023-03-27;2.83;1.22;2.2;19.43;1.0;0.0;1.88;0.0;6.3;0.32;0.0;0.0;0.0;77.95;8.48;2.4;0.0;0.0;0.0;8.22;0.0;0.0;0.0;0.7;0.0;0.0;1.87;0.0;0.4;0.0;0.0;0.0;0.0;4.32;0.0;0.0;76.65;0.0;0.0;0.0
2023-03-28;0.0;3.67;2.07;28.48;2.02;0.0;0.0;0.0;4.47;1.93;0.0;2.47;0.0;38.33;0.0;0.0;0.0;0.78;0.0;19.07;0.0;0.0;3.88;5.85;0.52;0.0;2.68;0.0;1.32;0.0;0.0;0.0;5.33;0.0;0.0;0.0;148.92;26.5;0.0;0.0
2023-03-29;0.0;14.73;0.0;4.12;1.18;0.0;0.02;0.0;2.5;0.15;0.0;0.0;0.0;84.0;0.13;0.0;0.0;1.33;3.37;13.05;0.0;0.0;0.0;3.53;4.3;0.0;9.3;0.0;2.32;0.0;0.0;0.0;0.0;0.27;0.0;0.0;61.88;7.58;0.0;0.0
2023-03-30;0.0;0.45;1.07;7.33;4.73;0.0;0.0;0.0;5.42;0.52;0.0;0.0;0.0;35.75;2.77;0.0;0.0;1.87;0.0;12.93;0.0;0.0;0.0;2.52;1.27;0.0;8.5;0.0;5.75;0.0;0.0;0.0;1.23;7.25;0.0;0.0;102.25;17.8;0.0;0.0
2023-03-31;0.0;0.97;0.0;23.68;1.2;0.0;0.0;0.0;8.22;3.43;0.0;0.0;0.0;17.45;3.4;6.97;0.0;0.0;9.28;20.03;0.0;0.0;0.0;1.43;1.08;0.0;15.38;0.0;4.78;0.0;0.0;0.0;0.95;0.2;0.0;0.0;67.88;0.0;0.0;0.0
2023-04-01;0.0;0.0;0.0;0.17;2.25;0.0;0.0;0.0;0.0;0.07;0.0;0.67;0.0;19.22;0.0;0.0;0.0;0.0;0.0;22.83;0.0;0.0;0.0;9.23;1.63;0.0;13.98;0.0;1.03;2.48;18.1;0.0;0.98;1.08;0.0;0.0;66.57;0.98;0.0;0.0
2023-04-02;0.0;0.1;0.98;9.78;0.42;0.0;0.0;0.0;0.0;0.23;0.0;0.0;0.0;32.28;0.0;14.43;0.0;0.0;0.0;8.07;0.0;0.0;0.0;4.65;0.5;0.0;0.0;0.0;2.6;0.45;2.47;0.0;2.08;16.1;0.0;0.0;58.27;5.8;0.0;0.0
2023-04-03;0.0;0.0;0.35;16.38;1.2;0.0;0.0;0.0;0.0;0.0;0.0;0.0;0.0;43.78;0.87;2.07;0.0;2.97;0.18;17.17;0.0;0.0;0.0;11.62;1.87;0.0;0.0;0.0;0.1;0.0;3.68;0.0;0.0;0.82;0.0;0.0;61.27;20.98;0.0;0.0
2023-04-04;0.0;14.5;0.0;12.38;1.97;0.0;0.95;0.0;1.4;0.53;0.0;0.02;0.0;78.58;32.05;8.02;0.0;2.7;1.05;22.1;0.0;0.0;0.0;4.02;0.07;0.0;2.18;0.0;3.68;0.0;6.78;0.0;3.73;0.0;0.0;0.0;89.3;28.52;0.0;0.0
2023-04-05;0.0;0.0;0.0;3.07;2.18;0.0;1.93;0.0;0.85;1.82;0.0;1.25;0.0;35.75;7.33;0.0;0.0;0.53;0.0;10.28;0.0;0.0;0.0;1.85;0.48;0.0;0.0;0.0;1.78;0.0;0.0;0.0;0.85;2.03;0.0;0.0;47.13;0.07;0.0;0.0
2023-04-06;0.0;0.07;0.0;9.72;0.15;0.0;0.0;1.88;1.2;0.08;0.0;0.0;38.17;84.75;23.02;0.0;0.0;0.0;0.0;6.83;0.0;0.0;0.0;1.32;0.03;0.0;29.4;0.0;1.97;0.0;0.0;0.0;1.63;0.0;0.0;0.0;62.18;82.58;0.0;0.0
2023-04-07;0.0;2.88;0.0;15.78;0.0;0.0;0.0;0.0;0.18;0.12;0.0;0.05;0.0;61.62;5.25;0.0;11.42;0.0;11.95;15.7;0.0;0.0;0.0;64.83;0.0;0.0;2.53;0.0;3.6;0.0;0.17;0.0;0.0;2.38;0.0;0.0;53.92;37.93;0.0;0.0
2023-04-08;0.0;0.38;0.0;8.12;0.62;0.0;0.0;0.0;0.0;0.1;0.0;0.43;0.0;29.35;15.5;29.88;0.0;0.0;0.0;17.33;0.0;0.0;0.0;1.23;0.13;0.0;0.0;0.0;0.13;0.0;0.0;0.0;3.53;0.0;0.0;0.0;86.13;0.0;0.0;0.0
2023-04-09;0.0;0.0;0.0;9.5;0.0;0.0;0.0;0.0;4.03;0.12;0.0;0.0;0.0;69.25;6.18;0.0;0.0;0.0;0.0;12.72;0.0;0.0;0.0;22.02;0.42;0.0;0.0;0.0;1.3;0.0;0.0;0.0;8.1;2.27;0.0;0.0;90.97;10.58;0.0;0.0
2023-04-10;0.0;0.12;0.13;7.23;0.95;0.0;0.0;0.0;2.1;3.8;0.0;0.0;0.0;81.25;5.98;0.0;0.0;0.77;26.88;16.75;0.0;0.0;0.0;2.5;0.6;0.0;1.65;0.0;7.78;26.0;0.0;0.0;3.2;0.02;0.0;0.0;104.72;17.38;0.0;0.0
2023-04-11;0.0;0.0;0.2;39.37;2.75;0.0;0.0;0.0;7.58;0.12;0.0;0.7;0.0;115.42;0.0;0.0;0.0;0.0;7.5;12.15;0.0;0.0;0.0;15.78;0.48;0.0;0.82;0.0;1.3;0.0;0.0;0.0;1.67;0.0;0.0;0.0;67.63;0.0;0.0;0.0
2023-04-12;0.0;0.0;0.0;11.92;0.97;0.0;0.0;0.0;0.35;0.17;0.0;0.4;0.0;51.23;3.35;0.0;0.0;0.0;2.1;10.85;0.0;0.0;0.82;1.55;0.05;0.0;12.85;0.0;2.32;30.17;0.0;0.0;0.62;1.02;0.0;0.0;67.07;39.53;0.0;0.0
2023-04-13;0.0;0.17;0.22;23.12;1.22;0.0;0.0;0.0;4.6;0.68;0.0;0.0;0.0;87.25;0.83;0.0;0.0;0.98;27.1;12.9;0.0;0.0;3.88;0.33;0.18;0.0;22.42;0.0;0.67;0.0;0.0;0.0;0.0;0.0;0.0;0.0;71.15;15.43;0.0;0.0
2023-04-14;0.53;0.0;0.0;28.05;5.83;0.0;0.0;0.0;1.37;0.43;0.0;0.0;0.0;80.92;0.0;0.0;0.0;0.0;0.75;10.52;0.0;0.0;4.8;1.3;0.07;0.0;2.73;0.0;0.98;0.0;0.0;0.0;0.0;1.32;0.0;0.0;60.62;8.55;0.0;0.0
2023-04-15;0.0;0.08;0.0;1.57;0.72;0.0;0.0;0.28;1.1;0.0;0.0;0.0;0.0;96.4;0.0;0.0;0.0;0.0;0.0;5.77;0.0;0.0;0.0;1.22;0.0;0.0;9.62;0.0;1.05;0.0;0.0;0.0;0.0;0.0;0.0;0.0;33.95;0.0;0.0;0.0
2023-04-16;0.0;0.67;0.0;15.63;0.0;0.0;0.0;0.0;0.0;0.1;0.0;0.0;0.0;125.03;0.0;5.5;0.0;0.0;0.0;8.07;0.0;0.0;0.0;0.0;0.15;0.0;35.93;0.0;1.78;0.0;0.0;0.0;1.55;0.0;0.0;0.0;83.95;2.57;0.0;0.0
2023-04-17;0.12;0.35;3.22;9.62;1.8;0.0;0.0;0.0;0.37;0.07;0.0;0.33;0.0;77.62;1.58;0.0;0.0;0.0;0.0;18.17;0.0;0.0;4.85;1.72;0.17;0.0;7.27;0.0;3.1;5.97;0.0;0.0;3.2;0.93;0.0;0.0;103.63;21.92;0.0;0.0
2023-04-18;7.37;0.13;0.8;44.9;2.22;0.0;0.0;0.0;14.58;0.07;0.0;0.38;0.0;52.57;1.02;0.0;0.0;0.0;1.25;14.32;0.0;0.0;0.0;33.28;2.97;0.0;2.57;0.0;0.85;0.0;0.0;0.0;4.1;3.63;0.0;0.0;116.17;5.37;0.0;0.0
2023-04-19;0.0;1.55;0.2;6.82;0.6;0.0;0.0;0.0;0.43;0.37;0.0;0.0;0.0;107.88;0.0;0.0;0.0;0.0;14.45;8.6;0.0;2.42;12.8;2.03;0.0;0.0;5.02;0.0;0.95;0.0;0.0;0.0;0.0;2.68;0.0;0.0;61.7;11.18;0.0;0.0
2023-04-20;0.0;0.0;0.1;0.02;2.15;0.0;0.0;0.0;1.93;0.0;0.0;0.0;0.0;119.52;0.0;0.0;0.0;0.0;0.0;7.33;0.0;0.0;0.0;0.23;0.53;0.0;5.53;0.0;0.22;0.0;0.0;0.0;0.0;0.85;0.0;0.0;60.73;17.07;0.0;0.0
2023-04-21;0.0;0.22;1.4;20.05;2.58;0.0;0.0;0.0;5.48;0.1;0.0;0.03;0.0;67.02;0.0;0.0;0.0;0.0;16.28;12.9;0.0;0.0;0.0;12.65;2.47;0.0;18.57;0.0;1.12;46.45;0.0;0.0;0.0;1.02;0.0;0.0;75.23;13.7;0.0;0.0
2023-04-22;0.0;1.67;0.75;9.58;0.0;5.52;0.0;0.0;0.02;0.12;0.0;5.4;0.0;154.97;2.72;0.0;0.0;0.0;0.0;10.17;0.0;0.0;0.0;0.12;1.45;0.0;0.0;0.6;0.18;0.0;0.0;0.0;5.08;0.0;0.0;0.0;70.68;69.42;0.0;0.0
2023-04-23;2.13;1.22;0.37;3.92;0.0;0.0;0.0;0.0;0.0;0.22;0.0;0.02;0.0;80.53;0.0;0.0;0.0;1.0;0.0;8.0;0.0;0.0;16.02;4.48;0.0;0.0;0.0;0.03;0.0;0.0;0.0;0.0;0.0;0.0;0.0;0.0;78.0;55.22;0.0;0.0
2023-04-24;0.0;3.95;0.07;11.92;12.03;0.0;0.0;0.0;2.7;1.85;0.0;0.0;0.0;111.75;0.0;0.0;0.0;0.0;1.27;13.1;0.0;15.1;10.98;2.48;0.2;0.0;6.02;0.0;2.87;0.0;0.0;0.0;1.58;0.0;0.0;0.0;68.02;5.12;0.0;0.0
2023-04-25;0.0;6.6;3.15;14.58;2.42;0.0;0.0;0.0;7.15;0.13;0.0;0.03;0.0;104.05;0.97;0.0;0.0;0.0;14.65;10.77;0.0;0.0;9.12;4.08;0.0;0.0;1.78;1.67;1.67;0.0;0.0;0.0;0.0;4.9;0.0;0.0;85.07;36.0;0.0;0.0
2023-04-26;0.0;0.0;0.0;15.5;1.73;0.0;0.0;0.0;1.25;0.75;0.0;0.57;0.0;59.9;1.83;0.0;0.0;0.0;2.85;11.67;0.0;0.0;0.0;0.77;0.4;0.0;1.4;0.0;2.8;0.0;0.0;0.0;0.0;0.0;0.0;0.0;35.88;53.67;0.0;0.0
2023-04-27;0.0;1.48;0.13;20.0;0.47;0.0;0.0;0.0;3.95;3.72;0.0;0.0;0.0;126.38;17.07;0.0;0.0;0.0;0.0;19.7;0.0;0.0;7.9;5.13;0.75;0.0;8.5;1.5;2.75;0.0;0.0;0.0;0.0;1.7;0.0;0.0;106.72;26.1;0.0;0.0
2023-04-28;0.0;2.65;0.0;4.32;1.52;0.0;0.0;0.0;2.1;0.2;0.0;0.55;0.0;31.45;6.38;1.25;0.0;0.0;48.92;9.8;0.0;0.0;0.45;0.1;0.37;0.0;3.32;0.0;0.02;0.0;0.0;0.0;1.6;0.0;0.0;0.0;115.17;16.22;0.0;0.0
2023-04-29;0.0;2.25;0.47;6.62;0.0;0.0;0.0;0.0;1.27;0.13;0.0;0.02;0.0;127.45;28.82;0.0;0.0;0.0;1.62;14.45;0.0;0.0;0.0;0.23;0.02;0.0;44.32;0.87;0.0;0.0;0.0;0.0;0.87;0.43;0.0;0.0;70.1;9.43;0.0;0.0
2023-04-30;0.0;0.63;0.0;9.53;0.0;0.0;0.0;0.0;0.62;0.55;0.0;0.03;0.0;190.0;0.37;0.82;0.0;0.0;0.0;13.78;0.0;0.0;13.83;55.43;0.1;0.0;18.05;18.63;0.78;0.0;0.0;0.0;3.15;0.0;0.0;0.0;51.17;21.55;0.0;0.0
2023-05-01;0.0;15.2;0.87;14.15;0.0;0.0;0.0;0.0;0.33;0.02;0.0;0.0;0.0;199.32;5.77;0.0;0.0;0.0;7.32;9.78;0.0;0.0;3.27;2.5;0.3;0.0;0.77;0.0;1.0;0.0;3.2;0.0;1.32;0.13;0.0;0.0;58.72;5.37;0.0;0.0
2023-05-02;0.0;3.93;0.07;12.6;40.65;0.0;0.0;0.0;5.57;0.18;0.0;0.0;0.0;71.4;3.72;0.0;0.85;1.12;4.45;10.75;0.0;0.0;2.6;9.0;0.88;0.0;3.12;4.1;1.08;0.0;0.0;0.0;0.0;1.35;0.0;0.0;53.18;8.25;0.0;0.0
2023-05-03;0.0;0.82;0.47;27.25;1.72;0.0;0.0;0.0;0.67;0.0;0.0;0.02;0.0;64.07;1.08;0.0;0.0;0.0;0.02;13.23;0.0;2.75;0.0;18.6;1.37;0.0;2.2;0.0;2.55;0.0;0.0;0.0;0.0;0.0;0.0;0.0;74.73;6.77;0.0;0.0
2023-05-04;0.0;0.85;0.4;1.82;1.22;0.0;0.0;0.0;6.03;0.5;0.0;6.45;0.0;134.9;0.28;0.0;0.0;0.0;0.0;10.53;0.0;0.0;1.8;2.4;6.2;0.0;7.52;0.0;1.37;0.0;0.0;0.0;1.38;5.2;0.0;0.0;49.12;28.95;0.0;0.0
2023-05-05;0.0;0.18;0.35;3.47;1.0;0.0;0.0;0.0;2.32;0.03;0.0;6.83;0.0;96.83;0.28;0.0;0.0;0.0;0.0;12.38;7.37;0.0;0.0;2.52;3.98;0.0;0.0;0.0;2.12;0.0;0.0;0.0;1.5;5.2;0.0;0.0;42.77;36.52;0.0;0.0
2023-05-06;0.0;0.0;0.35;6.52;1.0;0.0;0.0;0.0;1.95;0.05;0.0;0.38;0.0;70.97;0.0;4.2;0.0;1.52;1.0;14.17;10.58;0.0;0.0;2.97;6.18;0.0;8.38;0.0;1.73;0.0;0.0;0.0;1.58;0.13;0.0;0.0;51.63;7.57;0.0;0.0
2023-05-07;0.0;4.37;1.42;9.82;0.33;0.0;0.0;0.0;2.45;0.02;0.0;1.15;0.0;114.15;18.68;0.0;0.0;0.0;0.0;27.15;10.33;0.98;0.0;3.85;3.12;0.0;1.72;0.35;3.73;0.0;0.0;0.0;1.4;0.23;10.0;0.0;70.1;152.73;0.0;0.0
2023-05-08;0.0;0.18;0.0;11.88;4.47;0.0;0.0;0.28;2.4;0.9;5.83;0.03;0.0;24.0;0.0;0.0;0.0;1.8;0.9;9.88;14.93;2.02;0.0;0.92;1.52;0.0;2.88;0.0;1.42;0.0;0.0;0.0;0.0;0.0;0.0;0.0;66.02;66.2;0.0;0.0
2023-05-09;0.0;5.33;1.38;16.05;1.23;0.0;0.0;0.0;39.4;0.07;0.0;0.05;0.0;78.92;16.37;0.0;0.0;2.13;3.0;11.48;15.67;2.9;2.38;0.68;3.38;0.0;4.18;0.0;5.02;0.0;0.0;0.0;0.0;0.0;0.0;0.0;47.38;18.17;0.0;0.0
2023-05-10;0.0;10.47;0.0;3.35;0.5;0.0;0.0;0.0;0.32;0.0;0.0;0.0;0.0;71.23;3.93;0.0;0.0;0.0;0.0;7.42;2.48;0.0;0.0;2.25;0.7;0.0;4.88;0.0;0.02;0.0;0.0;0.0;0.57;0.0;0.0;0.0;42.13;8.32;0.0;0.0
2023-05-11;0.0;2.93;0.58;15.0;1.63;0.0;0.0;0.0;28.37;0.5;0.0;0.0;0.0;47.83;0.92;0.0;0.0;1.55;32.65;13.43;1.92;0.0;13.42;4.87;0.05;0.0;25.83;1.0;1.17;0.0;0.0;0.0;0.47;0.0;0.0;0.0;30.42;0.0;0.0;0.0
2023-05-12;0.0;0.17;0.2;12.83;1.15;0.0;0.0;0.68;10.07;0.12;0.0;0.65;0.0;64.23;0.75;0.0;0.0;0.0;0.62;9.27;0.0;0.0;0.0;0.65;0.02;0.0;19.23;0.0;3.33;0.0;0.0;0.0;0.0;0.0;0.0;1.72;30.52;11.13;0.0;0.0
2023-05-13;0.0;2.13;0.0;20.95;0.05;0.0;0.0;0.0;4.45;0.0;0.0;0.03;0.0;147.18;0.0;5.32;0.0;0.0;0.38;5.38;29.9;0.0;0.0;18.4;0.7;0.0;30.95;0.0;0.02;0.0;0.0;0.0;2.13;1.42;3.83;0.0;40.07;16.27;0.0;0.0
2023-05-14;0.0;0.0;0.0;6.38;0.0;0.0;0.0;0.17;3.72;0.0;0.0;0.1;0.0;115.98;6.33;0.0;0.0;4.73;1.08;8.85;17.63;0.0;0.0;4.3;0.13;0.0;10.1;0.0;2.15;0.0;0.0;0.0;0.2;0.0;0.0;33.8;30.38;12.15;0.0;0.0
2023-05-15;10.82;0.83;0.0;10.73;0.87;0.0;0.0;2.13;3.58;2.62;0.0;0.0;0.0;49.23;0.02;0.0;2.03;0.0;1.05;11.98;0.7;0.0;0.83;20.73;0.25;0.0;8.62;0.0;2.9;0.0;0.0;0.0;0.0;2.37;1.78;26.73;39.85;11.02;0.0;0.0
2023-05-16;4.87;0.22;0.27;14.25;0.9;0.0;0.0;0.85;4.93;0.05;0.0;4.87;0.0;64.17;2.3;0.0;5.7;0.0;0.4;10.53;5.5;0.0;1.75;0.65;0.15;0.0;3.62;1.5;1.53;0.0;0.0;0.0;0.0;0.0;0.0;10.85;35.72;18.98;0.0;0.0
2023-05-17;0.0;0.0;0.0;5.9;1.42;0.0;0.0;4.18;9.25;0.0;0.0;0.0;0.0;46.45;0.03;0.0;0.0;0.0;0.0;9.17;2.68;0.0;0.0;0.2;0.28;0.0;3.57;0.0;6.88;0.0;0.0;0.0;0.0;0.0;0.0;0.0;23.98;15.55;0.0;0.0
2023-05-18;0.0;4.72;1.18;20.12;1.55;0.0;0.0;2.67;10.15;0.53;0.0;1.5;0.0;81.42;16.33;3.5;0.0;0.0;0.63;11.83;0.0;0.0;0.72;21.17;0.4;0.0;2.1;1.03;3.08;0.0;0.0;0.0;2.38;1.3;0.0;2.35;59.27;0.35;0.0;0.0
2023-05-19;0.0;0.1;0.0;9.17;3.82;0.0;0.0;0.0;0.75;0.18;0.0;1.32;0.0;36.83;6.7;1.43;0.0;0.0;0.0;6.42;0.72;0.0;0.0;18.25;0.17;0.0;8.28;0.0;3.67;0.7;1.7;0.0;0.0;0.0;0.0;0.0;39.83;0.25;0.0;0.0
2023-05-20;0.0;0.0;1.57;8.8;0.62;0.0;0.0;0.0;0.0;4.12;0.0;0.0;0.0;119.0;0.73;0.43;0.0;2.03;2.65;7.32;5.35;0.0;0.0;8.38;0.03;0.0;2.63;0.0;0.0;0.0;0.0;0.0;0.0;0.0;0.0;0.0;82.17;0.0;0.0;0.0
2023-05-21;0.0;4.1;0.17;13.77;0.17;0.0;0.0;0.0;8.15;0.05;0.0;0.0;0.0;8.28;8.25;0.88;0.0;0.0;0.0;8.62;1.63;0.0;0.0;5.82;0.03;0.0;9.5;0.0;0.28;0.0;0.0;0.0;0.0;4.83;2.03;0.0;27.53;160.72;0.0;0.0
2023-05-22;0.0;0.23;0.0;9.12;1.92;0.0;0.0;0.0;5.52;0.0;0.0;5.98;0.0;0.0;5.02;0.0;0.0;0.52;0.23;8.23;3.67;1.9;0.0;13.43;0.02;0.0;0.0;0.0;2.58;0.0;0.0;0.0;6.08;1.12;2.65;1.83;49.38;70.6;0.0;0.0
2023-05-23;0.0;0.0;0.4;26.52;3.82;0.0;0.0;0.0;5.18;0.02;0.0;0.0;0.0;0.0;8.88;4.68;0.0;0.0;0.0;14.95;0.0;0.0;0.0;0.0;0.7;0.0;33.85;0.0;0.0;0.0;0.0;0.0;14.83;2.05;0.0;0.0;85.2;81.82;0.0;0.0
2023-05-24;0.12;14.73;0.02;7.83;1.5;0.0;0.0;0.0;4.1;0.0;0.0;1.08;0.0;20.83;1.03;0.0;0.0;2.57;1.9;10.33;6.93;13.28;1.6;5.95;2.2;0.0;8.28;0.0;3.72;0.0;0.0;0.0;0.0;1.47;0.0;0.0;40.22;59.38;0.0;0.0
2023-05-25;0.0;0.63;0.07;25.8;2.9;0.0;0.0;0.0;9.48;0.0;0.0;9.27;0.0;5.23;0.27;0.0;0.0;0.0;0.0;13.52;9.48;3.0;0.0;0.0;0.18;0.0;0.0;2.7;1.57;0.0;0.0;0.0;3.0;0.0;0.0;0.78;88.83;68.32;0.0;0.0
2023-05-26;0.0;4.47;0.38;17.6;1.58;0.0;0.0;0.0;5.23;0.28;0.0;0.2;0.0;14.32;2.72;0.0;0.0;7.1;19.68;12.43;0.77;0.0;0.0;0.0;0.48;0.0;1.7;0.0;0.62;1.68;0.0;0.0;0.0;2.82;0.0;0.83;26.72;44.92;0.0;0.0
2023-05-27;3.83;0.65;0.0;19.7;0.0;0.0;0.0;0.0;5.92;0.25;0.0;1.88;0.0;12.37;8.4;0.98;0.0;0.0;0.3;11.13;2.9;0.0;0.0;84.35;0.1;0.0;17.43;0.0;0.0;0.0;0.0;0.0;0.0;2.52;7.25;1.08;40.78;123.13;0.0;0.0
2023-05-28;0.0;0.37;0.0;35.27;0.0;0.0;0.0;0.43;0.2;0.07;0.0;0.0;0.0;0.0;0.52;0.0;0.0;0.0;0.0;8.17;0.0;2.38;0.0;8.77;0.17;0.0;31.67;0.0;0.0;0.0;0.0;0.0;0.0;0.0;0.0;0.0;33.25;86.02;0.0;0.0
2023-05-29;0.0;0.0;0.0;15.9;1.52;0.0;0.0;0.0;1.67;0.0;0.0;3.52;0.0;5.15;0.0;0.0;0.0;0.0;5.13;17.07;2.65;1.2;0.0;36.87;0.5;0.0;6.52;0.0;3.2;0.0;0.0;0.0;2.18;0.47;0.0;0.0;42.12;0.0;0.0;0.0
2023-05-30;1.63;0.57;0.03;19.17;4.38;0.0;0.0;3.8;4.02;0.0;0.0;2.43;0.0;61.67;3.55;0.38;0.0;0.77;0.0;13.95;1.9;0.0;0.0;66.52;0.53;0.0;0.0;0.0;2.83;0.0;0.0;0.0;9.98;0.0;45.28;6.77;100.42;62.63;0.0;0.0
2023-05-31;0.0;0.17;0.0;41.17;3.62;0.0;0.0;0.0;5.5;7.25;0.0;1.0;0.0;46.42;0.97;1.32;0.0;0.0;19.62;14.53;7.18;0.0;0.0;14.75;0.17;0.0;27.2;0.0;3.12;0.0;0.0;0.0;0.07;0.0;17.57;0.0;93.37;14.27;0.0;0.0
2023-06-01;0.0;4.15;0.22;9.4;5.05;0.0;0.0;0.43;3.23;0.03;0.0;2.72;0.0;109.77;0.97;0.0;0.0;0.0;5.62;8.0;2.98;0.0;3.28;43.12;0.15;0.0;3.12;1.47;0.53;0.0;0.0;0.0;0.0;0.0;6.4;0.0;27.43;25.57;2.45;0.0
2023-06-02;1.13;0.13;0.0;8.53;1.7;0.0;0.0;10.4;2.12;0.0;0.0;0.0;0.0;40.05;0.0;0.0;0.0;0.0;18.52;7.48;9.2;0.0;0.0;0.0;0.03;0.0;8.67;3.83;0.88;0.0;0.0;0.0;0.73;0.53;12.23;4.6;44.67;14.0;7.87;0.0
2023-06-03;0.0;4.8;0.0;6.68;0.0;0.0;0.0;2.73;0.92;0.05;0.0;5.53;0.0;46.7;0.0;0.0;0.0;0.0;0.0;6.58;1.03;0.0;0.0;1.68;0.07;55.45;1.03;0.0;0.0;0.0;0.0;0.0;0.0;0.03;14.13;2.1;98.13;131.25;3.18;0.0
2023-06-04;0.0;6.4;0.0;4.67;1.15;0.0;0.0;0.0;1.17;0.12;0.0;0.13;0.0;61.68;0.0;1.17;0.0;0.0;0.0;9.72;0.93;0.0;0.0;0.0;0.03;168.5;0.0;0.0;0.47;0.0;0.0;0.0;3.83;0.0;1.27;0.0;77.68;29.25;63.98;0.0
2023-06-05;0.0;2.15;0.0;1.83;1.12;0.0;0.0;5.77;7.03;0.0;0.0;0.0;0.0;53.3;0.02;0.0;0.0;1.0;0.0;9.62;1.85;0.0;0.0;1.15;1.08;27.77;0.88;0.0;0.0;0.0;0.0;0.0;3.35;0.0;0.0;4.58;88.18;11.08;8.62;0.0
2023-06-06;0.0;5.42;0.0;12.05;0.4;0.0;0.0;7.32;6.27;0.07;0.0;2.1;0.0;55.17;0.02;0.0;0.0;3.2;0.0;12.72;1.88;0.0;0.48;0.0;0.03;86.72;0.75;11.07;3.12;0.0;0.0;0.0;0.55;0.0;3.55;0.0;78.63;50.1;10.55;0.0
2023-06-07;11.63;4.3;0.0;16.23;3.77;0.0;0.0;0.0;1.63;0.47;0.0;0.22;0.0;31.93;0.0;0.0;0.0;0.0;0.0;13.75;0.6;0.0;0.0;3.12;0.0;93.57;0.0;0.0;0.57;0.0;0.0;0.0;0.0;0.0;4.53;0.0;44.98;13.15;5.0;0.0
2023-06-08;0.0;1.85;1.03;7.5;1.25;0.0;0.0;1.35;2.42;0.2;0.0;0.03;0.0;35.85;0.02;0.0;0.0;0.0;0.0;11.8;0.0;0.0;0.0;0.1;0.03;40.62;0.0;0.0;0.32;0.0;0.0;0.0;1.88;0.0;7.9;0.0;53.98;0.0;5.43;0.0
2023-06-09;0.0;0.1;0.0;4.0;2.23;0.0;0.0;17.9;0.72;0.72;0.0;0.4;0.0;121.92;0.73;8.18;0.0;0.0;0.0;19.22;3.65;0.0;0.0;3.45;0.03;86.18;0.0;0.0;0.02;0.0;0.0;0.0;0.0;0.97;8.75;3.27;114.32;16.77;13.42;0.0
2023-06-10;0.0;0.0;0.0;6.47;0.0;0.0;0.0;0.0;0.0;0.2;0.0;0.88;0.0;116.18;0.0;0.68;0.0;0.0;0.0;10.08;0.9;0.0;0.0;0.0;0.0;106.05;0.0;0.0;0.95;0.0;0.0;0.0;0.02;0.0;5.47;0.5;51.92;42.72;25.67;0.0
2023-06-11;0.0;0.08;0.0;16.78;1.57;0.0;0.0;0.1;0.0;0.07;0.0;0.25;0.0;0.0;0.98;0.0;0.0;0.0;0.0;8.85;20.22;0.0;0.0;0.38;0.15;132.22;0.0;0.0;0.97;0.0;0.0;0.0;0.78;0.0;0.47;0.0;78.07;36.13;20.65;0.0
2023-06-12;0.0;0.93;0.0;27.52;0.0;0.0;0.0;0.98;0.98;0.02;0.0;0.82;0.0;34.03;0.0;0.0;0.0;1.8;0.0;10.48;5.13;0.0;0.0;0.03;0.32;102.67;0.08;0.0;3.72;0.0;0.0;0.0;0.97;0.0;1.48;12.23;45.5;15.6;11.38;0.0
2023-06-13;0.3;0.5;0.0;9.7;0.03;0.0;0.0;0.0;1.58;0.08;0.0;0.0;0.0;107.57;0.83;0.0;0.0;7.65;0.0;10.57;3.28;0.0;0.0;21.52;4.73;79.05;0.0;0.0;0.02;0.0;0.0;0.0;18.5;0.0;3.82;0.0;89.7;10.82;15.55;0.0
2023-06-14;0.0;0.17;0.0;9.97;2.37;0.0;0.0;0.0;1.2;0.0;0.0;0.07;0.0;271.55;0.53;0.0;0.0;0.93;0.72;17.27;7.92;0.0;0.0;0.42;0.75;49.97;0.0;0.0;0.0;0.0;0.0;0.0;1.07;0.0;1.9;0.0;71.87;71.27;0.0;0.0
2023-06-15;0.0;18.38;0.0;3.77;8.1;0.0;0.0;0.0;0.0;1.45;0.0;0.0;0.0;98.27;0.0;0.95;0.0;0.0;0.0;12.35;0.0;0.0;0.0;2.0;1.15;8.07;0.0;0.0;1.1;0.0;0.0;0.0;3.37;0.0;1.97;2.55;111.27;18.13;22.92;0.0
2023-06-16;0.0;0.0;0.0;0.0;0.0;0.0;0.0;0.0;0.93;0.07;0.0;0.0;0.0;25.15;0.0;3.77;0.0;0.0;0.0;9.65;1.28;0.0;0.0;0.57;0.1;0.0;0.0;0.0;0.0;0.0;0.0;0.0;0.0;0.0;0.65;4.35;51.28;0.0;6.33;0.0
2023-06-17;0.0;0.0;0.0;2.65;0.0;0.0;0.0;0.0;0.5;0.0;0.0;0.07;0.0;66.45;0.0;1.92;0.0;0.0;0.0;10.03;0.65;0.0;0.0;3.7;0.02;69.07;0.0;0.0;0.0;0.0;0.0;0.0;0.0;0.0;0.0;0.05;47.25;0.0;10.33;0.0
2023-06-18;0.0;0.0;0.0;9.63;0.0;0.0;0.0;0.0;0.0;0.18;0.0;0.15;0.0;115.9;0.0;2.67;0.0;0.0;0.0;15.13;0.98;0.0;0.0;8.42;7.38;98.72;0.0;0.0;0.0;0.0;0.0;0.0;0.72;1.27;1.03;0.0;80.52;0.45;0.0;0.0
2023-06-19;0.0;0.0;0.75;4.4;0.0;0.0;0.0;0.0;0.0;0.0;0.0;2.28;0.0;178.6;0.0;5.98;0.0;1.13;0.0;7.72;0.62;0.0;0.0;0.0;0.0;79.05;0.0;0.0;0.02;0.0;0.0;0.0;0.0;0.0;0.0;1.48;66.7;0.0;21.87;0.0
2023-06-20;0.0;0.0;0.0;15.12;0.0;0.0;0.0;4.03;0.42;0.17;0.0;0.27;0.0;85.43;0.67;2.75;0.0;0.97;0.0;7.05;0.73;0.0;0.0;2.58;0.87;112.98;0.0;0.0;0.0;0.0;0.0;0.0;0.42;0.0;1.48;0.0;69.98;0.0;78.17;0.0
2023-06-21;0.0;0.6;0.73;2.53;0.95;0.0;0.0;2.53;0.83;0.18;0.0;0.18;0.0;81.32;1.9;0.0;0.0;0.0;0.0;10.63;4.72;0.0;0.0;0.0;0.08;102.53;0.0;0.0;0.0;0.0;0.0;0.0;1.23;0.0;0.97;4.33;72.45;28.6;8.7;0.0
2023-06-22;0.0;0.28;0.0;4.2;0.37;0.0;0.0;0.03;0.0;0.05;0.0;0.0;0.0;122.72;0.0;0.0;0.0;0.0;0.0;6.67;0.82;0.0;0.0;0.0;0.02;20.03;0.0;0.0;0.47;0.0;0.0;0.0;1.25;0.0;0.58;1.43;29.52;25.27;0.82;0.0
2023-06-23;0.0;0.0;0.0;3.97;0.65;0.0;0.0;0.0;0.0;0.25;0.0;0.0;0.0;56.87;2.08;0.0;0.0;1.82;0.0;9.73;3.88;0.0;0.0;0.53;1.3;2.47;1.25;0.0;0.85;0.0;0.0;0.0;0.73;0.0;0.53;0.0;84.15;107.15;29.37;0.0
2023-06-24;0.0;0.0;0.0;13.22;27.93;0.0;0.0;0.0;2.22;0.07;0.0;5.95;0.0;65.37;0.93;0.0;0.0;0.0;0.0;13.9;0.62;0.0;0.0;11.68;0.52;0.0;0.0;0.0;0.38;0.0;0.0;0.0;0.0;0.0;0.0;0.58;45.02;67.98;26.47;0.0
