date;Calculator;Call of Duty;Camera;Chrome;CÃ­vica;Clash of Clans;Clock;DiDi;Drive;Gmail;Google Play Store;HBO MAX;Instagram;LinkedIn;Maps;Mi Tigo;Microsoft 365 (Office);Nequi Colombia;Notion;Photos;Rappi;Reddit;Settings;Spotify;Tasks;Truecaller;Twitter;Upwork Talent;WhatsApp;YouTube;YouTube Music;total_usage
2023-06-25;0.0;0.0;0.0;0.0;0.0;0.0;0.0;0.0;0.0;0.0;0.0;0.0;0.0;0.0;0.0;0.0;0.0;0.0;0.0;0.0;0.0;0.0;0.0;0.0;0.0;0.0;0.0;0.0;0.0;0.0;0.0;0.0
2023-07-03;0.0;0.0;0.37;10.57;0.0;0.0;0.72;0.0;0.0;0.08;20.9;26.27;0.0;0.0;0.0;0.0;2.0;11.28;0.0;32.77;0.0;0.0;18.98;0.0;0.58;5.38;0.0;2.38;34.53;48.4;45.03;260.24
2023-07-04;0.0;0.0;1.33;5.53;0.0;0.0;0.35;0.0;0.0;0.72;0.33;57.28;0.0;5.37;0.0;0.0;0.0;0.0;0.0;3.38;0.0;0.0;1.25;0.0;0.08;1.98;0.0;0.0;62.87;203.83;42.82;387.12
2023-07-05;0.65;0.0;0.37;13.75;0.0;0.0;0.0;0.0;0.0;1.23;0.38;76.75;56.25;25.95;0.0;4.92;0.68;0.0;0.0;2.95;0.0;1.37;2.33;0.0;1.13;1.82;0.0;0.0;74.58;17.33;31.1;313.53999999999996
2023-07-06;0.77;0.0;1.0;8.52;0.0;0.0;1.2;0.0;0.0;1.1;0.0;167.83;31.02;15.63;0.0;0.0;0.0;0.0;0.0;0.8;0.0;0.0;1.08;0.0;0.58;0.0;1.5;0.0;15.32;125.28;0.0;371.63000000000005
2023-07-07;0.43;0.0;0.0;4.83;0.0;0.0;0.0;0.0;0.0;0.0;0.0;82.9;42.63;14.03;11.58;3.28;0.0;1.43;0.0;0.0;0.0;0.0;0.85;0.0;0.47;1.22;0.0;0.0;19.98;75.55;19.53;278.71000000000004
2023-07-08;0.25;0.0;0.0;6.85;0.0;0.0;0.0;0.0;0.0;0.37;0.0;86.42;71.6;21.22;0.0;0.37;0.0;0.0;0.0;35.77;0.0;0.0;2.12;0.0;0.0;10.22;0.0;0.0;10.08;81.8;41.0;368.07000000000005
2023-07-09;0.75;0.0;2.9;8.57;0.0;0.0;0.05;0.0;0.0;0.5;0.0;175.58;95.57;9.82;0.0;0.0;0.0;0.0;0.0;9.8;0.0;0.0;0.92;0.0;0.4;4.28;0.0;0.0;39.87;101.1;28.42;478.53000000000003
2023-07-10;0.03;0.0;3.57;1.98;0.0;0.0;0.75;0.0;0.0;0.82;0.0;10.38;82.38;7.6;0.0;0.63;0.18;0.0;0.0;1.13;0.0;0.0;0.95;0.0;0.0;0.75;0.0;0.0;32.22;55.57;8.4;207.34
2023-07-11;0.22;0.0;6.9;16.38;0.0;0.0;1.95;0.0;0.0;0.22;0.0;11.1;132.08;15.07;0.0;3.73;0.0;1.4;0.0;7.58;0.0;0.0;3.43;0.0;0.92;1.48;0.0;4.55;34.08;132.27;32.98;406.34000000000003
2023-07-12;0.22;0.0;0.53;5.5;0.0;0.0;0.7;0.0;0.0;0.88;0.0;12.72;157.98;5.75;0.0;3.28;19.73;0.0;0.0;1.05;0.0;0.0;0.6;0.0;0.68;2.77;0.0;2.35;38.77;54.82;10.03;318.36
2023-07-13;0.17;0.0;0.05;8.82;0.0;0.0;2.2;0.0;0.0;0.33;0.0;45.62;127.5;32.03;0.0;0.0;0.0;2.72;0.0;7.65;0.0;0.05;0.37;0.0;1.85;0.0;12.55;0.83;110.22;103.77;47.5;504.23
2023-07-14;1.78;0.0;0.42;6.58;0.0;0.0;1.43;0.0;0.0;1.67;0.0;0.0;134.42;1.5;0.0;1.03;0.0;0.0;0.0;0.0;0.0;0.0;0.52;0.0;0.37;0.55;0.0;0.0;193.7;61.72;44.97;450.6600000000001
2023-07-15;8.68;0.0;1.58;24.72;0.0;0.0;0.78;0.0;0.0;1.48;0.0;78.15;0.0;24.25;0.0;0.38;0.1;0.0;0.0;45.33;0.0;0.0;1.58;0.0;0.0;4.33;0.02;0.0;26.48;167.18;47.48;432.52000000000004
2023-07-16;2.43;0.0;0.12;13.83;0.0;0.0;1.03;0.0;0.0;1.17;1.47;89.78;0.0;22.5;0.0;0.32;0.0;0.0;0.03;0.82;0.0;26.05;0.03;0.0;3.33;1.18;0.0;12.68;12.27;130.77;66.78;386.59000000000003
2023-07-17;1.13;0.0;0.0;32.68;0.0;0.0;1.72;0.0;0.0;2.18;1.72;14.75;6.75;35.7;0.0;1.73;7.25;0.0;0.0;0.57;0.0;4.05;1.37;0.0;0.92;0.9;0.0;5.93;41.58;101.73;40.92;303.58000000000004
2023-07-18;1.17;0.0;0.07;19.33;0.0;0.0;1.33;0.0;0.0;2.48;0.05;0.0;0.0;9.25;0.0;2.33;0.33;0.52;0.0;0.0;0.0;0.0;0.1;0.0;0.5;4.2;0.0;1.27;68.43;40.25;31.85;183.46
2023-07-19;1.17;0.0;0.0;12.33;0.0;0.0;2.57;0.0;0.0;3.72;0.0;103.4;0.0;5.82;0.0;0.73;10.88;0.0;5.0;0.0;0.0;0.45;0.18;0.0;0.0;1.8;0.0;0.0;58.55;117.32;3.4;327.31999999999994
2023-07-20;2.23;0.0;0.17;23.33;0.0;0.0;0.0;0.0;0.0;1.43;0.98;37.93;0.0;15.8;0.0;0.7;0.0;0.03;0.0;12.17;0.0;13.62;0.48;0.0;0.0;0.02;0.0;2.23;16.1;103.75;29.53;260.5
2023-07-21;0.02;0.0;0.0;3.08;0.0;0.0;0.0;0.0;0.0;1.38;0.13;205.53;14.18;0.0;0.0;0.0;0.58;0.0;0.0;0.0;0.0;0.0;0.0;0.0;0.0;0.23;0.07;0.0;15.6;120.4;33.85;395.05000000000007
2023-07-22;0.0;0.0;5.08;1.4;0.0;0.0;0.0;0.0;0.0;0.18;0.0;85.87;60.15;3.93;0.0;0.0;0.5;0.0;0.0;6.82;0.0;9.07;0.93;0.0;0.0;0.0;0.0;0.0;36.77;119.0;26.63;356.33000000000004
2023-07-23;0.0;0.0;3.87;10.35;0.0;0.0;0.0;0.0;0.0;0.13;0.0;25.87;148.98;0.0;4.5;0.82;0.0;0.0;0.0;4.93;0.0;24.93;0.3;0.0;1.07;0.7;0.0;0.0;45.2;63.32;33.2;368.16999999999996
2023-07-24;2.65;0.0;0.8;8.13;0.0;0.0;1.05;0.0;0.0;2.28;0.0;39.13;57.18;11.18;0.0;1.08;8.2;0.0;0.0;2.2;0.0;0.0;0.35;0.0;2.73;1.98;0.0;1.2;79.85;176.1;9.6;405.68999999999994
2023-07-25;0.22;0.0;0.0;28.33;0.0;0.0;2.87;0.0;0.0;5.03;0.0;40.4;0.0;0.0;0.0;1.9;1.5;6.07;0.0;10.05;0.0;0.0;1.85;0.0;3.23;0.0;0.15;6.7;32.02;56.83;29.1;226.24999999999997
2023-07-26;0.2;0.0;0.05;21.2;0.0;0.0;2.38;0.0;0.0;1.25;0.0;95.5;0.0;0.0;15.22;0.4;0.0;0.0;0.0;0.85;0.0;0.0;0.17;0.0;0.0;0.0;0.53;0.0;35.15;10.77;12.55;196.22000000000003
2023-07-27;0.0;0.0;1.17;13.67;0.0;0.0;2.73;0.0;0.0;2.73;0.1;72.08;0.0;3.55;0.0;0.33;0.0;0.0;0.0;4.97;0.0;0.0;0.22;0.0;6.07;0.0;0.0;0.0;32.55;49.6;6.52;196.29000000000002
2023-07-28;0.55;0.0;1.1;3.9;0.0;0.0;0.82;0.0;0.0;0.0;1.1;66.08;128.83;0.0;0.0;4.0;0.28;0.0;0.0;0.8;0.0;0.0;0.07;0.0;0.45;1.57;8.02;0.0;58.3;45.92;32.45;354.24
2023-07-29;0.32;0.0;0.2;4.5;0.0;0.0;0.0;0.0;0.0;0.28;2.02;78.38;93.17;0.0;0.0;0.0;2.13;0.0;0.0;0.0;0.0;0.0;0.52;0.0;0.35;0.0;7.73;1.22;17.32;42.47;56.57;307.18
2023-07-30;0.0;0.0;0.8;5.03;0.0;0.0;0.0;0.0;0.0;1.72;0.0;59.82;75.23;3.15;0.0;0.0;2.38;0.0;0.0;0.97;0.0;1.28;0.02;0.0;0.3;0.37;0.0;0.0;24.87;24.67;39.03;239.64000000000007
2023-07-31;0.1;0.0;0.77;11.78;6.68;0.0;0.38;0.0;1.62;0.45;1.72;23.22;27.15;0.52;0.0;5.28;0.0;0.0;0.0;0.17;0.0;0.0;1.0;0.0;2.28;0.3;0.0;8.97;54.23;18.58;3.28;168.48
2023-08-01;0.77;0.0;0.0;7.63;0.3;0.0;0.93;0.0;0.0;5.3;0.0;1.18;0.0;0.0;0.0;3.65;0.0;0.0;0.0;0.0;0.0;0.0;0.0;0.0;0.0;5.5;0.0;0.0;57.47;54.48;10.17;147.37999999999997
2023-08-02;13.03;0.0;0.57;23.88;0.0;0.0;0.68;0.0;0.28;5.78;0.05;0.0;0.0;0.0;0.68;2.68;0.77;0.0;0.0;0.0;0.0;0.0;1.63;0.0;0.43;0.0;0.0;0.0;65.02;0.75;25.23;141.45999999999998
2023-08-03;3.62;0.0;0.0;12.28;0.0;0.0;0.88;0.0;0.0;5.75;0.07;0.0;0.0;1.3;0.0;0.45;2.75;1.5;0.0;0.0;0.0;0.0;1.53;0.0;0.0;0.0;0.0;0.88;48.48;67.0;2.75;149.24
2023-08-04;27.65;0.0;2.25;30.8;0.83;0.0;2.52;0.0;0.0;1.3;2.67;0.0;16.62;0.0;1.03;5.73;11.67;3.42;0.0;0.15;0.0;0.0;0.0;0.0;0.47;3.12;2.82;0.65;43.6;9.32;26.03;192.65
2023-08-05;0.42;0.0;0.5;8.67;0.3;0.0;0.0;0.0;0.0;0.8;2.42;120.92;239.42;0.0;0.0;0.0;1.6;2.67;0.0;4.0;0.0;0.1;0.35;0.0;0.0;0.0;0.0;4.18;61.7;72.38;41.27;561.7
2023-08-06;0.07;0.0;0.0;38.6;0.0;0.0;0.0;0.0;0.0;1.18;0.0;176.22;0.0;4.48;0.0;0.0;4.13;2.13;0.0;0.0;0.0;0.0;0.12;0.0;0.0;0.45;0.0;0.0;29.7;119.93;0.0;377.01
2023-08-07;0.07;0.0;0.0;15.92;0.0;0.0;0.52;0.0;0.0;1.02;0.25;31.9;0.0;0.0;0.0;0.0;0.0;0.0;0.0;3.07;0.0;0.0;0.22;0.0;0.93;0.0;0.0;2.03;32.58;93.62;77.32;259.45
2023-08-08;2.35;0.0;1.18;18.43;0.0;0.0;2.12;0.0;0.0;1.87;0.0;0.0;0.0;0.0;0.0;1.07;0.92;0.0;0.0;1.22;0.0;2.37;0.15;0.0;0.0;0.0;0.0;0.53;31.97;19.18;10.4;93.76000000000002
2023-08-09;2.35;0.0;0.0;18.52;2.45;0.0;2.27;0.0;0.0;2.03;0.0;18.72;0.0;2.45;0.68;1.25;4.0;5.67;2.9;4.93;0.0;1.9;1.02;0.0;0.5;1.23;2.88;0.0;43.8;51.8;18.97;190.32
2023-08-10;2.6;0.0;1.02;11.78;0.0;0.0;0.48;0.0;0.0;3.45;0.28;12.47;77.9;0.0;0.63;1.25;0.43;0.6;0.0;14.38;0.0;4.03;0.9;0.0;0.88;1.77;0.0;0.0;120.9;20.43;0.0;276.18
2023-08-11;15.37;0.0;6.85;1.77;1.92;0.0;0.67;0.0;0.0;1.15;0.0;0.0;90.0;0.0;0.0;0.73;0.67;4.52;0.0;4.93;0.0;0.0;1.32;0.0;0.0;1.08;0.0;0.0;48.78;33.78;37.22;250.76
2023-08-12;0.0;0.0;1.6;11.48;0.0;0.0;0.0;0.0;0.0;0.63;0.6;19.38;75.12;2.03;5.6;0.0;4.97;1.62;0.0;10.7;0.0;0.0;0.15;0.0;0.0;0.0;0.0;0.0;34.23;47.67;63.4;279.17999999999995
2023-08-13;10.6;0.0;0.0;19.7;0.0;0.0;0.18;0.0;0.0;0.4;0.0;0.0;0.0;0.0;0.0;0.0;0.43;5.5;0.0;0.0;0.0;0.0;0.15;0.0;0.68;0.17;0.0;1.5;44.43;64.52;31.42;179.68
2023-08-14;0.13;0.0;1.87;8.93;1.83;0.0;0.77;0.0;0.0;1.42;0.0;0.0;0.0;0.0;0.0;0.0;5.73;0.88;0.0;0.0;0.0;2.02;0.0;0.0;0.0;0.0;0.0;1.77;36.58;10.8;17.52;90.24999999999999
2023-08-15;0.75;0.0;1.28;19.08;0.07;0.0;1.08;0.0;1.95;4.77;0.0;0.0;0.0;0.0;0.0;0.0;5.65;1.68;0.0;4.47;0.0;0.0;0.0;0.0;0.0;2.08;0.0;0.0;77.5;25.57;18.93;164.85999999999999
2023-08-16;1.67;0.0;0.0;19.67;0.43;0.0;2.22;0.0;0.0;5.3;0.0;0.0;0.0;2.25;0.0;0.53;1.22;19.58;0.0;0.0;0.0;0.0;0.07;0.0;0.25;0.42;0.0;0.0;62.88;20.63;12.8;149.92000000000002
2023-08-17;0.0;0.0;0.17;13.1;0.0;0.0;0.6;0.0;0.0;3.23;0.02;0.0;0.0;0.6;0.0;0.0;5.57;0.82;0.0;1.12;0.0;0.0;0.43;0.0;0.15;0.0;1.5;0.0;53.37;40.0;13.33;134.01
2023-08-18;0.05;0.0;0.02;12.02;0.0;0.0;0.85;0.0;0.0;2.22;0.0;0.0;0.0;0.0;0.0;0.53;0.93;3.38;0.0;0.1;0.0;0.0;0.23;0.0;0.17;0.0;0.0;0.0;27.15;36.73;30.57;114.94999999999999
2023-08-19;11.95;0.0;0.6;8.95;4.08;0.0;1.18;0.0;1.35;0.38;0.45;0.2;63.25;0.0;1.32;0.0;1.07;0.0;0.0;0.2;0.0;0.0;0.0;0.0;0.0;0.0;0.0;0.0;62.7;38.28;13.25;209.21
2023-08-20;0.95;0.0;0.85;17.17;0.0;0.0;0.15;0.0;4.9;0.42;0.0;0.0;108.13;0.0;2.48;0.0;2.05;1.6;0.0;6.35;0.0;0.0;0.02;0.0;0.3;0.0;0.0;0.0;43.58;27.88;29.7;246.52999999999997
2023-08-21;0.0;0.0;0.03;12.58;2.9;0.0;0.22;0.0;1.5;0.02;0.0;0.43;0.0;0.92;0.23;0.75;22.92;2.62;0.0;13.33;0.0;0.0;0.05;0.0;0.55;0.28;0.0;0.0;53.32;96.57;0.0;209.21999999999997
2023-08-22;0.0;0.0;0.45;15.43;0.0;0.0;1.13;0.0;2.23;1.9;0.0;0.0;0.0;0.0;0.0;0.0;8.77;0.0;0.0;12.52;0.0;0.0;0.07;0.0;0.0;0.0;0.33;0.0;46.95;8.07;21.68;119.53
2023-08-23;10.05;0.0;0.0;15.47;0.0;0.0;1.05;0.0;0.0;2.82;0.0;0.0;0.0;0.0;0.13;0.0;0.3;1.15;0.0;3.17;0.0;0.0;0.05;0.0;1.12;3.18;0.0;0.0;67.25;22.32;23.32;151.38
2023-08-24;0.0;0.0;4.02;35.8;0.33;0.0;1.1;0.0;2.15;2.55;0.0;0.0;0.0;1.88;0.0;0.0;1.12;1.45;0.0;1.65;0.0;0.0;0.27;0.0;1.83;3.95;0.0;0.0;55.4;11.48;11.7;136.68
2023-08-25;0.95;0.0;0.15;13.92;0.0;0.0;1.4;0.0;0.57;3.23;1.48;0.0;0.0;0.3;0.0;0.0;7.52;0.0;1.92;2.98;0.0;0.0;0.12;0.0;0.0;0.7;0.0;0.0;83.33;59.55;3.37;181.49
2023-08-26;0.05;0.0;0.0;18.72;10.12;0.0;1.43;0.0;0.0;1.85;0.62;0.0;19.15;0.0;7.33;0.57;0.4;0.62;0.0;0.0;0.0;0.0;0.93;0.0;0.15;1.28;0.0;0.0;38.38;89.45;15.97;207.02
2023-08-27;0.47;0.0;0.0;9.33;0.0;0.0;0.18;0.0;0.0;1.3;0.0;0.0;76.93;0.0;0.0;0.0;1.4;2.28;0.0;0.0;0.0;10.38;0.05;0.0;0.37;0.2;0.0;0.0;53.58;18.85;30.18;205.50000000000003
2023-08-28;0.0;0.0;3.45;23.37;2.53;0.0;0.73;0.0;0.0;1.9;0.08;0.0;4.18;0.23;0.0;0.0;5.15;0.0;0.0;1.92;0.0;0.0;0.55;0.0;0.32;0.53;3.4;0.0;49.72;12.1;24.65;134.81
2023-08-29;0.45;0.0;0.52;24.02;0.0;0.0;0.78;0.0;0.73;5.43;0.0;0.0;0.0;0.95;0.0;0.0;8.1;0.53;0.0;0.23;0.0;0.0;0.37;0.0;0.42;0.33;0.0;0.0;60.12;35.78;9.42;148.17999999999998
2023-08-30;0.25;0.0;0.22;41.48;14.27;0.0;1.3;0.0;0.0;10.03;0.0;0.0;0.0;0.0;2.47;0.0;0.62;1.68;0.0;14.03;0.0;0.0;0.9;0.0;0.43;3.38;0.0;0.0;71.32;12.18;7.78;182.34
2023-08-31;1.37;0.0;0.0;54.77;0.0;0.0;0.65;0.0;0.0;2.53;0.03;0.0;0.0;16.35;5.6;0.8;0.0;0.0;0.0;0.2;0.0;0.0;0.05;0.0;1.67;0.53;0.0;0.0;51.45;32.0;56.1;224.1
2023-09-01;0.28;0.0;0.37;22.73;0.0;0.0;1.28;0.0;0.0;1.33;0.68;12.43;0.0;5.98;0.0;0.0;1.25;0.0;0.0;0.0;0.0;0.0;0.02;0.0;1.08;0.0;7.58;0.0;68.25;27.17;25.33;175.76
2023-09-02;0.38;0.0;0.03;37.92;0.0;0.0;0.58;0.0;0.0;1.6;0.0;0.0;0.0;3.83;9.38;0.0;0.0;0.0;0.0;0.0;0.0;0.0;0.0;0.0;0.47;0.32;0.0;0.0;100.8;30.55;0.48;186.34
2023-09-03;8.83;0.0;0.17;19.3;0.0;0.0;0.27;0.0;1.2;0.93;0.0;0.0;0.0;0.0;0.0;0.0;0.52;0.0;0.0;5.87;0.0;0.0;0.03;0.0;0.0;0.32;0.0;0.0;76.87;46.78;0.0;161.09
2023-09-04;0.13;0.0;1.0;73.85;0.0;0.0;0.93;0.0;0.0;6.85;0.0;0.97;0.0;0.0;0.5;2.58;0.0;0.63;0.0;7.42;0.0;0.0;0.38;0.0;0.1;1.82;0.0;0.0;81.25;9.63;0.0;188.03999999999996
2023-09-05;0.22;0.0;1.0;17.87;0.0;0.0;1.22;0.0;0.0;1.13;0.37;0.0;38.82;0.0;0.0;2.03;10.03;2.88;7.83;7.48;0.0;0.0;0.63;0.0;1.92;0.07;0.0;0.0;47.88;12.78;0.0;154.16
2023-09-06;2.03;0.0;0.0;10.38;0.0;0.0;2.13;0.0;1.05;0.47;0.0;0.02;14.73;0.0;0.0;4.43;8.28;2.22;0.0;3.23;0.0;0.0;2.32;0.0;1.13;0.93;1.57;0.0;65.25;0.05;0.0;120.21999999999998
2023-09-07;1.03;0.0;2.35;4.53;0.52;0.0;1.92;0.0;0.0;1.2;1.32;0.0;23.45;0.18;0.0;2.88;14.65;5.95;0.0;1.88;0.0;0.0;1.67;0.0;0.0;0.0;0.2;0.0;77.98;8.67;0.0;150.38
2023-09-08;5.38;0.0;2.27;17.78;0.0;0.0;1.47;0.0;0.0;1.02;4.58;0.0;53.77;0.0;0.6;0.0;1.02;9.18;0.0;22.85;0.0;3.67;0.0;0.0;0.53;0.0;2.15;0.0;70.45;15.37;0.0;212.09
2023-09-09;0.0;0.0;3.95;37.65;3.57;0.0;0.2;0.0;1.08;1.1;5.6;0.0;60.47;0.0;0.0;0.0;0.03;1.98;0.0;3.83;0.0;0.0;1.4;0.0;0.25;6.45;1.07;0.0;137.87;31.83;32.9;331.22999999999996
2023-09-10;0.85;0.0;1.4;6.92;1.38;0.0;0.35;0.0;0.0;0.38;0.0;0.12;107.93;0.0;0.0;0.0;0.0;11.82;0.0;8.53;0.0;0.0;0.13;0.0;0.37;0.0;0.38;0.0;69.73;4.17;4.57;219.03
2023-09-11;0.1;0.0;1.67;4.7;3.02;0.0;1.47;0.0;0.0;0.67;0.0;0.0;41.57;0.92;0.0;0.0;7.22;2.4;0.0;10.17;0.0;0.0;0.0;0.0;0.02;0.0;0.0;0.0;78.92;0.58;15.17;168.6
2023-09-12;0.0;0.0;1.1;3.93;0.6;0.0;0.0;0.0;0.08;0.1;0.0;11.52;27.7;0.0;0.77;0.0;18.12;3.15;0.0;1.15;0.0;0.0;0.0;0.0;0.0;0.0;2.18;0.0;71.0;27.93;18.0;187.33000000000004
2023-09-13;0.17;0.0;1.15;29.33;0.67;0.0;0.18;0.0;0.0;0.9;0.0;8.95;0.0;5.07;0.0;0.0;30.43;0.0;1.58;4.8;0.0;1.6;0.13;0.0;0.73;3.2;0.03;0.0;60.17;20.65;0.68;170.42
2023-09-14;0.0;0.0;2.83;2.2;0.0;0.0;1.37;0.0;7.77;0.98;3.7;8.7;43.72;0.0;7.78;1.77;0.0;6.13;11.73;6.8;0.0;0.0;0.22;0.0;0.0;0.95;0.0;0.0;62.92;7.15;19.3;196.02
2023-09-15;0.17;0.0;4.62;13.43;0.98;0.0;2.52;0.0;0.2;3.38;0.03;10.88;0.0;3.3;0.0;0.68;0.78;4.43;0.0;3.25;0.0;0.27;0.17;0.0;1.48;0.45;0.0;0.0;69.8;35.6;27.5;183.92
2023-09-16;0.07;0.0;2.1;33.9;0.0;0.0;0.0;0.0;0.67;4.43;1.22;0.0;0.0;0.6;0.0;0.0;0.0;0.0;0.0;11.62;0.0;0.0;0.07;0.0;0.0;0.0;0.82;0.0;91.3;141.8;44.83;333.43
2023-09-17;6.28;0.0;1.0;2.35;3.55;0.0;0.28;0.0;0.0;0.2;3.08;10.7;0.0;0.2;0.32;0.43;1.02;15.28;0.0;0.32;45.78;0.0;0.58;0.0;1.22;0.0;0.15;0.0;82.53;3.47;0.0;178.73999999999998
2023-09-18;0.0;0.0;3.35;2.43;0.0;0.0;1.72;0.0;6.47;1.42;0.0;0.0;0.0;0.1;0.0;5.05;0.0;0.0;2.73;0.55;0.0;0.0;1.22;0.0;2.67;0.18;0.0;0.0;48.8;32.52;17.42;126.63000000000001
2023-09-19;0.13;0.0;0.98;5.23;0.08;0.0;2.8;0.0;0.08;2.4;0.0;0.0;0.0;0.0;0.0;3.67;0.67;0.0;7.12;16.02;0.0;0.0;2.33;0.0;3.32;1.05;0.43;0.0;72.57;1.38;6.85;127.10999999999999
2023-09-20;0.17;88.02;0.67;5.03;0.0;0.0;1.62;0.0;0.45;4.98;3.13;0.0;0.0;1.9;0.37;1.97;0.0;6.65;0.0;5.27;0.0;0.0;0.02;0.0;0.73;2.32;0.0;0.0;85.88;18.28;26.88;254.34
2023-09-21;3.57;38.22;3.43;29.7;0.0;0.0;13.88;0.0;0.0;7.85;4.67;0.0;41.25;0.0;0.0;0.0;0.0;4.75;0.0;15.38;4.78;0.0;0.05;0.0;1.15;0.0;0.23;0.0;157.22;8.82;0.58;335.53
2023-09-22;0.0;27.63;0.0;7.2;0.0;0.0;0.6;0.0;0.0;1.67;1.33;0.0;74.42;0.0;0.0;0.0;0.0;5.27;0.0;14.03;0.0;0.0;0.02;2.22;0.87;3.98;0.0;0.0;87.95;6.63;0.83;234.65
2023-09-23;1.52;0.0;4.75;2.73;0.0;0.0;4.02;0.0;1.03;104.38;3.25;0.0;133.68;0.0;0.0;0.0;0.0;0.0;0.0;10.17;0.0;0.0;0.17;0.0;0.22;0.0;0.0;0.0;81.63;4.83;49.23;401.61000000000007
2023-09-24;1.28;48.25;0.4;0.0;0.0;0.0;1.63;0.0;0.0;82.78;1.87;0.0;114.53;0.0;0.0;0.58;0.0;0.0;0.0;0.03;0.0;0.0;0.4;0.0;0.0;0.07;0.0;0.0;69.62;0.0;0.0;321.44000000000005
2023-09-25;0.0;0.0;1.32;1.25;0.73;0.0;2.08;0.0;0.62;0.47;0.0;0.0;12.67;0.0;0.62;1.43;14.2;0.0;9.27;0.07;0.0;0.0;4.52;0.0;1.0;2.5;1.45;0.0;51.27;8.45;0.0;113.92
2023-09-26;6.57;14.28;3.52;9.72;0.0;0.0;1.37;0.0;0.0;2.87;0.17;0.0;11.15;0.0;0.0;0.58;14.55;0.88;1.67;3.8;0.0;0.0;1.0;0.0;1.3;0.0;0.0;0.0;49.15;30.2;0.0;152.77999999999997
2023-09-27;5.68;0.0;2.23;1.35;0.2;0.0;1.1;0.0;3.08;0.62;4.47;0.0;10.2;0.0;0.0;1.65;24.52;0.0;1.3;1.1;0.0;0.0;1.23;0.0;1.28;0.0;0.0;0.0;52.1;13.52;0.0;125.62999999999998
2023-09-28;0.15;0.0;3.1;5.35;0.0;0.0;1.15;0.0;9.02;0.65;0.0;0.0;28.48;0.0;0.0;1.12;21.07;0.0;0.0;28.53;0.38;0.0;0.98;0.0;0.0;0.0;0.22;0.0;91.45;42.78;0.0;234.43
2023-09-29;5.65;2.98;1.28;3.65;0.4;0.0;1.67;0.0;0.42;3.68;0.0;0.0;0.0;0.0;0.0;5.63;2.77;6.7;16.12;4.7;0.0;0.0;1.85;0.0;0.58;0.1;0.0;0.0;76.23;2.95;0.0;137.36
2023-09-30;0.0;3.28;2.67;7.23;0.58;0.0;1.18;0.0;0.0;6.57;1.05;0.0;72.37;0.0;2.52;1.07;0.0;2.28;1.08;13.38;0.0;0.0;1.15;0.0;0.77;14.62;0.37;0.0;86.75;10.27;3.72;232.91
2023-10-01;0.17;0.0;0.93;0.83;0.0;0.0;0.3;0.0;0.0;1.07;0.35;0.0;55.6;0.0;0.0;0.0;0.0;0.0;4.03;8.58;0.0;0.0;0.37;0.0;1.7;0.0;0.0;0.0;36.35;0.82;0.22;111.32
2023-10-02;0.0;13.37;2.72;8.08;1.07;0.0;1.05;0.0;0.0;4.33;0.0;0.0;23.5;0.0;1.12;0.0;38.38;1.78;0.0;7.1;30.63;0.0;0.02;0.0;1.25;0.57;1.13;0.0;27.57;16.93;3.27;183.87
2023-10-03;3.07;0.03;11.63;15.95;0.65;0.0;1.08;0.0;0.0;1.23;0.07;0.0;53.1;2.82;0.0;0.0;15.1;0.0;0.0;14.82;0.72;1.43;2.03;0.0;0.0;1.1;0.0;0.0;55.8;34.32;0.0;214.95
2023-10-04;3.82;2.43;0.0;29.68;0.0;0.0;3.27;0.0;0.0;3.53;0.1;0.0;0.0;6.5;0.68;5.65;12.35;18.72;12.92;8.0;1.33;0.0;1.08;0.0;0.73;1.43;0.18;0.0;89.67;1.33;0.0;203.40000000000003
2023-10-05;5.0;12.95;0.4;29.72;0.0;0.0;2.28;0.0;0.0;2.2;0.67;0.0;33.93;0.88;0.0;1.82;4.03;0.0;0.0;5.05;0.0;0.0;0.2;0.0;0.58;2.43;0.27;4.4;83.55;10.03;4.05;204.44000000000003
2023-10-06;0.0;0.0;0.0;17.55;0.0;0.0;1.07;0.0;1.43;1.77;0.65;0.0;50.75;0.62;0.0;0.0;14.98;0.0;0.13;5.48;0.0;0.0;0.42;0.0;0.0;0.7;0.0;0.0;54.9;11.35;0.0;161.8
2023-10-07;0.05;75.68;0.0;3.55;0.0;0.0;0.0;0.0;0.0;2.15;0.12;0.0;144.25;0.0;0.0;0.0;0.32;0.0;0.0;1.53;0.0;0.0;0.0;0.0;2.2;0.85;4.35;0.0;47.6;11.55;0.0;294.2
2023-10-08;0.7;91.27;0.27;4.0;0.0;0.0;0.33;0.0;0.0;5.57;0.08;0.0;131.62;0.02;0.0;0.0;0.93;5.55;0.0;9.47;6.0;0.0;0.02;0.0;0.0;0.0;4.97;0.0;27.88;0.0;0.0;288.68
2023-10-09;0.87;0.0;0.0;24.38;0.0;0.0;1.15;0.0;0.0;9.15;2.0;0.0;56.12;1.32;0.0;0.0;0.0;0.0;0.0;4.48;0.0;0.48;0.15;0.0;1.1;2.15;1.48;0.0;87.38;14.83;0.0;207.04
2023-10-10;0.4;0.28;2.5;18.03;0.0;0.0;1.03;0.0;1.35;1.83;0.32;0.0;59.62;0.0;0.0;0.0;23.32;0.0;5.73;3.18;0.0;0.0;1.18;0.0;1.08;0.0;3.67;1.47;87.68;9.32;0.6;222.59
2023-10-11;13.38;0.0;0.27;6.85;0.0;0.0;1.95;0.0;6.02;2.73;0.58;0.0;72.13;0.0;0.0;0.97;0.0;0.0;0.0;5.23;0.0;0.0;0.32;0.0;0.7;0.0;0.0;0.0;79.48;73.42;0.0;264.03000000000003
2023-10-12;3.93;0.0;1.7;19.83;0.7;0.0;2.65;0.0;3.05;5.12;0.27;0.0;48.43;1.8;0.0;1.85;8.42;9.87;0.0;3.38;7.17;0.0;1.02;0.0;0.37;0.0;0.0;0.0;126.28;35.48;0.0;281.32
2023-10-13;1.07;0.0;2.28;9.33;0.0;0.0;3.63;0.0;0.0;1.6;0.0;0.0;56.6;0.0;0.0;4.0;4.75;2.33;0.0;11.45;0.0;0.78;1.57;0.0;0.0;1.63;0.0;0.0;80.88;14.68;0.0;196.57999999999998
2023-10-14;13.4;3.57;5.63;0.98;0.0;0.0;0.25;0.0;0.0;0.0;0.02;0.0;102.9;0.0;0.0;2.43;0.22;0.0;0.0;24.23;0.0;0.0;2.7;0.0;0.68;0.0;0.02;0.0;82.77;3.45;0.0;243.25
2023-10-15;0.25;71.83;1.17;4.03;0.0;0.0;0.28;0.0;0.0;0.6;0.0;0.0;133.57;0.0;0.0;1.88;1.67;9.58;0.0;93.38;4.17;0.0;0.17;0.0;0.28;0.72;0.0;0.0;63.72;46.22;0.0;433.5200000000001
2023-10-16;2.68;56.27;0.0;4.8;0.98;0.0;0.8;0.0;2.05;1.92;0.0;0.0;46.78;0.0;1.03;2.22;3.42;4.35;0.9;1.13;26.65;0.0;0.17;0.0;4.58;0.0;0.0;0.0;43.55;7.13;0.0;211.40999999999997
2023-10-17;1.28;3.03;2.95;4.85;0.0;0.0;0.75;0.0;7.42;2.93;0.22;0.0;0.0;0.0;0.0;3.83;9.25;4.47;12.12;8.33;0.0;0.0;0.85;0.0;0.78;0.0;6.9;0.0;66.52;26.1;3.87;166.45
2023-10-18;0.17;5.0;0.1;10.95;0.0;0.0;1.3;0.0;0.72;4.4;1.85;0.0;1.73;0.0;4.05;2.22;0.0;3.65;0.0;0.5;0.57;0.0;0.92;0.0;0.83;4.08;0.0;2.43;59.72;39.42;0.0;144.61
2023-10-19;31.13;29.08;6.3;9.3;0.0;0.0;1.23;0.0;5.07;3.87;1.83;0.0;105.87;0.97;0.0;2.1;0.78;8.82;0.0;1.3;13.35;2.0;1.87;0.0;2.47;2.73;0.0;0.0;82.12;16.77;0.0;328.96
2023-10-20;7.07;35.6;0.0;5.2;0.0;0.0;2.63;0.0;1.43;1.7;0.0;0.0;86.53;0.0;0.0;1.5;6.37;3.65;0.0;22.77;5.63;0.0;0.33;0.0;0.0;7.82;0.0;0.0;26.87;10.52;0.0;225.62000000000006
2023-10-21;2.75;202.25;0.0;8.78;0.0;0.0;0.0;0.0;0.0;0.0;0.0;0.0;124.98;0.0;0.0;2.08;0.0;8.27;0.0;1.17;46.1;3.35;0.05;0.0;0.35;7.35;0.23;0.0;41.0;17.9;0.0;466.61000000000007
2023-10-22;0.28;16.85;1.72;8.67;0.0;0.0;0.3;0.0;0.0;0.57;2.15;0.0;24.5;0.0;0.0;5.05;0.0;5.28;0.0;5.37;7.37;0.0;0.4;0.0;0.38;1.67;1.47;0.0;144.23;97.63;0.0;323.89
2023-10-23;0.05;0.0;0.58;32.47;0.0;0.0;1.27;0.0;0.23;2.68;0.05;0.0;0.0;0.0;0.0;7.67;63.4;0.0;1.08;0.22;0.0;0.0;3.23;0.0;1.95;1.08;0.0;0.0;98.78;17.5;0.0;232.24
2023-10-24;0.65;0.0;2.88;12.6;0.0;0.0;1.4;0.0;0.0;5.68;0.0;0.0;0.0;0.0;0.0;4.93;44.23;0.77;15.43;0.53;0.0;0.0;4.37;0.0;1.88;0.0;3.18;0.0;59.52;22.52;0.0;180.57000000000002
2023-10-25;0.0;0.0;0.87;33.88;5.4;0.0;1.75;0.0;0.0;3.67;3.28;0.0;5.9;0.98;0.0;5.12;11.52;1.35;4.53;4.37;0.0;0.0;2.4;0.0;3.45;1.4;0.0;0.0;59.38;1.92;0.0;151.17
2023-10-26;0.0;0.0;0.0;13.77;0.27;0.0;2.25;0.0;0.0;2.03;1.05;0.0;0.0;0.0;2.3;0.87;0.0;7.7;0.0;6.22;0.0;0.0;6.17;0.0;2.2;0.32;0.85;0.0;46.23;11.72;0.0;103.95
2023-10-27;0.0;0.0;0.15;10.48;0.0;0.0;2.08;0.0;0.23;2.67;1.6;0.0;61.9;0.0;0.0;2.68;32.65;4.25;8.98;25.3;0.0;0.0;5.62;0.0;0.62;0.22;0.0;0.0;50.77;11.28;0.0;221.48000000000002
2023-10-28;0.63;28.05;1.02;2.22;7.25;0.0;1.83;0.0;0.0;0.65;0.02;0.0;64.07;0.0;0.0;4.23;0.0;14.28;0.0;7.53;0.0;0.0;0.07;0.0;3.88;0.93;0.3;0.0;80.3;14.33;0.0;231.59
2023-10-29;0.1;0.0;0.0;3.72;1.6;0.0;0.22;0.0;0.0;1.57;0.0;0.0;0.0;0.0;1.78;0.0;1.35;4.13;0.0;0.0;0.0;0.0;0.02;0.0;1.12;2.53;3.48;0.0;27.32;28.38;0.0;77.32
2023-10-30;1.63;0.0;0.27;5.23;0.35;0.0;1.38;0.0;0.07;3.88;0.0;0.0;0.0;0.0;0.0;0.0;30.97;0.0;9.68;16.8;0.53;0.0;0.22;0.0;1.08;0.0;0.77;0.0;45.87;59.08;0.0;177.81
2023-10-31;2.22;8.37;3.47;34.37;1.0;0.0;1.38;0.0;0.0;6.08;0.28;0.0;52.65;0.0;0.0;0.6;33.85;0.72;3.0;8.95;0.0;0.0;0.3;0.0;0.15;4.88;4.57;0.0;105.97;15.28;0.0;288.0899999999999
2023-11-01;2.13;0.0;1.93;5.08;0.27;0.0;1.0;0.0;0.0;0.97;0.0;0.0;73.27;0.0;3.23;0.47;0.0;0.0;0.0;22.35;1.43;0.0;0.28;0.0;0.0;0.1;2.28;0.0;83.83;0.0;0.0;198.62
2023-11-02;0.53;0.0;0.48;5.73;0.0;0.0;0.68;0.0;0.12;0.58;0.0;0.0;42.43;0.0;1.68;8.52;11.6;4.4;0.0;1.18;0.0;0.0;11.28;0.0;0.77;2.63;0.53;0.0;72.48;0.0;0.0;165.62
2023-11-03;0.0;0.0;2.52;1.52;0.85;0.0;0.02;3.98;0.0;1.45;0.33;0.0;57.83;0.0;1.87;6.07;0.0;1.78;0.0;1.63;0.0;0.0;0.67;0.0;0.0;4.25;0.0;0.0;79.82;4.42;5.93;174.93999999999997
2023-11-04;0.0;10.72;2.6;3.52;0.0;0.0;0.0;16.97;0.35;0.7;0.0;0.0;227.42;0.0;1.47;0.73;0.0;3.6;0.0;14.6;0.0;0.0;0.28;0.0;0.0;1.15;0.0;0.0;154.63;16.97;0.78;456.49
2023-11-05;0.13;0.0;6.92;16.75;0.0;0.0;0.0;0.0;2.35;2.45;4.43;0.0;113.38;0.0;2.63;0.67;0.32;2.48;0.0;7.07;8.77;0.0;4.68;6.43;0.0;0.0;0.0;0.0;45.5;10.78;0.0;235.73999999999998
2023-11-06;0.92;7.02;0.07;5.42;0.0;0.0;0.0;0.0;0.0;0.78;0.0;0.0;138.77;0.88;0.0;1.7;0.0;2.47;0.0;6.65;31.73;0.0;2.23;0.0;0.0;0.0;0.78;0.0;61.95;4.13;0.0;265.5
2023-11-07;0.32;0.0;1.62;6.8;0.0;0.0;0.28;0.0;0.0;4.4;0.0;0.0;0.0;0.0;0.0;2.13;0.45;14.42;0.0;0.0;7.3;0.0;2.38;0.0;1.12;5.78;5.92;0.0;97.62;7.82;0.0;158.36
2023-11-08;0.33;0.0;3.62;8.27;0.35;0.0;25.58;0.0;0.0;6.5;0.02;0.0;0.0;0.0;0.0;2.73;43.08;2.28;4.72;2.28;1.0;0.0;5.38;0.0;0.92;1.5;0.0;0.0;100.83;13.75;0.0;223.14
2023-11-09;1.07;0.0;3.0;24.15;0.0;0.0;1.58;0.0;0.0;3.57;0.0;0.0;0.0;0.0;0.0;2.53;6.98;0.0;3.25;1.83;5.65;0.0;3.03;0.0;0.0;0.92;0.0;0.0;54.85;18.67;0.0;131.07999999999998
2023-11-10;0.58;0.0;3.32;8.88;0.0;0.0;1.17;0.0;0.0;1.97;1.92;0.0;139.68;2.4;7.63;3.17;17.07;2.07;3.52;4.03;3.52;0.23;4.18;0.62;0.47;2.67;0.05;0.0;115.93;4.05;0.0;329.13000000000005
2023-11-11;2.1;3.45;0.35;24.57;6.68;0.0;0.08;8.23;0.0;2.18;0.0;0.0;0.0;13.6;2.47;0.0;1.62;1.3;0.0;10.13;13.87;0.0;0.53;0.0;0.0;5.52;0.53;0.0;54.95;121.97;0.0;274.13
2023-11-12;0.97;5.27;1.37;14.02;0.0;84.43;0.02;0.02;0.0;1.15;4.58;0.0;0.0;0.0;1.17;0.18;1.08;0.7;0.0;11.18;3.37;0.0;0.1;0.0;0.0;0.33;0.0;0.0;87.03;41.87;0.0;258.84000000000003
2023-11-13;1.65;0.0;0.0;7.82;0.0;96.48;0.67;0.0;0.0;1.03;0.0;0.0;0.0;0.0;0.0;2.78;4.73;0.0;5.05;1.18;3.73;0.0;1.52;0.0;0.6;1.88;0.0;0.0;56.02;30.22;0.0;215.36
2023-11-14;4.0;0.23;0.77;12.1;0.48;48.8;1.97;0.0;0.0;0.97;1.27;0.0;16.45;0.0;0.0;1.43;11.47;1.87;36.42;19.47;0.83;0.0;1.98;0.0;0.93;0.0;0.0;0.0;71.18;6.7;0.0;239.32000000000002
2023-11-15;0.0;0.0;2.98;2.73;0.0;37.25;1.62;0.0;5.4;0.7;0.03;0.0;0.0;0.0;0.0;3.4;16.25;0.0;6.65;22.15;3.3;0.0;2.12;0.0;0.0;0.6;1.65;0.0;45.88;9.95;0.0;162.66
2023-11-16;21.72;1.02;0.83;13.22;0.0;106.35;1.25;10.38;0.0;3.95;1.92;0.0;16.62;0.0;0.0;2.02;12.33;26.07;2.92;4.88;2.83;0.0;3.42;0.0;0.0;17.43;0.0;0.0;54.48;0.0;0.0;303.64
2023-11-17;0.13;0.0;0.35;13.2;0.0;81.12;2.2;0.0;0.7;1.32;0.0;0.0;0.57;2.45;0.0;1.73;4.57;9.37;9.32;8.05;1.52;0.0;1.05;0.0;1.12;0.0;0.0;0.0;114.2;7.85;0.0;260.82000000000005
2023-11-18;5.03;0.0;0.0;6.97;0.47;128.33;0.73;0.0;0.0;4.47;0.15;0.0;56.83;0.0;0.0;0.0;4.42;0.0;0.0;6.73;8.78;0.5;0.03;0.0;0.0;0.33;0.0;0.0;65.87;31.87;0.0;321.51
2023-11-19;0.45;0.0;0.18;5.43;0.0;82.28;0.33;3.48;0.0;1.98;0.13;0.0;0.0;0.0;6.97;1.77;0.0;0.45;34.07;11.63;10.47;0.0;0.5;0.0;0.0;0.0;0.6;0.0;71.03;86.88;0.0;318.63
2023-11-20;6.03;0.0;1.15;2.72;0.0;66.8;0.87;2.22;0.0;3.98;0.0;0.0;0.0;0.0;4.32;0.4;18.37;0.0;11.72;0.08;7.6;0.0;1.28;0.0;1.05;0.67;0.0;0.0;62.2;27.37;0.0;218.82999999999998
2023-11-21;3.67;0.0;0.97;10.17;0.0;30.6;0.85;0.0;0.0;2.9;0.65;0.0;24.68;0.0;0.0;4.62;40.92;0.8;6.98;0.15;0.0;0.0;1.07;0.0;0.7;1.42;6.15;0.0;57.13;23.2;0.0;217.62999999999997
2023-11-22;5.0;0.0;2.05;12.2;0.0;62.43;1.82;0.0;0.93;5.95;0.17;0.0;0.0;0.0;0.0;2.1;8.1;0.0;27.75;30.63;1.1;0.0;0.58;0.0;0.98;0.0;0.0;0.0;49.1;16.93;0.0;227.82
2023-11-23;1.32;2.53;4.97;4.87;0.0;128.9;2.4;0.92;0.0;2.73;2.22;0.0;0.0;0.0;0.0;3.42;9.55;0.0;19.22;1.52;1.95;0.0;0.72;0.0;0.0;0.2;0.0;0.0;52.82;58.15;0.0;298.40999999999997
2023-11-24;2.22;0.0;0.0;4.97;0.0;60.12;0.45;0.0;0.0;0.63;3.1;0.0;176.68;0.0;0.0;0.0;0.27;0.0;0.0;4.15;2.1;0.0;0.57;0.0;0.7;2.48;4.12;0.0;115.25;0.0;0.0;377.81
2023-11-25;3.25;0.0;0.38;0.92;0.0;0.0;0.0;0.0;0.0;2.38;0.0;0.0;0.0;1.55;0.0;4.15;5.07;0.0;0.0;11.12;3.1;0.0;2.98;0.0;0.0;1.55;0.0;0.0;86.23;95.3;0.0;217.98000000000002
2023-11-26;0.28;15.0;1.35;7.17;0.32;0.0;1.02;0.0;0.0;2.53;0.0;0.0;0.0;0.0;0.0;2.17;1.12;1.38;0.0;8.03;1.83;0.0;3.22;0.0;0.0;0.58;0.0;0.0;96.1;63.02;0.0;205.12
2023-11-27;0.12;21.33;4.75;11.53;0.0;0.0;0.93;15.1;2.05;4.07;0.0;0.0;0.0;0.0;1.25;0.47;0.95;2.73;0.0;21.82;1.23;0.0;0.83;0.0;0.0;1.17;0.0;0.0;86.92;28.53;0.0;205.78
2023-11-28;2.13;29.9;2.33;17.13;0.0;0.0;1.38;0.92;0.0;4.15;0.48;0.0;0.0;0.0;0.18;0.78;0.65;2.17;0.0;18.42;0.0;0.0;1.28;0.37;1.55;3.75;0.8;3.8;39.9;74.67;0.0;206.74
2023-11-29;0.0;0.0;0.78;1.25;0.35;0.0;1.42;0.0;0.9;1.65;0.4;0.0;112.17;0.0;0.0;0.0;1.93;0.0;0.0;7.9;0.0;0.13;0.6;9.65;0.0;0.0;0.0;0.0;87.17;33.93;0.7;260.93
2023-11-30;3.53;9.97;1.72;1.77;1.5;0.0;2.15;0.0;0.0;0.58;0.0;0.0;136.62;0.0;0.0;5.17;6.87;0.0;0.0;3.55;0.0;0.0;6.63;0.0;0.0;0.0;0.0;0.0;76.13;21.25;0.0;277.44
2023-12-01;1.03;83.52;0.0;24.57;0.0;0.0;2.53;0.0;0.0;1.97;0.0;0.0;179.85;1.65;0.0;1.33;0.0;0.0;0.0;5.2;3.25;0.0;0.32;0.0;0.0;0.28;8.17;1.37;68.25;73.05;1.4;457.73999999999995
2023-12-02;0.0;69.28;2.32;5.23;0.0;0.0;0.22;0.0;0.0;4.7;1.92;0.0;45.98;0.0;3.93;2.37;0.35;2.12;0.0;14.83;0.62;0.0;0.95;0.0;0.0;2.57;5.93;0.0;68.82;71.63;0.0;303.77
2023-12-03;0.0;37.98;0.3;9.98;2.4;0.0;0.28;7.6;0.0;0.0;0.02;0.0;104.23;0.0;1.03;0.0;0.0;0.0;0.0;11.0;0.0;0.0;0.28;0.0;0.15;0.0;0.0;0.0;45.35;0.85;0.0;221.45
2023-12-04;0.5;0.0;0.28;29.3;5.63;0.0;1.23;0.65;0.0;0.25;2.57;0.0;116.12;0.0;2.78;2.18;0.0;2.95;0.0;0.38;0.0;3.68;3.57;1.42;0.0;3.55;10.28;0.4;105.15;3.98;0.0;296.85
2023-12-05;0.0;0.0;10.9;2.17;0.87;0.0;1.53;0.0;0.07;1.08;0.0;0.0;61.13;0.0;0.85;2.95;0.0;0.0;0.0;2.57;0.0;0.0;3.17;34.27;0.67;0.05;0.0;0.88;85.88;19.73;0.0;228.76999999999998
2023-12-06;0.0;16.17;1.33;0.32;0.0;0.0;0.73;1.88;0.0;0.0;0.0;0.0;137.8;0.0;0.0;0.0;0.0;0.0;0.0;2.75;0.0;0.0;0.0;0.0;0.0;0.0;0.0;1.73;56.57;41.95;0.0;261.23
2023-12-07;0.0;58.25;2.3;0.0;0.0;0.0;0.0;0.0;0.0;0.0;0.0;0.0;122.33;0.0;1.8;0.0;0.0;0.0;0.0;6.05;2.72;0.0;0.35;42.8;0.0;0.13;0.0;5.13;58.53;0.9;0.0;301.28999999999996
2023-12-08;0.42;27.92;0.0;5.25;0.0;0.0;0.0;10.05;0.0;1.48;1.03;0.0;32.0;0.0;2.25;2.25;1.62;3.02;0.0;8.08;0.0;0.0;0.07;0.6;0.0;0.0;0.67;14.78;77.57;168.42;1.25;358.73
2023-12-09;0.0;14.03;1.85;3.73;0.0;0.0;0.0;1.27;0.0;0.05;1.67;0.0;12.65;0.0;1.05;0.55;1.48;0.0;0.0;0.0;0.0;0.62;0.92;0.0;0.0;0.52;0.0;0.77;31.58;63.87;0.0;136.60999999999999
2023-12-10;0.0;33.92;0.9;6.58;0.0;0.0;0.25;0.0;0.0;1.62;0.9;0.0;125.3;0.0;0.37;0.0;0.0;0.0;0.0;37.43;0.0;0.0;0.53;0.0;0.0;0.0;0.0;0.0;65.12;55.25;0.0;328.17
2023-12-11;0.0;0.0;3.73;2.68;0.0;0.0;0.47;0.0;0.0;0.15;1.05;0.0;105.1;0.0;0.0;0.0;0.52;1.95;0.0;2.88;2.12;0.0;0.85;17.58;0.0;0.02;1.6;2.2;50.35;31.9;0.0;225.14999999999998
2023-12-12;0.0;60.27;3.03;5.57;0.0;0.0;3.6;0.0;0.0;2.58;0.0;0.0;0.0;0.28;0.0;0.0;0.0;1.18;0.0;1.27;0.0;0.0;0.7;0.0;0.38;0.18;0.0;0.0;58.03;94.65;1.45;233.17
2023-12-13;0.15;119.18;1.52;7.58;0.0;0.0;0.13;0.0;0.0;1.42;1.62;0.0;33.67;5.45;0.0;1.3;0.0;0.0;0.0;8.88;1.1;0.0;0.05;0.0;0.0;4.7;2.88;2.33;75.0;76.22;0.0;343.17999999999995
2023-12-14;0.0;40.52;23.78;9.67;0.0;0.0;2.93;17.53;0.0;5.37;0.0;0.0;95.65;0.02;5.8;1.73;1.33;0.0;0.0;29.57;0.0;0.0;1.67;0.0;0.57;3.62;0.35;0.0;118.57;0.0;0.0;358.68000000000006
2023-12-15;0.33;13.37;0.0;27.87;0.0;0.0;1.45;0.0;0.0;1.72;2.7;0.0;147.5;0.0;0.0;0.0;1.75;16.57;0.0;0.0;0.0;0.0;0.35;7.25;0.43;0.0;0.3;0.0;94.25;3.7;0.0;319.54
2023-12-16;0.0;0.0;15.18;4.3;0.0;0.0;0.15;0.0;0.0;0.1;0.0;0.0;227.17;0.0;0.0;0.5;0.0;0.95;0.0;32.38;0.87;0.0;0.15;0.0;0.0;0.0;0.0;0.0;51.85;11.0;0.0;344.59999999999997
2023-12-17;0.0;7.72;1.25;4.32;0.0;0.0;0.0;0.0;0.0;0.75;1.83;0.0;185.75;3.13;0.0;0.0;0.0;0.0;0.0;0.0;0.0;0.0;0.55;0.0;0.35;0.0;3.42;0.0;66.6;119.58;0.0;395.24999999999994
2023-12-18;0.17;0.0;0.0;11.42;0.0;0.0;0.87;0.0;0.0;1.87;1.58;0.0;71.48;0.0;1.62;0.0;0.0;9.17;0.0;0.0;0.0;0.0;0.25;24.48;0.0;0.13;0.0;0.0;71.37;138.67;0.0;333.08000000000004
2023-12-19;1.05;0.0;0.0;32.15;0.32;0.0;1.73;1.0;0.0;2.5;0.05;0.0;108.67;0.0;5.97;1.17;0.83;40.12;0.0;2.45;0.0;0.0;0.98;0.0;0.0;3.62;0.98;0.0;95.68;9.05;0.05;308.37
2023-12-20;0.0;0.0;0.53;4.85;0.35;0.0;0.32;0.0;0.0;3.27;0.02;0.0;139.23;0.0;2.98;0.0;0.0;1.18;0.0;0.33;0.0;0.0;0.22;0.0;0.0;2.4;0.0;0.0;67.0;26.07;0.0;248.75
2023-12-21;0.0;0.0;0.15;13.92;0.0;0.0;0.0;0.0;1.5;0.95;0.63;0.0;0.0;0.0;9.08;0.52;0.97;0.0;0.0;0.0;0.0;0.0;0.85;0.28;0.0;0.0;0.12;0.0;55.57;229.63;0.0;314.16999999999996
2023-12-22;0.05;0.0;1.93;14.35;0.37;0.0;0.0;0.7;0.0;2.87;1.7;0.0;0.0;0.0;4.37;0.0;0.5;2.9;0.0;1.27;0.28;3.93;0.92;4.45;0.0;0.0;28.93;0.55;68.1;175.05;0.0;313.22
2023-12-23;0.8;0.0;0.0;17.7;4.15;0.0;0.0;0.0;0.0;2.82;2.23;0.0;82.75;0.0;2.7;0.72;4.78;0.0;0.0;0.0;0.0;0.0;0.72;0.0;0.0;0.03;0.0;0.0;95.33;35.25;0.0;249.98000000000002
2023-12-24;0.0;15.75;0.0;4.58;0.0;0.0;0.0;0.0;0.0;0.0;0.02;0.0;162.07;1.62;0.0;1.18;0.0;1.12;0.0;4.93;0.92;0.0;0.13;33.67;1.1;0.0;9.68;0.0;44.27;0.02;0.0;281.06
2023-12-25;0.38;35.17;0.0;6.22;0.0;0.0;0.85;0.0;0.0;1.32;0.02;0.0;119.15;0.0;0.02;0.82;0.0;0.0;0.0;3.75;0.0;0.0;1.97;13.5;0.0;0.95;0.0;1.87;46.07;44.02;0.0;276.08
2023-12-26;12.2;0.2;0.27;3.68;0.43;0.0;0.0;0.0;0.28;3.63;3.62;0.0;44.97;0.53;1.17;1.47;0.28;4.55;0.0;0.0;0.0;1.85;2.98;4.17;0.0;1.83;17.37;0.0;37.32;48.05;0.0;190.85000000000002
2023-12-27;0.13;0.0;0.07;33.1;0.0;0.0;0.0;2.13;0.0;3.9;0.0;0.0;0.0;0.0;0.0;1.25;0.0;0.0;0.0;9.23;0.0;12.55;0.03;0.53;0.25;2.75;0.78;0.0;98.08;117.15;0.0;281.93
2023-12-28;2.33;0.0;0.0;16.77;0.0;0.0;0.0;0.0;0.0;3.12;0.07;0.0;27.35;2.45;0.0;0.73;0.0;3.68;0.0;0.0;4.5;2.37;0.88;0.0;0.12;0.0;4.07;0.15;105.8;51.18;0.0;225.57
2023-12-29;0.0;0.0;7.68;1.07;0.0;0.0;0.12;0.0;0.0;0.52;0.0;0.0;29.73;0.0;13.53;2.22;0.0;2.03;0.0;1.87;0.0;0.0;1.12;6.45;0.0;6.07;0.0;0.0;69.62;0.0;0.0;142.03
2023-12-30;0.0;0.0;0.2;0.0;0.0;0.0;0.0;4.18;0.0;0.0;0.0;0.0;8.13;0.0;0.0;0.0;0.0;2.48;0.0;0.32;0.0;0.0;0.1;0.0;0.0;0.0;0.0;0.0;24.62;0.0;0.0;40.03
2023-12-31;0.0;0.0;0.95;2.82;0.0;0.0;0.0;7.62;11.97;3.38;1.2;0.0;169.67;0.0;12.25;0.0;0.0;0.0;0.0;25.12;0.0;0.0;0.0;38.33;0.0;0.0;0.0;0.0;106.55;14.38;0.0;394.24
2024-01-01;0.17;0.0;0.58;3.03;0.0;0.0;0.0;10.48;0.0;1.95;0.0;0.0;66.88;0.0;0.18;0.63;0.0;0.0;0.0;18.37;0.37;4.33;0.27;0.0;0.32;0.0;0.0;0.0;64.95;79.62;0.0;252.13
2024-01-02;0.43;39.85;0.65;8.13;0.0;0.0;0.0;0.0;0.0;2.52;0.0;0.0;0.0;0.0;0.0;0.92;2.05;7.55;0.0;48.77;0.98;0.0;1.02;0.0;0.0;0.0;46.15;0.68;68.92;96.22;0.0;324.84000000000003
2024-01-03;0.13;0.1;0.68;18.25;0.0;0.0;0.0;5.28;0.0;3.2;0.85;0.0;57.18;0.0;0.0;0.52;0.3;17.52;0.0;8.57;0.0;0.0;1.57;0.0;0.73;0.02;3.43;0.0;55.13;0.0;0.0;173.45999999999998
2024-01-04;0.53;0.0;0.0;11.85;0.0;0.0;0.0;0.0;0.0;1.22;0.93;0.0;82.88;0.0;14.98;0.0;0.07;2.3;0.0;5.2;0.0;0.47;0.47;6.65;0.0;1.17;2.98;0.0;71.65;33.75;0.0;237.1
2024-01-05;0.0;0.0;0.0;3.25;0.0;0.0;0.92;0.0;0.0;0.42;2.17;0.0;112.33;0.0;0.0;13.0;0.0;0.0;0.0;1.83;0.0;0.0;12.25;0.0;0.2;7.37;0.0;0.0;47.52;53.65;52.8;307.71000000000004
2024-01-06;0.0;0.0;0.0;1.75;0.33;0.0;1.05;0.0;0.0;0.0;0.02;0.0;50.9;0.0;0.52;2.25;0.28;1.77;0.0;3.78;0.0;0.0;2.95;0.0;0.0;1.12;0.0;0.0;122.45;3.78;5.9;198.85000000000002
2024-01-07;0.0;0.0;0.88;1.2;0.0;0.0;0.0;0.0;0.0;0.38;0.0;0.0;85.22;0.0;10.27;0.28;0.0;0.0;0.0;24.37;0.0;0.0;11.1;0.0;0.32;1.97;0.93;0.0;71.03;0.0;0.0;207.95
2024-01-08;0.0;0.0;0.0;4.95;0.0;0.0;0.35;0.0;0.0;0.33;0.0;0.0;163.78;0.0;0.0;0.85;0.0;0.0;0.0;7.47;0.0;0.0;0.07;0.0;0.0;0.0;2.45;0.0;65.85;3.72;33.18;282.99999999999994
