date;bing.com;chat.openai.com;colab.research.google.com;docs.google.com;drive.google.com;facebook.com;github.com;google.com;instagram.com;kaggle.com;linkedin.com;mail.google.com;meet.google.com;platform.openai.com;stackoverflow.com;udea.edu.co;udeaeduco-my.sharepoint.com;upwork.com;web.whatsapp.com;whatsapp.com;wolframalpha.com;youtube.com;total_usage;calendar.google.com;classroom.google.com;es.symbolab.com;familia-losruedaposadamv.on.drv.tw;freelancer.com.co;hbomax.com;netflix.com;overleaf.com;photos.google.com;portals.wetransfer.com;primevideo.com;rappi.com.co;roblox.com;rutan-medellin.udemy.com
2022-10-28;0.0;0.0;0.0;0.0;0.0;0.0;0.0;0.0;0.0;0.0;0.0;0.0;0.0;0.0;0.0;0.0;0.0;0.0;0.0;0.0;0.0;0.0;0.0;0.0;0.0;0.0;0.0;0.0;0.0;0.0;0.0;0.0;0.0;0.0;0.0;0.0;0.0
2022-10-29;0.0;0.0;0.0;0.0;0.0;0.0;0.0;0.0;0.0;0.0;0.0;0.0;0.0;0.0;0.0;0.0;0.0;0.0;0.0;0.0;0.0;0.0;0.0;0.0;0.0;0.0;0.0;0.0;0.0;0.0;0.0;0.0;0.0;0.0;0.0;0.0;0.0
2022-10-30;0.0;0.0;0.0;0.0;0.0;0.0;0.0;0.0;0.0;0.0;0.0;0.0;0.0;0.0;0.0;0.0;0.0;0.0;0.0;0.0;0.0;0.0;0.0;0.0;0.0;0.0;0.0;0.0;0.0;0.0;0.0;0.0;0.0;0.0;0.0;0.0;0.0
2022-10-31;0.0;0.0;0.0;0.0;0.0;0.0;0.0;0.0;0.0;0.0;0.0;0.0;0.0;0.0;0.0;0.0;0.0;0.0;0.0;0.0;0.0;0.0;0.0;0.0;0.0;0.0;0.0;0.0;0.0;0.0;0.0;0.0;0.0;0.0;0.0;0.0;0.0
2022-11-01;0.0;0.0;0.0;0.0;0.0;0.0;0.0;0.0;0.0;0.0;0.0;0.0;0.0;0.0;0.0;0.0;0.0;0.0;0.0;0.0;0.0;0.0;0.0;0.0;0.0;0.0;0.0;0.0;0.0;0.0;0.0;0.0;0.0;0.0;0.0;0.0;0.0
2022-11-02;0.0;0.0;0.0;0.0;0.0;0.0;0.0;0.0;0.0;0.0;0.0;0.0;0.0;0.0;0.0;0.0;0.0;0.0;0.0;0.0;0.0;0.0;0.0;0.0;0.0;0.0;0.0;0.0;0.0;0.0;0.0;0.0;0.0;0.0;0.0;0.0;0.0
2022-11-03;0.0;0.0;0.0;0.0;0.0;0.0;0.0;0.0;0.0;0.0;0.0;0.0;0.0;0.0;0.0;0.0;0.0;0.0;0.0;0.0;0.0;0.0;0.0;0.0;0.0;0.0;0.0;0.0;0.0;0.0;0.0;0.0;0.0;0.0;0.0;0.0;0.0
2022-11-04;0.0;0.0;0.0;0.0;0.0;0.0;0.0;0.0;0.0;0.0;0.0;0.0;0.0;0.0;0.0;0.0;0.0;0.0;0.0;0.0;0.0;0.0;0.0;0.0;0.0;0.0;0.0;0.0;0.0;0.0;0.0;0.0;0.0;0.0;0.0;0.0;0.0
2022-11-05;0.0;0.0;0.0;0.0;0.0;0.0;0.0;0.0;0.0;0.0;0.0;0.0;0.0;0.0;0.0;0.0;0.0;0.0;0.0;0.0;0.0;0.0;0.0;0.0;0.0;0.0;0.0;0.0;0.0;0.0;0.0;0.0;0.0;0.0;0.0;0.0;0.0
2022-11-06;0.0;0.0;0.0;0.0;0.0;0.0;0.0;0.0;0.0;0.0;0.0;0.0;0.0;0.0;0.0;0.0;0.0;0.0;0.0;0.0;0.0;0.0;0.0;0.0;0.0;0.0;0.0;0.0;0.0;0.0;0.0;0.0;0.0;0.0;0.0;0.0;0.0
2022-11-07;0.0;0.0;0.0;0.0;0.0;0.0;0.0;0.0;0.0;0.0;0.0;0.0;0.0;0.0;0.0;0.0;0.0;0.0;0.0;0.0;0.0;0.0;0.0;0.0;0.0;0.0;0.0;0.0;0.0;0.0;0.0;0.0;0.0;0.0;0.0;0.0;0.0
2022-11-08;0.0;0.0;0.0;0.0;0.0;0.0;0.0;0.0;0.0;0.0;0.0;0.0;0.0;0.0;0.0;0.0;0.0;0.0;0.0;0.0;0.0;0.0;0.0;0.0;0.0;0.0;0.0;0.0;0.0;0.0;0.0;0.0;0.0;0.0;0.0;0.0;0.0
2022-11-09;0.0;0.0;0.0;0.0;0.0;0.0;0.0;0.0;0.0;0.0;0.0;0.0;0.0;0.0;0.0;0.0;0.0;0.0;0.0;0.0;0.0;0.0;0.0;0.0;0.0;0.0;0.0;0.0;0.0;0.0;0.0;0.0;0.0;0.0;0.0;0.0;0.0
2022-11-10;0.0;0.0;0.0;0.0;0.0;0.0;0.0;0.0;0.0;0.0;0.0;0.0;0.0;0.0;0.0;0.0;0.0;0.0;0.0;0.0;0.0;0.0;0.0;0.0;0.0;0.0;0.0;0.0;0.0;0.0;0.0;0.0;0.0;0.0;0.0;0.0;0.0
2022-11-11;0.0;0.0;0.0;0.0;0.0;0.0;0.0;0.0;0.0;0.0;0.0;0.0;0.0;0.0;0.0;0.0;0.0;0.0;0.0;0.0;0.0;0.0;0.0;0.0;0.0;0.0;0.0;0.0;0.0;0.0;0.0;0.0;0.0;0.0;0.0;0.0;0.0
2022-11-12;0.0;0.0;0.0;0.0;0.0;0.0;0.0;0.0;0.0;0.0;0.0;0.0;0.0;0.0;0.0;0.0;0.0;0.0;0.0;0.0;0.0;0.0;0.0;0.0;0.0;0.0;0.0;0.0;0.0;0.0;0.0;0.0;0.0;0.0;0.0;0.0;0.0
2022-11-13;0.0;0.0;0.0;0.0;0.0;0.0;0.0;0.0;0.0;0.0;0.0;0.0;0.0;0.0;0.0;0.0;0.0;0.0;0.0;0.0;0.0;0.0;0.0;0.0;0.0;0.0;0.0;0.0;0.0;0.0;0.0;0.0;0.0;0.0;0.0;0.0;0.0
2022-11-14;0.0;0.0;0.0;0.0;0.0;0.0;0.0;0.0;0.0;0.0;0.0;0.0;0.0;0.0;0.0;0.0;0.0;0.0;0.0;0.0;0.0;0.0;0.0;0.0;0.0;0.0;0.0;0.0;0.0;0.0;0.0;0.0;0.0;0.0;0.0;0.0;0.0
2022-11-15;0.0;0.0;0.0;0.0;0.0;0.0;0.0;0.0;0.0;0.0;0.0;0.0;0.0;0.0;0.0;0.0;0.0;0.0;0.0;0.0;0.0;0.0;0.0;0.0;0.0;0.0;0.0;0.0;0.0;0.0;0.0;0.0;0.0;0.0;0.0;0.0;0.0
2022-11-16;0.0;0.0;0.0;0.0;0.0;0.0;0.0;0.0;0.0;0.0;0.0;0.0;0.0;0.0;0.0;0.0;0.0;0.0;0.0;0.0;0.0;0.0;0.0;0.0;0.0;0.0;0.0;0.0;0.0;0.0;0.0;0.0;0.0;0.0;0.0;0.0;0.0
2022-11-17;0.0;0.0;0.0;0.0;0.0;0.0;0.0;0.0;0.0;0.0;0.0;0.0;0.0;0.0;0.0;0.0;0.0;0.0;0.0;0.0;0.0;0.0;0.0;0.0;0.0;0.0;0.0;0.0;0.0;0.0;0.0;0.0;0.0;0.0;0.0;0.0;0.0
2022-11-18;0.0;0.0;0.0;0.0;0.0;0.0;0.0;0.0;0.0;0.0;0.0;0.0;0.0;0.0;0.0;0.0;0.0;0.0;0.0;0.0;0.0;0.0;0.0;0.0;0.0;0.0;0.0;0.0;0.0;0.0;0.0;0.0;0.0;0.0;0.0;0.0;0.0
2022-11-19;0.0;0.0;0.0;0.0;0.0;0.0;0.0;0.0;0.0;0.0;0.0;0.0;0.0;0.0;0.0;0.0;0.0;0.0;0.0;0.0;0.0;0.0;0.0;0.0;0.0;0.0;0.0;0.0;0.0;0.0;0.0;0.0;0.0;0.0;0.0;0.0;0.0
2022-11-20;0.0;0.0;0.0;0.0;0.0;0.0;0.0;0.0;0.0;0.0;0.0;0.0;0.0;0.0;0.0;0.0;0.0;0.0;0.0;0.0;0.0;0.0;0.0;0.0;0.0;0.0;0.0;0.0;0.0;0.0;0.0;0.0;0.0;0.0;0.0;0.0;0.0
2022-11-21;0.0;0.0;0.0;0.0;0.0;0.0;0.0;0.0;0.0;0.0;0.0;0.0;0.0;0.0;0.0;0.0;0.0;0.0;0.0;0.0;0.0;0.0;0.0;0.0;0.0;0.0;0.0;0.0;0.0;0.0;0.0;0.0;0.0;0.0;0.0;0.0;0.0
2022-11-22;0.0;0.0;0.0;0.0;0.0;0.0;0.0;0.0;0.0;0.0;0.0;0.0;0.0;0.0;0.0;0.0;0.0;0.0;0.0;0.0;0.0;0.0;0.0;0.0;0.0;0.0;0.0;0.0;0.0;0.0;0.0;0.0;0.0;0.0;0.0;0.0;0.0
2022-11-23;0.0;0.0;0.0;0.0;0.0;0.0;0.0;0.0;0.0;0.0;0.0;0.0;0.0;0.0;0.0;0.0;0.0;0.0;0.0;0.0;0.0;0.0;0.0;0.0;0.0;0.0;0.0;0.0;0.0;0.0;0.0;0.0;0.0;0.0;0.0;0.0;0.0
2022-11-24;0.0;0.0;0.0;0.0;0.0;0.0;0.0;0.0;0.0;0.0;0.0;0.0;0.0;0.0;0.0;0.0;0.0;0.0;0.0;0.0;0.0;0.0;0.0;0.0;0.0;0.0;0.0;0.0;0.0;0.0;0.0;0.0;0.0;0.0;0.0;0.0;0.0
2022-11-25;0.0;0.0;0.0;0.0;0.0;0.0;0.0;0.0;0.0;0.0;0.0;0.0;0.0;0.0;0.0;0.0;0.0;0.0;0.0;0.0;0.0;0.0;0.0;0.0;0.0;0.0;0.0;0.0;0.0;0.0;0.0;0.0;0.0;0.0;0.0;0.0;0.0
2022-11-26;0.0;0.0;0.0;0.0;0.0;0.0;0.0;0.0;0.0;0.0;0.0;0.0;0.0;0.0;0.0;0.0;0.0;0.0;0.0;0.0;0.0;0.0;0.0;0.0;0.0;0.0;0.0;0.0;0.0;0.0;0.0;0.0;0.0;0.0;0.0;0.0;0.0
2022-11-27;0.0;0.0;0.0;0.0;0.0;0.0;0.0;0.0;0.0;0.0;0.0;0.0;0.0;0.0;0.0;0.0;0.0;0.0;0.0;0.0;0.0;0.0;0.0;0.0;0.0;0.0;0.0;0.0;0.0;0.0;0.0;0.0;0.0;0.0;0.0;0.0;0.0
2022-11-28;0.0;0.0;0.0;0.0;0.0;0.0;0.0;0.0;0.0;0.0;0.0;0.0;0.0;0.0;0.0;0.0;0.0;0.0;0.0;0.0;0.0;0.0;0.0;0.0;0.0;0.0;0.0;0.0;0.0;0.0;0.0;0.0;0.0;0.0;0.0;0.0;0.0
2022-11-29;0.0;0.0;0.0;0.0;0.0;0.0;0.0;0.0;0.0;0.0;0.0;0.0;0.0;0.0;0.0;0.0;0.0;0.0;0.0;0.0;0.0;0.0;0.0;0.0;0.0;0.0;0.0;0.0;0.0;0.0;0.0;0.0;0.0;0.0;0.0;0.0;0.0
2022-11-30;0.0;0.0;0.0;0.0;0.0;0.0;0.0;0.0;0.0;0.0;0.0;0.0;0.0;0.0;0.0;0.0;0.0;0.0;0.0;0.0;0.0;0.0;0.0;0.0;0.0;0.0;0.0;0.0;0.0;0.0;0.0;0.0;0.0;0.0;0.0;0.0;0.0
2022-12-01;0.0;0.0;0.0;0.0;0.0;0.0;0.0;0.0;0.0;0.0;0.0;0.0;0.0;0.0;0.0;0.0;0.0;0.0;0.0;0.0;0.0;0.0;0.0;0.0;0.0;0.0;0.0;0.0;0.0;0.0;0.0;0.0;0.0;0.0;0.0;0.0;0.0
2022-12-02;0.0;0.0;0.0;0.0;0.0;0.0;0.0;0.0;0.0;0.0;0.0;0.0;0.0;0.0;0.0;0.0;0.0;0.0;0.0;0.0;0.0;0.0;0.0;0.0;0.0;0.0;0.0;0.0;0.0;0.0;0.0;0.0;0.0;0.0;0.0;0.0;0.0
2022-12-03;0.0;0.0;0.0;0.0;0.0;0.0;0.0;0.0;0.0;0.0;0.0;0.0;0.0;0.0;0.0;0.0;0.0;0.0;0.0;0.0;0.0;0.0;0.0;0.0;0.0;0.0;0.0;0.0;0.0;0.0;0.0;0.0;0.0;0.0;0.0;0.0;0.0
2022-12-04;0.0;0.0;0.0;0.0;0.0;0.0;0.0;0.0;0.0;0.0;0.0;0.0;0.0;0.0;0.0;0.0;0.0;0.0;0.0;0.0;0.0;0.0;0.0;0.0;0.0;0.0;0.0;0.0;0.0;0.0;0.0;0.0;0.0;0.0;0.0;0.0;0.0
2022-12-05;0.0;0.0;0.0;0.0;0.0;0.0;0.0;0.0;0.0;0.0;0.0;0.0;0.0;0.0;0.0;0.0;0.0;0.0;0.0;0.0;0.0;0.0;0.0;0.0;0.0;0.0;0.0;0.0;0.0;0.0;0.0;0.0;0.0;0.0;0.0;0.0;0.0
2022-12-06;0.0;0.0;0.0;0.0;0.0;0.0;0.0;0.0;0.0;0.0;0.0;0.0;0.0;0.0;0.0;0.0;0.0;0.0;0.0;0.0;0.0;0.0;0.0;0.0;0.0;0.0;0.0;0.0;0.0;0.0;0.0;0.0;0.0;0.0;0.0;0.0;0.0
2022-12-07;0.0;0.0;0.0;0.0;0.0;0.0;0.0;0.0;0.0;0.0;0.0;0.0;0.0;0.0;0.0;0.0;0.0;0.0;0.0;0.0;0.0;0.0;0.0;0.0;0.0;0.0;0.0;0.0;0.0;0.0;0.0;0.0;0.0;0.0;0.0;0.0;0.0
2022-12-08;0.0;0.0;0.0;0.0;0.0;0.0;0.0;0.0;0.0;0.0;0.0;0.0;0.0;0.0;0.0;0.0;0.0;0.0;0.0;0.0;0.0;0.0;0.0;0.0;0.0;0.0;0.0;0.0;0.0;0.0;0.0;0.0;0.0;0.0;0.0;0.0;0.0
2022-12-09;0.0;0.0;0.0;0.0;0.0;0.0;0.0;0.0;0.0;0.0;0.0;0.0;0.0;0.0;0.0;0.0;0.0;0.0;0.0;0.0;0.0;0.0;0.0;0.0;0.0;0.0;0.0;0.0;0.0;0.0;0.0;0.0;0.0;0.0;0.0;0.0;0.0
2022-12-10;0.0;0.0;0.0;0.0;0.0;0.0;0.0;0.0;0.0;0.0;0.0;0.0;0.0;0.0;0.0;0.0;0.0;0.0;0.0;0.0;0.0;0.0;0.0;0.0;0.0;0.0;0.0;0.0;0.0;0.0;0.0;0.0;0.0;0.0;0.0;0.0;0.0
2022-12-11;0.0;0.0;0.0;0.0;0.0;0.0;0.0;0.0;0.0;0.0;0.0;0.0;0.0;0.0;0.0;0.0;0.0;0.0;0.0;0.0;0.0;0.0;0.0;0.0;0.0;0.0;0.0;0.0;0.0;0.0;0.0;0.0;0.0;0.0;0.0;0.0;0.0
2022-12-12;0.0;0.0;0.0;0.0;0.0;0.0;0.0;0.0;0.0;0.0;0.0;0.0;0.0;0.0;0.0;0.0;0.0;0.0;0.0;0.0;0.0;0.0;0.0;0.0;0.0;0.0;0.0;0.0;0.0;0.0;0.0;0.0;0.0;0.0;0.0;0.0;0.0
2022-12-13;0.0;0.0;0.0;0.0;0.0;0.0;0.0;0.0;0.0;0.0;0.0;0.0;0.0;0.0;0.0;0.0;0.0;0.0;0.0;0.0;0.0;0.0;0.0;0.0;0.0;0.0;0.0;0.0;0.0;0.0;0.0;0.0;0.0;0.0;0.0;0.0;0.0
2022-12-14;0.0;0.0;0.0;0.0;0.0;0.0;0.0;0.0;0.0;0.0;0.0;0.0;0.0;0.0;0.0;0.0;0.0;0.0;0.0;0.0;0.0;0.0;0.0;0.0;0.0;0.0;0.0;0.0;0.0;0.0;0.0;0.0;0.0;0.0;0.0;0.0;0.0
2022-12-15;0.0;0.0;0.0;0.0;0.0;0.0;0.0;0.0;0.0;0.0;0.0;0.0;0.0;0.0;0.0;0.0;0.0;0.0;0.0;0.0;0.0;0.0;0.0;0.0;0.0;0.0;0.0;0.0;0.0;0.0;0.0;0.0;0.0;0.0;0.0;0.0;0.0
2022-12-16;0.0;0.0;0.0;0.0;0.0;0.0;0.0;0.0;0.0;0.0;0.0;0.0;0.0;0.0;0.0;0.0;0.0;0.0;0.0;0.0;0.0;0.0;0.0;0.0;0.0;0.0;0.0;0.0;0.0;0.0;0.0;0.0;0.0;0.0;0.0;0.0;0.0
2022-12-17;0.0;0.0;0.0;0.0;0.0;0.0;0.0;0.0;0.0;0.0;0.0;0.0;0.0;0.0;0.0;0.0;0.0;0.0;0.0;0.0;0.0;0.0;0.0;0.0;0.0;0.0;0.0;0.0;0.0;0.0;0.0;0.0;0.0;0.0;0.0;0.0;0.0
2022-12-18;0.0;0.0;0.0;0.0;0.0;0.0;0.0;0.0;0.0;0.0;0.0;0.0;0.0;0.0;0.0;0.0;0.0;0.0;0.0;0.0;0.0;0.0;0.0;0.0;0.0;0.0;0.0;0.0;0.0;0.0;0.0;0.0;0.0;0.0;0.0;0.0;0.0
2022-12-19;0.0;0.0;0.0;0.0;0.0;0.0;0.0;0.0;0.0;0.0;0.0;0.0;0.0;0.0;0.0;0.0;0.0;0.0;0.0;0.0;0.0;0.0;0.0;0.0;0.0;0.0;0.0;0.0;0.0;0.0;0.0;0.0;0.0;0.0;0.0;0.0;0.0
2022-12-20;0.0;0.0;0.0;0.0;0.0;0.0;0.0;0.0;0.0;0.0;0.0;0.0;0.0;0.0;0.0;0.0;0.0;0.0;0.0;0.0;0.0;0.0;0.0;0.0;0.0;0.0;0.0;0.0;0.0;0.0;0.0;0.0;0.0;0.0;0.0;0.0;0.0
2022-12-21;0.0;0.0;0.0;0.0;0.0;0.0;0.0;0.0;0.0;0.0;0.0;0.0;0.0;0.0;0.0;0.0;0.0;0.0;0.0;0.0;0.0;0.0;0.0;0.0;0.0;0.0;0.0;0.0;0.0;0.0;0.0;0.0;0.0;0.0;0.0;0.0;0.0
2022-12-22;0.0;0.0;0.0;0.0;0.0;0.0;0.0;0.0;0.0;0.0;0.0;0.0;0.0;0.0;0.0;0.0;0.0;0.0;0.0;0.0;0.0;0.0;0.0;0.0;0.0;0.0;0.0;0.0;0.0;0.0;0.0;0.0;0.0;0.0;0.0;0.0;0.0
2022-12-23;0.0;0.0;0.0;0.0;0.0;0.0;0.0;0.0;0.0;0.0;0.0;0.0;0.0;0.0;0.0;0.0;0.0;0.0;0.0;0.0;0.0;0.0;0.0;0.0;0.0;0.0;0.0;0.0;0.0;0.0;0.0;0.0;0.0;0.0;0.0;0.0;0.0
2022-12-24;0.0;0.0;0.0;0.0;0.0;0.0;0.0;0.0;0.0;0.0;0.0;0.0;0.0;0.0;0.0;0.0;0.0;0.0;0.0;0.0;0.0;0.0;0.0;0.0;0.0;0.0;0.0;0.0;0.0;0.0;0.0;0.0;0.0;0.0;0.0;0.0;0.0
2022-12-25;0.0;0.0;0.0;0.0;0.0;0.0;0.0;0.0;0.0;0.0;0.0;0.0;0.0;0.0;0.0;0.0;0.0;0.0;0.0;0.0;0.0;0.0;0.0;0.0;0.0;0.0;0.0;0.0;0.0;0.0;0.0;0.0;0.0;0.0;0.0;0.0;0.0
2022-12-26;0.0;0.0;0.0;0.0;0.0;0.0;0.0;0.0;0.0;0.0;0.0;0.0;0.0;0.0;0.0;0.0;0.0;0.0;0.0;0.0;0.0;0.0;0.0;0.0;0.0;0.0;0.0;0.0;0.0;0.0;0.0;0.0;0.0;0.0;0.0;0.0;0.0
2022-12-27;0.0;0.0;0.0;0.0;0.0;0.0;0.0;0.0;0.0;0.0;0.0;0.0;0.0;0.0;0.0;0.0;0.0;0.0;0.0;0.0;0.0;0.0;0.0;0.0;0.0;0.0;0.0;0.0;0.0;0.0;0.0;0.0;0.0;0.0;0.0;0.0;0.0
2022-12-28;0.0;0.0;0.0;0.0;0.0;0.0;0.0;0.0;0.0;0.0;0.0;0.0;0.0;0.0;0.0;0.0;0.0;0.0;0.0;0.0;0.0;0.0;0.0;0.0;0.0;0.0;0.0;0.0;0.0;0.0;0.0;0.0;0.0;0.0;0.0;0.0;0.0
2022-12-29;0.0;0.0;0.0;0.0;0.0;0.0;0.0;0.0;0.0;0.0;0.0;0.0;0.0;0.0;0.0;0.0;0.0;0.0;0.0;0.0;0.0;0.0;0.0;0.0;0.0;0.0;0.0;0.0;0.0;0.0;0.0;0.0;0.0;0.0;0.0;0.0;0.0
2022-12-30;0.0;0.0;0.0;0.0;0.0;0.0;0.0;0.0;0.0;0.0;0.0;0.0;0.0;0.0;0.0;0.0;0.0;0.0;0.0;0.0;0.0;0.0;0.0;0.0;0.0;0.0;0.0;0.0;0.0;0.0;0.0;0.0;0.0;0.0;0.0;0.0;0.0
2022-12-31;0.0;0.0;0.0;0.0;0.0;0.0;0.0;0.0;0.0;0.0;0.0;0.0;0.0;0.0;0.0;0.0;0.0;0.0;0.0;0.0;0.0;0.0;0.0;0.0;0.0;0.0;0.0;0.0;0.0;0.0;0.0;0.0;0.0;0.0;0.0;0.0;0.0
2023-01-01;0.0;0.0;0.0;0.0;0.0;0.0;0.0;0.0;0.0;0.0;0.0;0.0;0.0;0.0;0.0;0.0;0.0;0.0;0.0;0.0;0.0;0.0;0.0;0.0;0.0;0.0;0.0;0.0;0.0;0.0;0.0;0.0;0.0;0.0;0.0;0.0;0.0
2023-01-02;0.0;0.0;0.0;0.0;0.0;0.0;0.0;0.0;0.0;0.0;0.0;0.0;0.0;0.0;0.0;0.0;0.0;0.0;0.0;0.0;0.0;0.0;0.0;0.0;0.0;0.0;0.0;0.0;0.0;0.0;0.0;0.0;0.0;0.0;0.0;0.0;0.0
2023-01-03;0.0;0.0;0.0;0.0;0.0;0.0;0.0;0.0;0.0;0.0;0.0;0.0;0.0;0.0;0.0;0.0;0.0;0.0;0.0;0.0;0.0;0.0;0.0;0.0;0.0;0.0;0.0;0.0;0.0;0.0;0.0;0.0;0.0;0.0;0.0;0.0;0.0
2023-01-04;0.0;0.0;0.0;0.0;0.0;0.0;0.0;0.0;0.0;0.0;0.0;0.0;0.0;0.0;0.0;0.0;0.0;0.0;0.0;0.0;0.0;0.0;0.0;0.0;0.0;0.0;0.0;0.0;0.0;0.0;0.0;0.0;0.0;0.0;0.0;0.0;0.0
2023-01-05;0.0;0.0;0.0;0.0;0.0;0.0;0.0;0.0;0.0;0.0;0.0;0.0;0.0;0.0;0.0;0.0;0.0;0.0;0.0;0.0;0.0;0.0;0.0;0.0;0.0;0.0;0.0;0.0;0.0;0.0;0.0;0.0;0.0;0.0;0.0;0.0;0.0
2023-01-06;0.0;0.0;0.0;0.0;0.0;0.0;0.0;0.0;0.0;0.0;0.0;0.0;0.0;0.0;0.0;0.0;0.0;0.0;0.0;0.0;0.0;0.0;0.0;0.0;0.0;0.0;0.0;0.0;0.0;0.0;0.0;0.0;0.0;0.0;0.0;0.0;0.0
2023-01-07;0.0;0.0;0.0;0.0;0.0;0.0;0.0;0.0;0.0;0.0;0.0;0.0;0.0;0.0;0.0;0.0;0.0;0.0;0.0;0.0;0.0;0.0;0.0;0.0;0.0;0.0;0.0;0.0;0.0;0.0;0.0;0.0;0.0;0.0;0.0;0.0;0.0
2023-01-08;0.0;0.0;0.0;0.0;0.0;0.0;0.0;0.0;0.0;0.0;0.0;0.0;0.0;0.0;0.0;0.0;0.0;0.0;0.0;0.0;0.0;0.0;0.0;0.0;0.0;0.0;0.0;0.0;0.0;0.0;0.0;0.0;0.0;0.0;0.0;0.0;0.0
2023-01-09;0.0;0.0;0.0;0.0;0.0;0.0;0.0;0.0;0.0;0.0;0.0;0.0;0.0;0.0;0.0;0.0;0.0;0.0;0.0;0.0;0.0;0.0;0.0;0.0;0.0;0.0;0.0;0.0;0.0;0.0;0.0;0.0;0.0;0.0;0.0;0.0;0.0
2023-01-10;0.0;0.0;0.0;0.0;0.0;0.0;0.0;0.0;0.0;0.0;0.0;0.0;0.0;0.0;0.0;0.0;0.0;0.0;0.0;0.0;0.0;0.0;0.0;0.0;0.0;0.0;0.0;0.0;0.0;0.0;0.0;0.0;0.0;0.0;0.0;0.0;0.0
2023-01-11;0.0;0.0;0.0;0.0;0.0;0.0;0.0;0.0;0.0;0.0;0.0;0.0;0.0;0.0;0.0;0.0;0.0;0.0;0.0;0.0;0.0;0.0;0.0;0.0;0.0;0.0;0.0;0.0;0.0;0.0;0.0;0.0;0.0;0.0;0.0;0.0;0.0
2023-01-12;0.0;0.0;0.0;0.0;0.0;0.0;0.0;0.0;0.0;0.0;0.0;0.0;0.0;0.0;0.0;0.0;0.0;0.0;0.0;0.0;0.0;0.0;0.0;0.0;0.0;0.0;0.0;0.0;0.0;0.0;0.0;0.0;0.0;0.0;0.0;0.0;0.0
2023-01-13;0.0;0.0;0.0;0.0;0.0;0.0;0.0;0.0;0.0;0.0;0.0;0.0;0.0;0.0;0.0;0.0;0.0;0.0;0.0;0.0;0.0;0.0;0.0;0.0;0.0;0.0;0.0;0.0;0.0;0.0;0.0;0.0;0.0;0.0;0.0;0.0;0.0
2023-01-14;0.0;0.0;0.0;0.0;0.0;0.0;0.0;0.0;0.0;0.0;0.0;0.0;0.0;0.0;0.0;0.0;0.0;0.0;0.0;0.0;0.0;0.0;0.0;0.0;0.0;0.0;0.0;0.0;0.0;0.0;0.0;0.0;0.0;0.0;0.0;0.0;0.0
2023-01-15;0.0;0.0;0.0;0.0;0.0;0.0;0.0;0.0;0.0;0.0;0.0;0.0;0.0;0.0;0.0;0.0;0.0;0.0;0.0;0.0;0.0;0.0;0.0;0.0;0.0;0.0;0.0;0.0;0.0;0.0;0.0;0.0;0.0;0.0;0.0;0.0;0.0
2023-01-16;0.0;0.0;0.0;0.0;0.0;0.0;0.0;0.0;0.0;0.0;0.0;0.0;0.0;0.0;0.0;0.0;0.0;0.0;0.0;0.0;0.0;0.0;0.0;0.0;0.0;0.0;0.0;0.0;0.0;0.0;0.0;0.0;0.0;0.0;0.0;0.0;0.0
2023-01-17;0.0;0.0;0.0;0.0;0.0;0.0;0.0;0.0;0.0;0.0;0.0;0.0;0.0;0.0;0.0;0.0;0.0;0.0;0.0;0.0;0.0;0.0;0.0;0.0;0.0;0.0;0.0;0.0;0.0;0.0;0.0;0.0;0.0;0.0;0.0;0.0;0.0
2023-01-18;0.0;0.0;0.0;0.0;0.0;0.0;0.0;0.0;0.0;0.0;0.0;0.0;0.0;0.0;0.0;0.0;0.0;0.0;0.0;0.0;0.0;0.0;0.0;0.0;0.0;0.0;0.0;0.0;0.0;0.0;0.0;0.0;0.0;0.0;0.0;0.0;0.0
2023-01-19;0.0;0.0;0.0;0.0;0.0;0.0;0.0;0.0;0.0;0.0;0.0;0.0;0.0;0.0;0.0;0.0;0.0;0.0;0.0;0.0;0.0;0.0;0.0;0.0;0.0;0.0;0.0;0.0;0.0;0.0;0.0;0.0;0.0;0.0;0.0;0.0;0.0
2023-01-20;0.0;0.0;0.0;0.0;0.0;0.0;0.0;0.0;0.0;0.0;0.0;0.0;0.0;0.0;0.0;0.0;0.0;0.0;0.0;0.0;0.0;0.0;0.0;0.0;0.0;0.0;0.0;0.0;0.0;0.0;0.0;0.0;0.0;0.0;0.0;0.0;0.0
2023-01-21;0.0;0.0;0.0;0.0;0.0;0.0;0.0;0.0;0.0;0.0;0.0;0.0;0.0;0.0;0.0;0.0;0.0;0.0;0.0;0.0;0.0;0.0;0.0;0.0;0.0;0.0;0.0;0.0;0.0;0.0;0.0;0.0;0.0;0.0;0.0;0.0;0.0
2023-01-22;0.0;0.0;0.0;0.0;0.0;0.0;0.0;0.0;0.0;0.0;0.0;0.0;0.0;0.0;0.0;0.0;0.0;0.0;0.0;0.0;0.0;0.0;0.0;0.0;0.0;0.0;0.0;0.0;0.0;0.0;0.0;0.0;0.0;0.0;0.0;0.0;0.0
2023-01-23;0.0;0.0;0.0;0.0;0.0;0.0;0.0;0.0;0.0;0.0;0.0;0.0;0.0;0.0;0.0;0.0;0.0;0.0;0.0;0.0;0.0;0.0;0.0;0.0;0.0;0.0;0.0;0.0;0.0;0.0;0.0;0.0;0.0;0.0;0.0;0.0;0.0
2023-01-24;0.0;0.0;0.0;0.0;0.0;0.0;0.0;0.0;0.0;0.0;0.0;0.0;0.0;0.0;0.0;0.0;0.0;0.0;0.0;0.0;0.0;0.0;0.0;0.0;0.0;0.0;0.0;0.0;0.0;0.0;0.0;0.0;0.0;0.0;0.0;0.0;0.0
2023-01-25;0.0;0.0;0.0;0.0;0.0;0.0;0.0;0.0;0.0;0.0;0.0;0.0;0.0;0.0;0.0;0.0;0.0;0.0;0.0;0.0;0.0;0.0;0.0;0.0;0.0;0.0;0.0;0.0;0.0;0.0;0.0;0.0;0.0;0.0;0.0;0.0;0.0
2023-01-26;0.0;0.0;0.0;0.0;0.0;0.0;0.0;0.0;0.0;0.0;0.0;0.0;0.0;0.0;0.0;0.0;0.0;0.0;0.0;0.0;0.0;0.0;0.0;0.0;0.0;0.0;0.0;0.0;0.0;0.0;0.0;0.0;0.0;0.0;0.0;0.0;0.0
2023-01-27;0.0;0.0;0.0;0.0;0.0;0.0;0.0;0.0;0.0;0.0;0.0;0.0;0.0;0.0;0.0;0.0;0.0;0.0;0.0;0.0;0.0;0.0;0.0;0.0;0.0;0.0;0.0;0.0;0.0;0.0;0.0;0.0;0.0;0.0;0.0;0.0;0.0
2023-01-28;0.0;0.0;0.0;0.0;0.0;0.0;0.0;0.0;0.0;0.0;0.0;0.0;0.0;0.0;0.0;0.0;0.0;0.0;0.0;0.0;0.0;0.0;0.0;0.0;0.0;0.0;0.0;0.0;0.0;0.0;0.0;0.0;0.0;0.0;0.0;0.0;0.0
2023-01-29;0.0;0.0;0.0;0.0;0.0;0.0;0.0;0.0;0.0;0.0;0.0;0.0;0.0;0.0;0.0;0.0;0.0;0.0;0.0;0.0;0.0;0.0;0.0;0.0;0.0;0.0;0.0;0.0;0.0;0.0;0.0;0.0;0.0;0.0;0.0;0.0;0.0
2023-01-30;0.0;0.0;0.0;0.0;0.0;0.0;0.0;0.0;0.0;0.0;0.0;0.0;0.0;0.0;0.0;0.0;0.0;0.0;0.0;0.0;0.0;0.0;0.0;0.0;0.0;0.0;0.0;0.0;0.0;0.0;0.0;0.0;0.0;0.0;0.0;0.0;0.0
2023-01-31;0.0;0.0;0.0;0.0;0.0;0.0;0.0;0.0;0.0;0.0;0.0;0.0;0.0;0.0;0.0;0.0;0.0;0.0;0.0;0.0;0.0;0.0;0.0;0.0;0.0;0.0;0.0;0.0;0.0;0.0;0.0;0.0;0.0;0.0;0.0;0.0;0.0
2023-02-01;0.0;0.0;0.0;0.0;0.0;0.0;0.0;0.0;0.0;0.0;0.0;0.0;0.0;0.0;0.0;0.0;0.0;0.0;0.0;0.0;0.0;0.0;0.0;0.0;0.0;0.0;0.0;0.0;0.0;0.0;0.0;0.0;0.0;0.0;0.0;0.0;0.0
2023-02-02;0.0;0.0;0.0;0.0;0.0;0.0;0.0;0.0;0.0;0.0;0.0;0.0;0.0;0.0;0.0;0.0;0.0;0.0;0.0;0.0;0.0;0.0;0.0;0.0;0.0;0.0;0.0;0.0;0.0;0.0;0.0;0.0;0.0;0.0;0.0;0.0;0.0
2023-02-03;0.0;0.0;0.0;0.0;0.0;0.0;0.0;0.0;0.0;0.0;0.0;0.0;0.0;0.0;0.0;0.0;0.0;0.0;0.0;0.0;0.0;0.0;0.0;0.0;0.0;0.0;0.0;0.0;0.0;0.0;0.0;0.0;0.0;0.0;0.0;0.0;0.0
2023-02-04;0.0;0.0;0.0;0.0;0.0;0.0;0.0;0.0;0.0;0.0;0.0;0.0;0.0;0.0;0.0;0.0;0.0;0.0;0.0;0.0;0.0;0.0;0.0;0.0;0.0;0.0;0.0;0.0;0.0;0.0;0.0;0.0;0.0;0.0;0.0;0.0;0.0
2023-02-05;0.0;0.0;0.0;0.0;0.0;0.0;0.0;0.0;0.0;0.0;0.0;0.0;0.0;0.0;0.0;0.0;0.0;0.0;0.0;0.0;0.0;0.0;0.0;0.0;0.0;0.0;0.0;0.0;0.0;0.0;0.0;0.0;0.0;0.0;0.0;0.0;0.0
2023-02-06;0.0;0.0;0.0;0.0;0.0;0.0;0.0;0.0;0.0;0.0;0.0;0.0;0.0;0.0;0.0;0.0;0.0;0.0;0.0;0.0;0.0;0.0;0.0;0.0;0.0;0.0;0.0;0.0;0.0;0.0;0.0;0.0;0.0;0.0;0.0;0.0;0.0
2023-02-07;0.0;0.0;0.0;0.0;0.0;0.0;0.0;0.0;0.0;0.0;0.0;0.0;0.0;0.0;0.0;0.0;0.0;0.0;0.0;0.0;0.0;0.0;0.0;0.0;0.0;0.0;0.0;0.0;0.0;0.0;0.0;0.0;0.0;0.0;0.0;0.0;0.0
2023-02-08;0.0;0.0;0.0;0.0;0.0;0.0;0.0;0.0;0.0;0.0;0.0;0.0;0.0;0.0;0.0;0.0;0.0;0.0;0.0;0.0;0.0;0.0;0.0;0.0;0.0;0.0;0.0;0.0;0.0;0.0;0.0;0.0;0.0;0.0;0.0;0.0;0.0
2023-02-09;0.0;0.0;0.0;0.0;0.0;0.0;0.0;0.0;0.0;0.0;0.0;0.0;0.0;0.0;0.0;0.0;0.0;0.0;0.0;0.0;0.0;0.0;0.0;0.0;0.0;0.0;0.0;0.0;0.0;0.0;0.0;0.0;0.0;0.0;0.0;0.0;0.0
2023-02-10;0.0;0.0;0.0;0.0;0.0;0.0;0.0;0.0;0.0;0.0;0.0;0.0;0.0;0.0;0.0;0.0;0.0;0.0;0.0;0.0;0.0;0.0;0.0;0.0;0.0;0.0;0.0;0.0;0.0;0.0;0.0;0.0;0.0;0.0;0.0;0.0;0.0
2023-02-11;0.0;0.0;0.0;0.0;0.0;0.0;0.0;0.0;0.0;0.0;0.0;0.0;0.0;0.0;0.0;0.0;0.0;0.0;0.0;0.0;0.0;0.0;0.0;0.0;0.0;0.0;0.0;0.0;0.0;0.0;0.0;0.0;0.0;0.0;0.0;0.0;0.0
2023-02-12;0.0;0.0;0.0;0.0;0.0;0.0;0.0;0.0;0.0;0.0;0.0;0.0;0.0;0.0;0.0;0.0;0.0;0.0;0.0;0.0;0.0;0.0;0.0;0.0;0.0;0.0;0.0;0.0;0.0;0.0;0.0;0.0;0.0;0.0;0.0;0.0;0.0
2023-02-13;0.0;0.0;0.0;0.0;0.0;0.0;0.0;0.0;0.0;0.0;0.0;0.0;0.0;0.0;0.0;0.0;0.0;0.0;0.0;0.0;0.0;0.0;0.0;0.0;0.0;0.0;0.0;0.0;0.0;0.0;0.0;0.0;0.0;0.0;0.0;0.0;0.0
2023-02-14;0.0;0.0;0.0;0.0;0.0;0.0;0.0;0.0;0.0;0.0;0.0;0.0;0.0;0.0;0.0;0.0;0.0;0.0;0.0;0.0;0.0;0.0;0.0;0.0;0.0;0.0;0.0;0.0;0.0;0.0;0.0;0.0;0.0;0.0;0.0;0.0;0.0
2023-02-15;0.0;0.0;0.0;0.0;0.0;0.0;0.0;0.0;0.0;0.0;0.0;0.0;0.0;0.0;0.0;0.0;0.0;0.0;0.0;0.0;0.0;0.0;0.0;0.0;0.0;0.0;0.0;0.0;0.0;0.0;0.0;0.0;0.0;0.0;0.0;0.0;0.0
2023-02-16;0.0;0.0;0.0;0.0;0.0;0.0;0.0;0.0;0.0;0.0;0.0;0.0;0.0;0.0;0.0;0.0;0.0;0.0;0.0;0.0;0.0;0.0;0.0;0.0;0.0;0.0;0.0;0.0;0.0;0.0;0.0;0.0;0.0;0.0;0.0;0.0;0.0
2023-02-17;0.0;0.0;0.0;0.0;0.0;0.0;0.0;0.0;0.0;0.0;0.0;0.0;0.0;0.0;0.0;0.0;0.0;0.0;0.0;0.0;0.0;0.0;0.0;0.0;0.0;0.0;0.0;0.0;0.0;0.0;0.0;0.0;0.0;0.0;0.0;0.0;0.0
2023-02-18;0.0;0.0;0.0;0.0;0.0;0.0;0.0;0.0;0.0;0.0;0.0;0.0;0.0;0.0;0.0;0.0;0.0;0.0;0.0;0.0;0.0;0.0;0.0;0.0;0.0;0.0;0.0;0.0;0.0;0.0;0.0;0.0;0.0;0.0;0.0;0.0;0.0
2023-02-19;0.0;0.0;0.0;0.0;0.0;0.0;0.0;0.0;0.0;0.0;0.0;0.0;0.0;0.0;0.0;0.0;0.0;0.0;0.0;0.0;0.0;0.0;0.0;0.0;0.0;0.0;0.0;0.0;0.0;0.0;0.0;0.0;0.0;0.0;0.0;0.0;0.0
2023-02-20;0.0;0.0;0.0;0.0;0.0;0.0;0.0;0.0;0.0;0.0;0.0;0.0;0.0;0.0;0.0;0.0;0.0;0.0;0.0;0.0;0.0;0.0;0.0;0.0;0.0;0.0;0.0;0.0;0.0;0.0;0.0;0.0;0.0;0.0;0.0;0.0;0.0
2023-02-21;0.0;0.0;0.0;0.0;0.0;0.0;0.0;0.0;0.0;0.0;0.0;0.0;0.0;0.0;0.0;0.0;0.0;0.0;0.0;0.0;0.0;0.0;0.0;0.0;0.0;0.0;0.0;0.0;0.0;0.0;0.0;0.0;0.0;0.0;0.0;0.0;0.0
2023-02-22;0.0;0.0;0.0;0.0;0.0;0.0;0.0;0.0;0.0;0.0;0.0;0.0;0.0;0.0;0.0;0.0;0.0;0.0;0.0;0.0;0.0;0.0;0.0;0.0;0.0;0.0;0.0;0.0;0.0;0.0;0.0;0.0;0.0;0.0;0.0;0.0;0.0
2023-02-23;0.0;0.0;0.0;0.0;0.0;0.0;0.0;0.0;0.0;0.0;0.0;0.0;0.0;0.0;0.0;0.0;0.0;0.0;0.0;0.0;0.0;0.0;0.0;0.0;0.0;0.0;0.0;0.0;0.0;0.0;0.0;0.0;0.0;0.0;0.0;0.0;0.0
2023-02-24;0.0;0.0;0.0;0.0;0.0;0.0;0.0;0.0;0.0;0.0;0.0;0.0;0.0;0.0;0.0;0.0;0.0;0.0;0.0;0.0;0.0;0.0;0.0;0.0;0.0;0.0;0.0;0.0;0.0;0.0;0.0;0.0;0.0;0.0;0.0;0.0;0.0
2023-02-25;0.0;0.0;0.0;0.0;0.0;0.0;0.0;0.0;0.0;0.0;0.0;0.0;0.0;0.0;0.0;0.0;0.0;0.0;0.0;0.0;0.0;0.0;0.0;0.0;0.0;0.0;0.0;0.0;0.0;0.0;0.0;0.0;0.0;0.0;0.0;0.0;0.0
2023-02-26;0.0;0.0;0.0;0.0;0.0;0.0;0.0;0.0;0.0;0.0;0.0;0.0;0.0;0.0;0.0;0.0;0.0;0.0;0.0;0.0;0.0;0.0;0.0;0.0;0.0;0.0;0.0;0.0;0.0;0.0;0.0;0.0;0.0;0.0;0.0;0.0;0.0
2023-02-27;0.0;0.0;0.0;0.0;0.0;0.0;0.0;0.0;0.0;0.0;0.0;0.0;0.0;0.0;0.0;0.0;0.0;0.0;0.0;0.0;0.0;0.0;0.0;0.0;0.0;0.0;0.0;0.0;0.0;0.0;0.0;0.0;0.0;0.0;0.0;0.0;0.0
2023-02-28;0.0;0.0;0.0;0.0;0.0;0.0;0.0;0.0;0.0;0.0;0.0;0.0;0.0;0.0;0.0;0.0;0.0;0.0;0.0;0.0;0.0;0.0;0.0;0.0;0.0;0.0;0.0;0.0;0.0;0.0;0.0;0.0;0.0;0.0;0.0;0.0;0.0
2023-03-01;0.0;0.0;0.0;0.0;0.0;0.0;0.0;0.0;0.0;0.0;0.0;0.0;0.0;0.0;0.0;0.0;0.0;0.0;0.0;0.0;0.0;0.0;0.0;0.0;0.0;0.0;0.0;0.0;0.0;0.0;0.0;0.0;0.0;0.0;0.0;0.0;0.0
2023-03-02;0.0;0.0;0.0;0.0;0.0;0.0;0.0;0.0;0.0;0.0;0.0;0.0;0.0;0.0;0.0;0.0;0.0;0.0;0.0;0.0;0.0;0.0;0.0;0.0;0.0;0.0;0.0;0.0;0.0;0.0;0.0;0.0;0.0;0.0;0.0;0.0;0.0
2023-03-03;0.0;0.0;0.0;0.0;0.0;0.0;0.0;0.0;0.0;0.0;0.0;0.0;0.0;0.0;0.0;0.0;0.0;0.0;0.0;0.0;0.0;0.0;0.0;0.0;0.0;0.0;0.0;0.0;0.0;0.0;0.0;0.0;0.0;0.0;0.0;0.0;0.0
2023-03-04;0.0;0.0;0.0;0.0;0.0;0.0;0.0;0.0;0.0;0.0;0.0;0.0;0.0;0.0;0.0;0.0;0.0;0.0;0.0;0.0;0.0;0.0;0.0;0.0;0.0;0.0;0.0;0.0;0.0;0.0;0.0;0.0;0.0;0.0;0.0;0.0;0.0
2023-03-05;0.0;0.0;0.0;0.0;0.0;0.0;0.0;0.0;0.0;0.0;0.0;0.0;0.0;0.0;0.0;0.0;0.0;0.0;0.0;0.0;0.0;0.0;0.0;0.0;0.0;0.0;0.0;0.0;0.0;0.0;0.0;0.0;0.0;0.0;0.0;0.0;0.0
2023-03-06;0.0;0.0;0.0;0.0;0.0;0.0;0.0;0.0;0.0;0.0;0.0;0.0;0.0;0.0;0.0;0.0;0.0;0.0;0.0;0.0;0.0;0.0;0.0;0.0;0.0;0.0;0.0;0.0;0.0;0.0;0.0;0.0;0.0;0.0;0.0;0.0;0.0
2023-03-07;0.0;0.0;0.0;0.0;0.0;0.0;0.0;0.0;0.0;0.0;0.0;0.0;0.0;0.0;0.0;0.0;0.0;0.0;0.0;0.0;0.0;0.0;0.0;0.0;0.0;0.0;0.0;0.0;0.0;0.0;0.0;0.0;0.0;0.0;0.0;0.0;0.0
2023-03-08;0.0;0.0;0.0;0.0;0.0;0.0;0.0;0.0;0.0;0.0;0.0;0.0;0.0;0.0;0.0;0.0;0.0;0.0;0.0;0.0;0.0;0.0;0.0;0.0;0.0;0.0;0.0;0.0;0.0;0.0;0.0;0.0;0.0;0.0;0.0;0.0;0.0
2023-03-09;0.0;0.0;0.0;0.0;0.0;0.0;0.0;0.0;0.0;0.0;0.0;0.0;0.0;0.0;0.0;0.0;0.0;0.0;0.0;0.0;0.0;0.0;0.0;0.0;0.0;0.0;0.0;0.0;0.0;0.0;0.0;0.0;0.0;0.0;0.0;0.0;0.0
2023-03-10;0.0;0.0;0.0;0.0;0.0;0.0;0.0;0.0;0.0;0.0;0.0;0.0;0.0;0.0;0.0;0.0;0.0;0.0;0.0;0.0;0.0;0.0;0.0;0.0;0.0;0.0;0.0;0.0;0.0;0.0;0.0;0.0;0.0;0.0;0.0;0.0;0.0
2023-03-11;0.0;0.0;0.0;0.0;0.0;0.0;0.0;0.0;0.0;0.0;0.0;0.0;0.0;0.0;0.0;0.0;0.0;0.0;0.0;0.0;0.0;0.0;0.0;0.0;0.0;0.0;0.0;0.0;0.0;0.0;0.0;0.0;0.0;0.0;0.0;0.0;0.0
2023-03-12;0.0;0.0;0.0;0.0;0.0;0.0;0.0;0.0;0.0;0.0;0.0;0.0;0.0;0.0;0.0;0.0;0.0;0.0;0.0;0.0;0.0;0.0;0.0;0.0;0.0;0.0;0.0;0.0;0.0;0.0;0.0;0.0;0.0;0.0;0.0;0.0;0.0
2023-03-13;0.0;0.0;0.0;0.0;0.0;0.0;0.0;0.0;0.0;0.0;0.0;0.0;0.0;0.0;0.0;0.0;0.0;0.0;0.0;0.0;0.0;0.0;0.0;0.0;0.0;0.0;0.0;0.0;0.0;0.0;0.0;0.0;0.0;0.0;0.0;0.0;0.0
2023-03-14;0.0;0.0;0.0;0.0;0.0;0.0;0.0;0.0;0.0;0.0;0.0;0.0;0.0;0.0;0.0;0.0;0.0;0.0;0.0;0.0;0.0;0.0;0.0;0.0;0.0;0.0;0.0;0.0;0.0;0.0;0.0;0.0;0.0;0.0;0.0;0.0;0.0
2023-03-15;0.0;0.0;0.0;0.0;0.0;0.0;0.0;0.0;0.0;0.0;0.0;0.0;0.0;0.0;0.0;0.0;0.0;0.0;0.0;0.0;0.0;0.0;0.0;0.0;0.0;0.0;0.0;0.0;0.0;0.0;0.0;0.0;0.0;0.0;0.0;0.0;0.0
2023-03-16;0.0;0.0;0.0;0.0;0.0;0.0;0.0;0.0;0.0;0.0;0.0;0.0;0.0;0.0;0.0;0.0;0.0;0.0;0.0;0.0;0.0;0.0;0.0;0.0;0.0;0.0;0.0;0.0;0.0;0.0;0.0;0.0;0.0;0.0;0.0;0.0;0.0
2023-03-17;0.0;0.0;0.0;0.0;0.0;0.0;0.0;0.0;0.0;0.0;0.0;0.0;0.0;0.0;0.0;0.0;0.0;0.0;0.0;0.0;0.0;0.0;0.0;0.0;0.0;0.0;0.0;0.0;0.0;0.0;0.0;0.0;0.0;0.0;0.0;0.0;0.0
2023-03-18;0.0;0.0;0.0;0.0;0.0;0.0;0.0;0.0;0.0;0.0;0.0;0.0;0.0;0.0;0.0;0.0;0.0;0.0;0.0;0.0;0.0;0.0;0.0;0.0;0.0;0.0;0.0;0.0;0.0;0.0;0.0;0.0;0.0;0.0;0.0;0.0;0.0
2023-03-19;0.0;0.0;0.0;0.0;0.0;0.0;0.0;0.0;0.0;0.0;0.0;0.0;0.0;0.0;0.0;0.0;0.0;0.0;0.0;0.0;0.0;0.0;0.0;0.0;0.0;0.0;0.0;0.0;0.0;0.0;0.0;0.0;0.0;0.0;0.0;0.0;0.0
2023-03-20;0.0;0.0;0.0;0.0;0.0;0.0;0.0;0.0;0.0;0.0;0.0;0.0;0.0;0.0;0.0;0.0;0.0;0.0;0.0;0.0;0.0;0.0;0.0;0.0;0.0;0.0;0.0;0.0;0.0;0.0;0.0;0.0;0.0;0.0;0.0;0.0;0.0
2023-03-21;0.0;0.0;0.0;0.0;0.0;0.0;0.0;0.0;0.0;0.0;0.0;0.0;0.0;0.0;0.0;0.0;0.0;0.0;0.0;0.0;0.0;0.0;0.0;0.0;0.0;0.0;0.0;0.0;0.0;0.0;0.0;0.0;0.0;0.0;0.0;0.0;0.0
2023-03-22;0.0;0.0;0.0;0.0;0.0;0.0;0.0;0.0;0.0;0.0;0.0;0.0;0.0;0.0;0.0;0.0;0.0;0.0;0.0;0.0;0.0;0.0;0.0;0.0;0.0;0.0;0.0;0.0;0.0;0.0;0.0;0.0;0.0;0.0;0.0;0.0;0.0
2023-03-23;0.0;0.0;0.0;0.0;0.0;0.0;0.0;0.0;0.0;0.0;0.0;0.0;0.0;0.0;0.0;0.0;0.0;0.0;0.0;0.0;0.0;0.0;0.0;0.0;0.0;0.0;0.0;0.0;0.0;0.0;0.0;0.0;0.0;0.0;0.0;0.0;0.0
2023-03-24;0.0;0.0;0.0;0.0;0.0;0.0;0.0;0.0;0.0;0.0;0.0;0.0;0.0;0.0;0.0;0.0;0.0;0.0;0.0;0.0;0.0;0.0;0.0;0.0;0.0;0.0;0.0;0.0;0.0;0.0;0.0;0.0;0.0;0.0;0.0;0.0;0.0
2023-03-25;0.0;0.0;0.0;0.0;0.0;0.0;0.0;0.0;0.0;0.0;0.0;0.0;0.0;0.0;0.0;0.0;0.0;0.0;0.0;0.0;0.0;0.0;0.0;0.0;0.0;0.0;0.0;0.0;0.0;0.0;0.0;0.0;0.0;0.0;0.0;0.0;0.0
2023-03-26;0.0;0.0;0.0;0.0;0.0;0.0;0.0;0.0;0.0;0.0;0.0;0.0;0.0;0.0;0.0;0.0;0.0;0.0;0.0;0.0;0.0;0.0;0.0;0.0;0.0;0.0;0.0;0.0;0.0;0.0;0.0;0.0;0.0;0.0;0.0;0.0;0.0
2023-03-27;0.0;0.0;0.0;0.0;0.0;0.0;0.0;0.0;0.0;0.0;0.0;0.0;0.0;0.0;0.0;0.0;0.0;0.0;0.0;0.0;0.0;0.0;0.0;0.0;0.0;0.0;0.0;0.0;0.0;0.0;0.0;0.0;0.0;0.0;0.0;0.0;0.0
2023-03-28;0.0;0.0;0.0;0.0;0.0;0.0;0.0;0.0;0.0;0.0;0.0;0.0;0.0;0.0;0.0;0.0;0.0;0.0;0.0;0.0;0.0;0.0;0.0;0.0;0.0;0.0;0.0;0.0;0.0;0.0;0.0;0.0;0.0;0.0;0.0;0.0;0.0
2023-03-29;0.0;0.0;0.0;0.0;0.0;0.0;0.0;0.0;0.0;0.0;0.0;0.0;0.0;0.0;0.0;0.0;0.0;0.0;0.0;0.0;0.0;0.0;0.0;0.0;0.0;0.0;0.0;0.0;0.0;0.0;0.0;0.0;0.0;0.0;0.0;0.0;0.0
2023-03-30;0.0;0.0;0.0;0.0;0.0;0.0;0.0;0.0;0.0;0.0;0.0;0.0;0.0;0.0;0.0;0.0;0.0;0.0;0.0;0.0;0.0;0.0;0.0;0.0;0.0;0.0;0.0;0.0;0.0;0.0;0.0;0.0;0.0;0.0;0.0;0.0;0.0
2023-03-31;0.0;0.0;0.0;0.0;0.0;0.0;0.0;0.0;0.0;0.0;0.0;0.0;0.0;0.0;0.0;0.0;0.0;0.0;0.0;0.0;0.0;0.0;0.0;0.0;0.0;0.0;0.0;0.0;0.0;0.0;0.0;0.0;0.0;0.0;0.0;0.0;0.0
2023-04-01;0.0;0.0;0.0;0.0;0.0;0.0;0.0;0.0;0.0;0.0;0.0;0.0;0.0;0.0;0.0;0.0;0.0;0.0;0.0;0.0;0.0;0.0;0.0;0.0;0.0;0.0;0.0;0.0;0.0;0.0;0.0;0.0;0.0;0.0;0.0;0.0;0.0
2023-04-02;0.0;0.0;0.0;0.0;0.0;0.0;0.0;0.0;0.0;0.0;0.0;0.0;0.0;0.0;0.0;0.0;0.0;0.0;0.0;0.0;0.0;0.0;0.0;0.0;0.0;0.0;0.0;0.0;0.0;0.0;0.0;0.0;0.0;0.0;0.0;0.0;0.0
2023-04-03;0.0;0.0;0.0;0.0;0.0;0.0;0.0;0.0;0.0;0.0;0.0;0.0;0.0;0.0;0.0;0.0;0.0;0.0;0.0;0.0;0.0;0.0;0.0;0.0;0.0;0.0;0.0;0.0;0.0;0.0;0.0;0.0;0.0;0.0;0.0;0.0;0.0
2023-04-04;0.0;0.0;0.0;0.0;0.0;0.0;0.0;0.0;0.0;0.0;0.0;0.0;0.0;0.0;0.0;0.0;0.0;0.0;0.0;0.0;0.0;0.0;0.0;0.0;0.0;0.0;0.0;0.0;0.0;0.0;0.0;0.0;0.0;0.0;0.0;0.0;0.0
2023-04-05;0.0;0.0;0.0;0.0;0.0;0.0;0.0;0.0;0.0;0.0;0.0;0.0;0.0;0.0;0.0;0.0;0.0;0.0;0.0;0.0;0.0;0.0;0.0;0.0;0.0;0.0;0.0;0.0;0.0;0.0;0.0;0.0;0.0;0.0;0.0;0.0;0.0
2023-04-06;0.0;0.0;0.0;0.0;0.0;0.0;0.0;0.0;0.0;0.0;0.0;0.0;0.0;0.0;0.0;0.0;0.0;0.0;0.0;0.0;0.0;0.0;0.0;0.0;0.0;0.0;0.0;0.0;0.0;0.0;0.0;0.0;0.0;0.0;0.0;0.0;0.0
2023-04-07;0.0;0.0;0.0;0.0;0.0;0.0;0.0;0.0;0.0;0.0;0.0;0.0;0.0;0.0;0.0;0.0;0.0;0.0;0.0;0.0;0.0;0.0;0.0;0.0;0.0;0.0;0.0;0.0;0.0;0.0;0.0;0.0;0.0;0.0;0.0;0.0;0.0
2023-04-08;0.0;0.0;0.0;0.0;0.0;0.0;0.0;0.0;0.0;0.0;0.0;0.0;0.0;0.0;0.0;0.0;0.0;0.0;0.0;0.0;0.0;0.0;0.0;0.0;0.0;0.0;0.0;0.0;0.0;0.0;0.0;0.0;0.0;0.0;0.0;0.0;0.0
2023-04-09;0.0;0.0;0.0;0.0;0.0;0.0;0.0;0.0;0.0;0.0;0.0;0.0;0.0;0.0;0.0;0.0;0.0;0.0;0.0;0.0;0.0;0.0;0.0;0.0;0.0;0.0;0.0;0.0;0.0;0.0;0.0;0.0;0.0;0.0;0.0;0.0;0.0
2023-04-10;0.0;0.0;0.0;0.0;0.0;0.0;0.0;0.0;0.0;0.0;0.0;0.0;0.0;0.0;0.0;0.0;0.0;0.0;0.0;0.0;0.0;0.0;0.0;0.0;0.0;0.0;0.0;0.0;0.0;0.0;0.0;0.0;0.0;0.0;0.0;0.0;0.0
2023-04-11;0.0;0.0;0.0;0.0;0.0;0.0;0.0;0.0;0.0;0.0;0.0;0.0;0.0;0.0;0.0;0.0;0.0;0.0;0.0;0.0;0.0;0.0;0.0;0.0;0.0;0.0;0.0;0.0;0.0;0.0;0.0;0.0;0.0;0.0;0.0;0.0;0.0
2023-04-12;0.0;0.0;0.0;0.0;0.0;0.0;0.0;0.0;0.0;0.0;0.0;0.0;0.0;0.0;0.0;0.0;0.0;0.0;0.0;0.0;0.0;0.0;0.0;0.0;0.0;0.0;0.0;0.0;0.0;0.0;0.0;0.0;0.0;0.0;0.0;0.0;0.0
2023-04-13;0.0;0.0;0.0;0.0;0.0;0.0;0.0;0.0;0.0;0.0;0.0;0.0;0.0;0.0;0.0;0.0;0.0;0.0;0.0;0.0;0.0;0.0;0.0;0.0;0.0;0.0;0.0;0.0;0.0;0.0;0.0;0.0;0.0;0.0;0.0;0.0;0.0
2023-04-14;0.0;0.0;0.0;0.0;0.0;0.0;0.0;0.0;0.0;0.0;0.0;0.0;0.0;0.0;0.0;0.0;0.0;0.0;0.0;0.0;0.0;0.0;0.0;0.0;0.0;0.0;0.0;0.0;0.0;0.0;0.0;0.0;0.0;0.0;0.0;0.0;0.0
2023-04-15;0.0;0.0;0.0;0.0;0.0;0.0;0.0;0.0;0.0;0.0;0.0;0.0;0.0;0.0;0.0;0.0;0.0;0.0;0.0;0.0;0.0;0.0;0.0;0.0;0.0;0.0;0.0;0.0;0.0;0.0;0.0;0.0;0.0;0.0;0.0;0.0;0.0
2023-04-16;0.0;0.0;0.0;0.0;0.0;0.0;0.0;0.0;0.0;0.0;0.0;0.0;0.0;0.0;0.0;0.0;0.0;0.0;0.0;0.0;0.0;0.0;0.0;0.0;0.0;0.0;0.0;0.0;0.0;0.0;0.0;0.0;0.0;0.0;0.0;0.0;0.0
2023-04-17;0.0;0.0;0.0;0.0;0.0;0.0;0.0;0.0;0.0;0.0;0.0;0.0;0.0;0.0;0.0;0.0;0.0;0.0;0.0;0.0;0.0;0.0;0.0;0.0;0.0;0.0;0.0;0.0;0.0;0.0;0.0;0.0;0.0;0.0;0.0;0.0;0.0
2023-04-18;0.0;0.0;0.0;0.0;0.0;0.0;0.0;0.0;0.0;0.0;0.0;0.0;0.0;0.0;0.0;0.0;0.0;0.0;0.0;0.0;0.0;0.0;0.0;0.0;0.0;0.0;0.0;0.0;0.0;0.0;0.0;0.0;0.0;0.0;0.0;0.0;0.0
2023-04-19;0.0;0.0;0.0;0.0;0.0;0.0;0.0;0.0;0.0;0.0;0.0;0.0;0.0;0.0;0.0;0.0;0.0;0.0;0.0;0.0;0.0;0.0;0.0;0.0;0.0;0.0;0.0;0.0;0.0;0.0;0.0;0.0;0.0;0.0;0.0;0.0;0.0
2023-04-20;0.0;0.0;0.0;0.0;0.0;0.0;0.0;0.0;0.0;0.0;0.0;0.0;0.0;0.0;0.0;0.0;0.0;0.0;0.0;0.0;0.0;0.0;0.0;0.0;0.0;0.0;0.0;0.0;0.0;0.0;0.0;0.0;0.0;0.0;0.0;0.0;0.0
2023-04-21;0.0;0.0;0.0;0.0;0.0;0.0;0.0;0.0;0.0;0.0;0.0;0.0;0.0;0.0;0.0;0.0;0.0;0.0;0.0;0.0;0.0;0.0;0.0;0.0;0.0;0.0;0.0;0.0;0.0;0.0;0.0;0.0;0.0;0.0;0.0;0.0;0.0
2023-04-22;0.0;0.0;0.0;0.0;0.0;0.0;0.0;0.0;0.0;0.0;0.0;0.0;0.0;0.0;0.0;0.0;0.0;0.0;0.0;0.0;0.0;0.0;0.0;0.0;0.0;0.0;0.0;0.0;0.0;0.0;0.0;0.0;0.0;0.0;0.0;0.0;0.0
2023-04-23;0.0;0.0;0.0;0.0;0.0;0.0;0.0;0.0;0.0;0.0;0.0;0.0;0.0;0.0;0.0;0.0;0.0;0.0;0.0;0.0;0.0;0.0;0.0;0.0;0.0;0.0;0.0;0.0;0.0;0.0;0.0;0.0;0.0;0.0;0.0;0.0;0.0
2023-04-24;0.0;0.0;0.0;0.0;0.0;0.0;0.0;0.0;0.0;0.0;0.0;0.0;0.0;0.0;0.0;0.0;0.0;0.0;0.0;0.0;0.0;0.0;0.0;0.0;0.0;0.0;0.0;0.0;0.0;0.0;0.0;0.0;0.0;0.0;0.0;0.0;0.0
2023-04-25;0.0;0.0;0.0;0.0;0.0;0.0;0.0;0.0;0.0;0.0;0.0;0.0;0.0;0.0;0.0;0.0;0.0;0.0;0.0;0.0;0.0;0.0;0.0;0.0;0.0;0.0;0.0;0.0;0.0;0.0;0.0;0.0;0.0;0.0;0.0;0.0;0.0
2023-04-26;0.0;0.0;0.0;0.0;0.0;0.0;0.0;0.0;0.0;0.0;0.0;0.0;0.0;0.0;0.0;0.0;0.0;0.0;0.0;0.0;0.0;0.0;0.0;0.0;0.0;0.0;0.0;0.0;0.0;0.0;0.0;0.0;0.0;0.0;0.0;0.0;0.0
2023-04-27;0.0;0.0;0.0;0.0;0.0;0.0;0.0;0.0;0.0;0.0;0.0;0.0;0.0;0.0;0.0;0.0;0.0;0.0;0.0;0.0;0.0;0.0;0.0;0.0;0.0;0.0;0.0;0.0;0.0;0.0;0.0;0.0;0.0;0.0;0.0;0.0;0.0
2023-04-28;0.0;0.0;0.0;0.0;0.0;0.0;0.0;0.0;0.0;0.0;0.0;0.0;0.0;0.0;0.0;0.0;0.0;0.0;0.0;0.0;0.0;0.0;0.0;0.0;0.0;0.0;0.0;0.0;0.0;0.0;0.0;0.0;0.0;0.0;0.0;0.0;0.0
2023-04-29;21.0;10.0;4.0;0.0;1.0;0.0;0.0;0.0;0.0;0.0;0.0;0.0;0.0;0.0;2.0;0.0;0.0;0.0;9.0;0.0;0.0;29.0;76.0;0.0;0.0;0.0;0.0;0.0;0.0;0.0;0.0;0.0;0.0;0.0;0.0;0.0;0.0
2023-04-30;62.0;26.0;0.0;0.0;7.0;0.0;9.0;1.0;0.0;1.0;8.0;6.0;0.0;0.0;7.0;1.0;0.0;0.0;0.0;0.0;25.0;22.0;175.0;0.0;0.0;0.0;0.0;0.0;0.0;0.0;0.0;0.0;0.0;0.0;0.0;0.0;0.0
2023-05-01;38.0;32.0;0.0;16.0;18.0;0.0;0.0;0.0;0.0;1.0;26.0;13.0;0.0;0.0;0.0;1.0;0.0;0.0;44.0;0.0;6.0;29.0;224.0;0.0;0.0;0.0;0.0;0.0;0.0;0.0;0.0;0.0;0.0;0.0;0.0;0.0;0.0
2023-05-02;33.0;15.0;0.0;26.0;6.0;6.0;0.0;2.0;9.0;0.0;7.0;29.0;0.0;0.0;0.0;5.0;0.0;0.0;0.0;0.0;14.0;15.0;167.0;0.0;0.0;0.0;0.0;0.0;0.0;0.0;0.0;0.0;0.0;0.0;0.0;0.0;0.0
2023-05-03;5.0;0.0;0.0;6.0;3.0;0.0;0.0;0.0;2.0;0.0;0.0;0.0;0.0;0.0;0.0;0.0;0.0;0.0;0.0;0.0;0.0;3.0;19.0;0.0;0.0;0.0;0.0;0.0;0.0;0.0;0.0;0.0;0.0;0.0;0.0;0.0;0.0
2023-05-04;49.0;6.0;0.0;19.0;20.0;0.0;0.0;0.0;1.0;1.0;3.0;10.0;0.0;0.0;0.0;9.0;2.0;0.0;53.0;0.0;8.0;37.0;218.0;0.0;0.0;0.0;0.0;0.0;0.0;0.0;0.0;0.0;0.0;0.0;0.0;0.0;0.0
2023-05-05;14.0;0.0;0.0;7.0;6.0;1.0;0.0;8.0;15.0;0.0;0.0;17.0;0.0;0.0;0.0;0.0;0.0;0.0;22.0;0.0;0.0;41.0;131.0;0.0;0.0;0.0;0.0;0.0;0.0;0.0;0.0;0.0;0.0;0.0;0.0;0.0;0.0
2023-05-06;38.0;27.0;0.0;0.0;0.0;0.0;2.0;4.0;0.0;0.0;1.0;0.0;0.0;6.0;4.0;0.0;0.0;0.0;0.0;0.0;0.0;21.0;103.0;0.0;0.0;0.0;0.0;0.0;0.0;0.0;0.0;0.0;0.0;0.0;0.0;0.0;0.0
2023-05-07;2.0;0.0;0.0;0.0;0.0;1.0;0.0;0.0;0.0;0.0;0.0;0.0;0.0;0.0;0.0;3.0;0.0;0.0;7.0;0.0;2.0;17.0;32.0;0.0;0.0;0.0;0.0;0.0;0.0;0.0;0.0;0.0;0.0;0.0;0.0;0.0;0.0
2023-05-08;3.0;1.0;0.0;1.0;10.0;0.0;0.0;0.0;0.0;0.0;0.0;0.0;0.0;0.0;0.0;0.0;0.0;0.0;0.0;0.0;0.0;6.0;21.0;0.0;0.0;0.0;0.0;0.0;0.0;0.0;0.0;0.0;0.0;0.0;0.0;0.0;0.0
2023-05-09;8.0;0.0;0.0;0.0;0.0;0.0;0.0;4.0;0.0;0.0;0.0;1.0;0.0;0.0;0.0;0.0;0.0;0.0;6.0;0.0;23.0;34.0;76.0;0.0;0.0;0.0;0.0;0.0;0.0;0.0;0.0;0.0;0.0;0.0;0.0;0.0;0.0
2023-05-10;16.0;0.0;0.0;0.0;0.0;0.0;0.0;0.0;0.0;0.0;0.0;4.0;0.0;0.0;0.0;4.0;0.0;0.0;0.0;0.0;0.0;10.0;34.0;0.0;0.0;0.0;0.0;0.0;0.0;0.0;0.0;0.0;0.0;0.0;0.0;0.0;0.0
2023-05-11;16.0;0.0;0.0;0.0;0.0;0.0;0.0;0.0;0.0;0.0;0.0;4.0;0.0;0.0;0.0;4.0;0.0;0.0;0.0;0.0;0.0;10.0;34.0;0.0;0.0;0.0;0.0;0.0;0.0;0.0;0.0;0.0;0.0;0.0;0.0;0.0;0.0
2023-05-12;7.0;2.0;0.0;0.0;0.0;0.0;0.0;1.0;1.0;0.0;0.0;0.0;0.0;0.0;0.0;0.0;0.0;3.0;0.0;0.0;0.0;8.0;22.0;0.0;0.0;0.0;0.0;0.0;0.0;0.0;0.0;0.0;0.0;0.0;0.0;0.0;0.0
2023-05-13;69.0;47.0;15.0;99.0;18.0;0.0;21.0;1.0;2.0;6.0;84.0;11.0;0.0;0.0;5.0;7.0;0.0;70.0;17.0;0.0;0.0;54.0;526.0;0.0;0.0;0.0;0.0;0.0;0.0;0.0;0.0;0.0;0.0;0.0;0.0;0.0;0.0
2023-05-14;50.0;59.0;0.0;70.0;15.0;1.0;1.0;4.0;1.0;0.0;0.0;6.0;0.0;3.0;5.0;3.0;0.0;71.0;6.0;0.0;0.0;49.0;344.0;0.0;0.0;0.0;0.0;0.0;0.0;0.0;0.0;0.0;0.0;0.0;0.0;0.0;0.0
2023-05-15;20.0;39.0;0.0;7.0;4.0;0.0;5.0;1.0;2.0;13.0;0.0;9.0;0.0;2.0;1.0;0.0;6.0;31.0;22.0;0.0;0.0;21.0;183.0;0.0;0.0;0.0;0.0;0.0;0.0;0.0;0.0;0.0;0.0;0.0;0.0;0.0;0.0
2023-05-16;30.0;20.0;0.0;0.0;4.0;0.0;0.0;10.0;0.0;1.0;0.0;53.0;0.0;0.0;1.0;2.0;0.0;13.0;0.0;0.0;15.0;44.0;193.0;0.0;0.0;0.0;0.0;0.0;0.0;0.0;0.0;0.0;0.0;0.0;0.0;0.0;0.0
2023-05-17;32.0;22.0;0.0;6.0;0.0;0.0;7.0;4.0;0.0;29.0;0.0;5.0;0.0;0.0;16.0;0.0;0.0;0.0;0.0;0.0;0.0;29.0;150.0;0.0;0.0;0.0;0.0;0.0;0.0;0.0;0.0;0.0;0.0;0.0;0.0;0.0;0.0
2023-05-18;103.0;31.0;2.0;51.0;6.0;0.0;12.0;8.0;0.0;52.0;0.0;27.0;0.0;2.0;24.0;1.0;0.0;16.0;4.0;0.0;10.0;37.0;386.0;0.0;0.0;0.0;0.0;0.0;0.0;0.0;0.0;0.0;0.0;0.0;0.0;0.0;0.0
2023-05-19;27.0;13.0;1.0;18.0;6.0;0.0;5.0;1.0;1.0;13.0;11.0;16.0;0.0;0.0;5.0;0.0;0.0;5.0;13.0;0.0;8.0;5.0;148.0;0.0;0.0;0.0;0.0;0.0;0.0;0.0;0.0;0.0;0.0;0.0;0.0;0.0;0.0
2023-05-20;78.0;13.0;0.0;7.0;0.0;0.0;25.0;4.0;1.0;15.0;3.0;10.0;0.0;8.0;7.0;7.0;0.0;6.0;30.0;0.0;0.0;28.0;242.0;0.0;0.0;0.0;0.0;0.0;0.0;0.0;0.0;0.0;0.0;0.0;0.0;0.0;0.0
2023-05-21;41.0;18.0;33.0;20.0;4.0;0.0;11.0;0.0;8.0;16.0;0.0;6.0;0.0;0.0;5.0;2.0;10.0;5.0;0.0;0.0;0.0;28.0;207.0;0.0;0.0;0.0;0.0;0.0;0.0;0.0;0.0;0.0;0.0;0.0;0.0;0.0;0.0
2023-05-22;78.0;50.0;5.0;68.0;9.0;0.0;107.0;6.0;9.0;7.0;0.0;0.0;0.0;0.0;8.0;0.0;0.0;0.0;14.0;0.0;3.0;52.0;416.0;0.0;0.0;0.0;0.0;0.0;0.0;0.0;0.0;0.0;0.0;0.0;0.0;0.0;0.0
2023-05-23;34.0;39.0;9.0;20.0;12.0;6.0;7.0;1.0;13.0;12.0;1.0;0.0;0.0;0.0;2.0;5.0;0.0;0.0;0.0;0.0;0.0;35.0;196.0;0.0;0.0;0.0;0.0;0.0;0.0;0.0;0.0;0.0;0.0;0.0;0.0;0.0;0.0
2023-05-24;26.0;9.0;10.0;37.0;8.0;0.0;1.0;0.0;19.0;0.0;0.0;0.0;0.0;0.0;2.0;9.0;0.0;0.0;0.0;0.0;9.0;24.0;154.0;0.0;0.0;0.0;0.0;0.0;0.0;0.0;0.0;0.0;0.0;0.0;0.0;0.0;0.0
2023-05-25;64.0;40.0;64.0;96.0;27.0;0.0;1.0;4.0;11.0;0.0;2.0;17.0;17.0;21.0;0.0;16.0;0.0;6.0;31.0;0.0;18.0;54.0;489.0;0.0;0.0;0.0;0.0;0.0;0.0;0.0;0.0;0.0;0.0;0.0;0.0;0.0;0.0
2023-05-26;16.0;18.0;0.0;10.0;4.0;0.0;8.0;6.0;7.0;0.0;3.0;22.0;0.0;34.0;3.0;0.0;0.0;0.0;0.0;0.0;0.0;5.0;136.0;0.0;0.0;0.0;0.0;0.0;0.0;0.0;0.0;0.0;0.0;0.0;0.0;0.0;0.0
2023-05-27;55.0;25.0;3.0;0.0;0.0;1.0;14.0;1.0;6.0;15.0;0.0;1.0;0.0;1.0;5.0;6.0;0.0;0.0;0.0;0.0;0.0;9.0;142.0;0.0;0.0;0.0;0.0;0.0;0.0;0.0;0.0;0.0;0.0;0.0;0.0;0.0;0.0
2023-05-28;32.0;13.0;0.0;0.0;0.0;3.0;7.0;0.0;6.0;11.0;0.0;4.0;0.0;0.0;3.0;1.0;0.0;6.0;0.0;0.0;21.0;48.0;155.0;0.0;0.0;0.0;0.0;0.0;0.0;0.0;0.0;0.0;0.0;0.0;0.0;0.0;0.0
2023-05-29;6.0;2.0;0.0;0.0;3.0;0.0;0.0;2.0;4.0;0.0;0.0;12.0;0.0;0.0;0.0;0.0;4.0;5.0;0.0;0.0;7.0;5.0;50.0;0.0;0.0;0.0;0.0;0.0;0.0;0.0;0.0;0.0;0.0;0.0;0.0;0.0;0.0
2023-05-30;7.0;2.0;0.0;2.0;9.0;0.0;0.0;2.0;9.0;3.0;0.0;4.0;0.0;0.0;0.0;0.0;10.0;0.0;16.0;0.0;0.0;3.0;67.0;0.0;0.0;0.0;0.0;0.0;0.0;0.0;0.0;0.0;0.0;0.0;0.0;0.0;0.0
2023-05-31;11.0;8.0;0.0;4.0;0.0;0.0;5.0;0.0;0.0;10.0;0.0;0.0;0.0;0.0;0.0;1.0;0.0;0.0;0.0;0.0;0.0;4.0;43.0;0.0;0.0;0.0;0.0;0.0;0.0;0.0;0.0;0.0;0.0;0.0;0.0;0.0;0.0
2023-06-01;38.0;15.0;0.0;0.0;5.0;0.0;0.0;0.0;0.0;3.0;0.0;4.0;0.0;0.0;0.0;0.0;34.0;4.0;8.0;0.0;16.0;37.0;164.0;0.0;0.0;0.0;0.0;0.0;0.0;0.0;0.0;0.0;0.0;0.0;0.0;0.0;0.0
2023-06-02;18.0;8.0;44.0;11.0;5.0;0.0;1.0;0.0;1.0;0.0;0.0;0.0;0.0;23.0;0.0;0.0;54.0;0.0;3.0;0.0;0.0;8.0;176.0;0.0;0.0;0.0;0.0;0.0;0.0;0.0;0.0;0.0;0.0;0.0;0.0;0.0;0.0
2023-06-03;24.0;24.0;50.0;0.0;6.0;0.0;3.0;1.0;0.0;2.0;0.0;2.0;0.0;0.0;1.0;0.0;78.0;0.0;8.0;0.0;5.0;7.0;211.0;0.0;0.0;0.0;0.0;0.0;0.0;0.0;0.0;0.0;0.0;0.0;0.0;0.0;0.0
2023-06-04;28.0;6.0;3.0;3.0;3.0;0.0;0.0;1.0;0.0;0.0;0.0;35.0;0.0;0.0;0.0;0.0;56.0;0.0;2.0;0.0;11.0;7.0;155.0;0.0;0.0;0.0;0.0;0.0;0.0;0.0;0.0;0.0;0.0;0.0;0.0;0.0;0.0
2023-06-05;45.0;17.0;0.0;35.0;10.0;1.0;0.0;4.0;0.0;0.0;0.0;62.0;0.0;0.0;0.0;13.0;55.0;13.0;0.0;0.0;7.0;15.0;277.0;0.0;0.0;0.0;0.0;0.0;0.0;0.0;0.0;0.0;0.0;0.0;0.0;0.0;0.0
2023-06-06;21.0;2.0;0.0;7.0;8.0;8.0;6.0;3.0;1.0;0.0;2.0;16.0;0.0;0.0;0.0;9.0;11.0;3.0;0.0;0.0;13.0;15.0;125.0;0.0;0.0;0.0;0.0;0.0;0.0;0.0;0.0;0.0;0.0;0.0;0.0;0.0;0.0
2023-06-07;48.0;0.0;0.0;5.0;6.0;0.0;10.0;0.0;0.0;0.0;0.0;79.0;0.0;0.0;0.0;26.0;6.0;0.0;0.0;5.0;0.0;9.0;194.0;0.0;0.0;0.0;0.0;0.0;0.0;0.0;0.0;0.0;0.0;0.0;0.0;0.0;0.0
2023-06-08;18.0;22.0;0.0;0.0;0.0;0.0;0.0;0.0;0.0;9.0;0.0;12.0;0.0;0.0;0.0;7.0;0.0;0.0;0.0;1.0;0.0;19.0;88.0;0.0;0.0;0.0;0.0;0.0;0.0;0.0;0.0;0.0;0.0;0.0;0.0;0.0;0.0
2023-06-09;34.0;34.0;0.0;26.0;8.0;1.0;1.0;4.0;0.0;4.0;9.0;5.0;0.0;0.0;0.0;6.0;0.0;10.0;0.0;16.0;0.0;16.0;174.0;0.0;0.0;0.0;0.0;0.0;0.0;0.0;0.0;0.0;0.0;0.0;0.0;0.0;0.0
2023-06-10;25.0;29.0;1.0;35.0;7.0;0.0;1.0;0.0;13.0;9.0;0.0;5.0;0.0;0.0;0.0;14.0;11.0;16.0;0.0;17.0;0.0;22.0;205.0;0.0;0.0;0.0;0.0;0.0;0.0;0.0;0.0;0.0;0.0;0.0;0.0;0.0;0.0
2023-06-11;41.0;114.0;275.0;5.0;54.0;0.0;7.0;4.0;11.0;3.0;0.0;15.0;88.0;0.0;4.0;6.0;3.0;0.0;0.0;78.0;0.0;21.0;729.0;0.0;0.0;0.0;0.0;0.0;0.0;0.0;0.0;0.0;0.0;0.0;0.0;0.0;0.0
2023-06-12;30.0;8.0;23.0;12.0;11.0;67.0;1.0;4.0;26.0;11.0;4.0;5.0;58.0;0.0;7.0;2.0;5.0;0.0;0.0;8.0;0.0;13.0;295.0;0.0;0.0;0.0;0.0;0.0;0.0;0.0;0.0;0.0;0.0;0.0;0.0;0.0;0.0
2023-06-13;108.0;13.0;0.0;0.0;1.0;0.0;2.0;18.0;6.0;6.0;0.0;4.0;0.0;0.0;0.0;8.0;13.0;0.0;0.0;24.0;0.0;33.0;236.0;0.0;0.0;0.0;0.0;0.0;0.0;0.0;0.0;0.0;0.0;0.0;0.0;0.0;0.0
2023-06-14;72.0;0.0;0.0;0.0;0.0;4.0;0.0;21.0;5.0;3.0;8.0;13.0;0.0;0.0;0.0;12.0;23.0;3.0;0.0;0.0;0.0;3.0;167.0;0.0;0.0;0.0;0.0;0.0;0.0;0.0;0.0;0.0;0.0;0.0;0.0;0.0;0.0
2023-06-15;39.0;7.0;0.0;9.0;0.0;0.0;0.0;2.0;0.0;3.0;0.0;5.0;0.0;0.0;0.0;14.0;42.0;18.0;0.0;0.0;0.0;0.0;139.0;0.0;0.0;0.0;0.0;0.0;0.0;0.0;0.0;0.0;0.0;0.0;0.0;0.0;0.0
2023-06-16;39.0;7.0;0.0;9.0;0.0;0.0;0.0;2.0;0.0;3.0;0.0;5.0;0.0;0.0;0.0;14.0;42.0;18.0;0.0;0.0;0.0;0.0;139.0;0.0;0.0;0.0;0.0;0.0;0.0;0.0;0.0;0.0;0.0;0.0;0.0;0.0;0.0
2023-06-17;39.0;7.0;0.0;9.0;0.0;0.0;0.0;2.0;0.0;3.0;0.0;5.0;0.0;0.0;0.0;14.0;42.0;18.0;0.0;0.0;0.0;0.0;139.0;0.0;0.0;0.0;0.0;0.0;0.0;0.0;0.0;0.0;0.0;0.0;0.0;0.0;0.0
2023-06-18;39.0;7.0;0.0;9.0;0.0;0.0;0.0;2.0;0.0;3.0;0.0;5.0;0.0;0.0;0.0;14.0;42.0;18.0;0.0;0.0;0.0;0.0;139.0;0.0;0.0;0.0;0.0;0.0;0.0;0.0;0.0;0.0;0.0;0.0;0.0;0.0;0.0
2023-06-19;39.0;7.0;0.0;9.0;0.0;0.0;0.0;2.0;0.0;3.0;0.0;5.0;0.0;0.0;0.0;14.0;42.0;18.0;0.0;0.0;0.0;0.0;139.0;0.0;0.0;0.0;0.0;0.0;0.0;0.0;0.0;0.0;0.0;0.0;0.0;0.0;0.0
2023-06-20;36.0;13.0;0.0;0.0;0.0;0.0;2.0;2.0;3.0;0.0;0.0;2.0;0.0;0.0;0.0;7.0;0.0;20.0;0.0;20.0;0.0;6.0;111.0;0.0;0.0;0.0;0.0;0.0;0.0;0.0;0.0;0.0;0.0;0.0;0.0;0.0;0.0
2023-06-21;23.0;0.0;0.0;0.0;0.0;0.0;3.0;1.0;2.0;0.0;0.0;0.0;0.0;0.0;0.0;0.0;0.0;8.0;0.0;3.0;8.0;16.0;64.0;0.0;0.0;0.0;0.0;0.0;0.0;0.0;0.0;0.0;0.0;0.0;0.0;0.0;0.0
2023-06-22;20.0;30.0;0.0;0.0;0.0;0.0;0.0;8.0;10.0;0.0;0.0;2.0;0.0;0.0;7.0;2.0;15.0;24.0;0.0;27.0;0.0;13.0;158.0;0.0;0.0;0.0;0.0;0.0;0.0;0.0;0.0;0.0;0.0;0.0;0.0;0.0;0.0
2023-06-23;71.0;2.0;2.0;0.0;2.0;0.0;4.0;18.0;7.0;1.0;2.0;3.0;0.0;0.0;0.0;0.0;0.0;4.0;0.0;35.0;0.0;35.0;186.0;0.0;0.0;0.0;0.0;0.0;0.0;0.0;0.0;0.0;0.0;0.0;0.0;0.0;0.0
2023-06-24;48.0;0.0;0.0;0.0;0.0;0.0;0.0;15.0;6.0;0.0;0.0;0.0;0.0;0.0;0.0;0.0;0.0;7.0;0.0;4.0;0.0;15.0;95.0;0.0;0.0;0.0;0.0;0.0;0.0;0.0;0.0;0.0;0.0;0.0;0.0;0.0;0.0
2023-06-25;29.0;2.0;0.0;0.0;0.0;0.0;4.0;2.0;2.0;0.0;0.0;0.0;0.0;0.0;7.0;0.0;0.0;7.0;0.0;15.0;2.0;16.0;94.0;0.0;0.0;1.0;0.0;0.0;2.0;1.0;0.0;0.0;0.0;0.0;0.0;4.0;0.0
2023-06-26;49.0;15.0;0.0;0.0;0.0;10.0;0.0;7.0;7.0;0.0;0.0;0.0;0.0;0.0;0.0;0.0;12.0;14.0;0.0;31.0;0.0;14.0;166.0;0.0;0.0;0.0;0.0;0.0;3.0;0.0;0.0;0.0;0.0;0.0;0.0;4.0;0.0
2023-06-27;93.0;22.0;0.0;10.0;0.0;0.0;23.0;6.0;0.0;0.0;0.0;16.0;0.0;0.0;1.0;5.0;56.0;15.0;0.0;24.0;0.0;24.0;322.0;0.0;0.0;0.0;0.0;0.0;20.0;0.0;0.0;0.0;0.0;0.0;0.0;7.0;0.0
2023-06-28;4.0;0.0;0.0;0.0;0.0;0.0;0.0;0.0;0.0;0.0;0.0;0.0;0.0;0.0;1.0;0.0;0.0;0.0;0.0;3.0;0.0;10.0;25.0;0.0;0.0;0.0;0.0;0.0;0.0;0.0;0.0;0.0;0.0;0.0;0.0;7.0;0.0
2023-06-29;46.0;4.0;0.0;0.0;0.0;0.0;0.0;5.0;16.0;0.0;1.0;14.0;0.0;0.0;0.0;25.0;39.0;22.0;0.0;30.0;0.0;30.0;265.0;28.0;0.0;0.0;0.0;0.0;0.0;0.0;0.0;0.0;0.0;0.0;0.0;5.0;0.0
2023-06-30;2.0;0.0;0.0;0.0;0.0;0.0;0.0;0.0;0.0;0.0;0.0;0.0;0.0;0.0;0.0;0.0;0.0;0.0;0.0;0.0;0.0;0.0;7.0;0.0;0.0;0.0;0.0;0.0;5.0;0.0;0.0;0.0;0.0;0.0;0.0;0.0;0.0
2023-07-01;57.0;5.0;0.0;0.0;6.0;0.0;3.0;7.0;13.0;0.0;0.0;8.0;0.0;0.0;0.0;1.0;7.0;26.0;0.0;10.0;0.0;79.0;264.0;0.0;0.0;0.0;0.0;0.0;7.0;0.0;0.0;0.0;27.0;0.0;0.0;8.0;0.0
2023-07-02;51.0;5.0;0.0;0.0;0.0;0.0;2.0;17.0;5.0;17.0;0.0;0.0;0.0;0.0;8.0;1.0;1.0;0.0;0.0;20.0;0.0;17.0;234.0;0.0;0.0;0.0;0.0;0.0;0.0;0.0;0.0;0.0;88.0;0.0;0.0;2.0;0.0
2023-07-03;24.0;7.0;0.0;0.0;0.0;0.0;2.0;2.0;10.0;0.0;0.0;13.0;0.0;0.0;2.0;10.0;6.0;0.0;0.0;20.0;0.0;27.0;194.0;0.0;0.0;0.0;0.0;0.0;0.0;0.0;0.0;0.0;50.0;0.0;0.0;21.0;0.0
2023-07-04;23.0;21.0;0.0;0.0;0.0;0.0;13.0;5.0;3.0;8.0;35.0;6.0;0.0;0.0;0.0;4.0;0.0;9.0;0.0;8.0;0.0;11.0;283.0;1.0;0.0;0.0;0.0;0.0;0.0;0.0;79.0;0.0;48.0;0.0;0.0;9.0;0.0
2023-07-05;59.0;29.0;0.0;0.0;0.0;0.0;29.0;7.0;0.0;60.0;36.0;8.0;0.0;0.0;12.0;22.0;1.0;0.0;0.0;16.0;0.0;7.0;342.0;0.0;0.0;0.0;0.0;0.0;0.0;0.0;46.0;0.0;10.0;0.0;0.0;0.0;0.0
2023-07-06;20.0;25.0;26.0;2.0;27.0;0.0;18.0;7.0;8.0;0.0;12.0;1.0;0.0;0.0;0.0;0.0;7.0;2.0;0.0;20.0;0.0;54.0;282.0;0.0;0.0;0.0;0.0;0.0;0.0;0.0;0.0;0.0;53.0;0.0;0.0;0.0;0.0
2023-07-07;41.0;19.0;0.0;1.0;2.0;0.0;7.0;4.0;16.0;0.0;12.0;1.0;0.0;0.0;12.0;0.0;2.0;0.0;0.0;24.0;0.0;71.0;258.0;0.0;0.0;0.0;0.0;0.0;0.0;0.0;0.0;0.0;46.0;0.0;0.0;0.0;0.0
2023-07-08;32.0;0.0;0.0;0.0;0.0;19.0;1.0;4.0;18.0;0.0;1.0;2.0;0.0;0.0;0.0;1.0;0.0;0.0;0.0;26.0;0.0;10.0;170.0;0.0;0.0;0.0;0.0;0.0;0.0;0.0;0.0;0.0;55.0;0.0;0.0;1.0;0.0
2023-07-09;13.0;18.0;0.0;0.0;0.0;0.0;0.0;2.0;2.0;0.0;1.0;2.0;0.0;0.0;1.0;0.0;0.0;0.0;0.0;21.0;0.0;11.0;162.0;0.0;0.0;0.0;0.0;0.0;0.0;0.0;0.0;0.0;89.0;0.0;0.0;2.0;0.0
2023-07-10;6.0;0.0;0.0;0.0;0.0;0.0;0.0;0.0;0.0;0.0;0.0;0.0;0.0;0.0;0.0;6.0;0.0;0.0;0.0;4.0;0.0;0.0;36.0;0.0;0.0;0.0;0.0;0.0;0.0;0.0;0.0;0.0;18.0;0.0;0.0;2.0;0.0
2023-07-11;10.0;2.0;0.0;0.0;0.0;0.0;0.0;2.0;3.0;0.0;1.0;2.0;0.0;0.0;0.0;3.0;0.0;0.0;0.0;4.0;0.0;0.0;52.0;0.0;0.0;0.0;0.0;0.0;0.0;0.0;0.0;0.0;24.0;0.0;0.0;1.0;0.0
2023-07-12;0.0;0.0;0.0;0.0;0.0;0.0;0.0;0.0;0.0;0.0;0.0;0.0;0.0;0.0;0.0;0.0;0.0;0.0;0.0;0.0;0.0;0.0;15.0;0.0;0.0;0.0;0.0;0.0;0.0;0.0;0.0;0.0;15.0;0.0;0.0;0.0;0.0
2023-07-13;20.0;0.0;0.0;0.0;0.0;0.0;0.0;0.0;2.0;0.0;2.0;0.0;0.0;0.0;0.0;0.0;2.0;0.0;0.0;13.0;0.0;4.0;90.0;0.0;0.0;0.0;0.0;0.0;0.0;0.0;0.0;0.0;42.0;0.0;0.0;4.0;1.0
2023-07-14;13.0;5.0;0.0;0.0;0.0;0.0;11.0;3.0;0.0;2.0;3.0;0.0;0.0;0.0;0.0;5.0;2.0;0.0;0.0;15.0;0.0;0.0;111.0;0.0;0.0;0.0;0.0;0.0;0.0;0.0;19.0;0.0;33.0;0.0;0.0;0.0;0.0
2023-07-15;3.0;0.0;0.0;0.0;0.0;0.0;0.0;0.0;0.0;0.0;0.0;2.0;0.0;0.0;0.0;0.0;0.0;0.0;0.0;0.0;0.0;0.0;14.0;0.0;0.0;0.0;0.0;0.0;0.0;0.0;0.0;0.0;9.0;0.0;0.0;0.0;0.0
2023-07-16;15.0;22.0;0.0;0.0;0.0;0.0;0.0;2.0;0.0;39.0;0.0;0.0;0.0;0.0;1.0;0.0;0.0;0.0;0.0;0.0;0.0;4.0;94.0;0.0;0.0;0.0;0.0;0.0;0.0;0.0;0.0;0.0;9.0;0.0;0.0;2.0;0.0
2023-07-17;0.0;0.0;0.0;0.0;0.0;0.0;0.0;0.0;0.0;0.0;1.0;2.0;0.0;0.0;0.0;0.0;0.0;0.0;0.0;0.0;0.0;0.0;16.0;0.0;0.0;0.0;0.0;0.0;0.0;0.0;0.0;0.0;13.0;0.0;0.0;0.0;0.0
2023-07-18;30.0;10.0;0.0;0.0;0.0;0.0;2.0;2.0;11.0;7.0;0.0;26.0;0.0;0.0;3.0;13.0;0.0;5.0;0.0;69.0;0.0;21.0;238.0;30.0;0.0;0.0;0.0;0.0;0.0;0.0;0.0;0.0;4.0;0.0;0.0;5.0;0.0
2023-07-19;24.0;23.0;0.0;1.0;0.0;0.0;4.0;2.0;8.0;0.0;0.0;12.0;0.0;0.0;12.0;29.0;0.0;0.0;0.0;18.0;0.0;13.0;173.0;19.0;0.0;0.0;0.0;0.0;0.0;0.0;0.0;0.0;0.0;0.0;0.0;8.0;0.0
2023-07-20;99.0;9.0;0.0;0.0;0.0;0.0;0.0;5.0;8.0;0.0;0.0;12.0;0.0;0.0;0.0;0.0;0.0;28.0;0.0;2.0;0.0;18.0;188.0;0.0;0.0;0.0;0.0;0.0;0.0;0.0;0.0;0.0;0.0;2.0;0.0;5.0;0.0
2023-07-21;57.0;18.0;0.0;0.0;0.0;0.0;6.0;0.0;6.0;0.0;0.0;4.0;0.0;0.0;10.0;0.0;0.0;0.0;0.0;2.0;0.0;31.0;137.0;0.0;0.0;0.0;0.0;0.0;0.0;0.0;0.0;0.0;0.0;0.0;0.0;3.0;0.0
2023-07-22;21.0;16.0;0.0;0.0;0.0;0.0;0.0;0.0;3.0;3.0;0.0;10.0;0.0;0.0;2.0;2.0;1.0;0.0;0.0;1.0;0.0;19.0;83.0;0.0;0.0;0.0;0.0;0.0;0.0;0.0;0.0;0.0;0.0;0.0;0.0;5.0;0.0
2023-07-23;6.0;0.0;0.0;0.0;0.0;0.0;0.0;0.0;0.0;0.0;0.0;3.0;0.0;0.0;0.0;0.0;0.0;0.0;0.0;0.0;0.0;9.0;33.0;0.0;0.0;0.0;0.0;0.0;8.0;0.0;0.0;0.0;0.0;0.0;0.0;7.0;0.0
2023-07-24;20.0;1.0;0.0;0.0;0.0;0.0;0.0;0.0;1.0;9.0;0.0;24.0;0.0;0.0;0.0;29.0;0.0;0.0;0.0;29.0;0.0;8.0;122.0;0.0;0.0;0.0;0.0;0.0;0.0;0.0;0.0;0.0;0.0;0.0;0.0;1.0;0.0
2023-07-25;0.0;2.0;0.0;0.0;0.0;0.0;0.0;0.0;0.0;1.0;0.0;0.0;0.0;0.0;0.0;0.0;0.0;0.0;0.0;0.0;0.0;0.0;3.0;0.0;0.0;0.0;0.0;0.0;0.0;0.0;0.0;0.0;0.0;0.0;0.0;0.0;0.0
2023-07-26;10.0;20.0;0.0;0.0;0.0;0.0;0.0;3.0;4.0;0.0;0.0;2.0;0.0;0.0;0.0;1.0;0.0;17.0;0.0;0.0;0.0;13.0;75.0;0.0;0.0;0.0;0.0;0.0;0.0;0.0;0.0;0.0;0.0;0.0;0.0;5.0;0.0
2023-07-27;19.0;0.0;0.0;0.0;0.0;0.0;1.0;0.0;0.0;0.0;0.0;9.0;0.0;0.0;2.0;2.0;0.0;0.0;0.0;0.0;0.0;0.0;36.0;0.0;0.0;0.0;0.0;0.0;0.0;0.0;0.0;0.0;0.0;0.0;0.0;1.0;2.0
2023-07-28;71.0;64.0;0.0;0.0;0.0;0.0;41.0;4.0;3.0;30.0;9.0;3.0;0.0;0.0;2.0;0.0;0.0;141.0;0.0;41.0;0.0;20.0;429.0;0.0;0.0;0.0;0.0;0.0;0.0;0.0;0.0;0.0;0.0;0.0;0.0;0.0;0.0
2023-07-29;44.0;15.0;0.0;0.0;0.0;0.0;4.0;8.0;5.0;19.0;1.0;10.0;0.0;0.0;0.0;23.0;0.0;6.0;0.0;6.0;0.0;19.0;193.0;25.0;0.0;0.0;0.0;0.0;8.0;0.0;0.0;0.0;0.0;0.0;0.0;0.0;0.0
2023-07-30;58.0;31.0;0.0;0.0;0.0;5.0;0.0;3.0;27.0;0.0;12.0;6.0;0.0;0.0;16.0;0.0;0.0;15.0;0.0;34.0;0.0;30.0;248.0;0.0;0.0;0.0;0.0;0.0;11.0;0.0;0.0;0.0;0.0;0.0;0.0;0.0;0.0
2023-07-31;25.0;6.0;0.0;10.0;14.0;4.0;0.0;2.0;10.0;0.0;0.0;30.0;0.0;0.0;0.0;7.0;0.0;10.0;0.0;16.0;0.0;5.0;168.0;10.0;0.0;0.0;0.0;0.0;0.0;0.0;0.0;0.0;0.0;0.0;0.0;0.0;19.0
2023-08-01;30.0;5.0;0.0;0.0;0.0;0.0;0.0;1.0;0.0;0.0;0.0;4.0;0.0;0.0;0.0;0.0;0.0;4.0;0.0;1.0;0.0;3.0;77.0;0.0;0.0;0.0;0.0;0.0;0.0;0.0;0.0;0.0;0.0;0.0;0.0;0.0;29.0
2023-08-02;42.0;4.0;0.0;0.0;0.0;0.0;0.0;0.0;4.0;0.0;0.0;5.0;0.0;0.0;0.0;0.0;0.0;0.0;0.0;0.0;0.0;3.0;58.0;0.0;0.0;0.0;0.0;0.0;0.0;0.0;0.0;0.0;0.0;0.0;0.0;0.0;0.0
2023-08-03;18.0;5.0;0.0;2.0;0.0;0.0;0.0;1.0;1.0;0.0;0.0;3.0;0.0;0.0;0.0;1.0;0.0;0.0;0.0;0.0;0.0;0.0;76.0;0.0;0.0;0.0;0.0;0.0;0.0;0.0;0.0;0.0;0.0;0.0;0.0;0.0;45.0
2023-08-04;7.0;0.0;0.0;0.0;0.0;0.0;0.0;0.0;2.0;0.0;0.0;5.0;0.0;0.0;0.0;0.0;0.0;0.0;0.0;8.0;0.0;14.0;51.0;0.0;1.0;0.0;0.0;0.0;0.0;0.0;0.0;0.0;0.0;0.0;0.0;0.0;14.0
2023-08-05;44.0;5.0;0.0;0.0;0.0;0.0;0.0;2.0;7.0;0.0;0.0;7.0;0.0;0.0;0.0;0.0;0.0;13.0;0.0;2.0;0.0;13.0;93.0;0.0;0.0;0.0;0.0;0.0;0.0;0.0;0.0;0.0;0.0;0.0;0.0;0.0;0.0
2023-08-06;40.0;12.0;0.0;0.0;0.0;0.0;1.0;3.0;2.0;5.0;0.0;11.0;0.0;0.0;0.0;4.0;0.0;0.0;0.0;13.0;0.0;28.0;131.0;0.0;0.0;0.0;0.0;0.0;0.0;0.0;0.0;0.0;0.0;0.0;0.0;0.0;12.0
2023-08-07;44.0;9.0;0.0;0.0;0.0;0.0;0.0;0.0;9.0;0.0;0.0;10.0;0.0;0.0;0.0;0.0;0.0;0.0;0.0;33.0;0.0;18.0;131.0;0.0;0.0;0.0;0.0;0.0;8.0;0.0;0.0;0.0;0.0;0.0;0.0;0.0;0.0
2023-08-08;13.0;4.0;0.0;0.0;0.0;0.0;0.0;0.0;1.0;0.0;2.0;3.0;0.0;0.0;0.0;0.0;0.0;0.0;0.0;15.0;0.0;3.0;53.0;0.0;0.0;0.0;0.0;0.0;0.0;0.0;0.0;0.0;0.0;0.0;0.0;0.0;12.0
2023-08-09;6.0;0.0;0.0;0.0;0.0;0.0;3.0;0.0;5.0;0.0;0.0;7.0;0.0;0.0;0.0;0.0;0.0;0.0;0.0;0.0;0.0;2.0;27.0;0.0;4.0;0.0;0.0;0.0;0.0;0.0;0.0;0.0;0.0;0.0;0.0;0.0;0.0
2023-08-10;6.0;0.0;0.0;0.0;0.0;0.0;2.0;1.0;1.0;0.0;0.0;8.0;0.0;0.0;0.0;4.0;0.0;0.0;0.0;0.0;0.0;10.0;32.0;0.0;0.0;0.0;0.0;0.0;0.0;0.0;0.0;0.0;0.0;0.0;0.0;0.0;0.0
2023-08-11;8.0;0.0;0.0;6.0;0.0;0.0;0.0;0.0;2.0;0.0;0.0;2.0;0.0;0.0;0.0;0.0;0.0;0.0;0.0;0.0;0.0;7.0;38.0;0.0;0.0;0.0;0.0;0.0;13.0;0.0;0.0;0.0;0.0;0.0;0.0;0.0;0.0
2023-08-12;48.0;19.0;0.0;1.0;4.0;0.0;8.0;0.0;18.0;0.0;0.0;15.0;0.0;0.0;8.0;0.0;0.0;0.0;0.0;33.0;0.0;9.0;171.0;0.0;3.0;0.0;0.0;0.0;5.0;0.0;0.0;0.0;0.0;0.0;0.0;0.0;0.0
2023-08-13;50.0;27.0;0.0;30.0;0.0;0.0;2.0;3.0;6.0;9.0;0.0;11.0;0.0;0.0;5.0;0.0;0.0;0.0;0.0;8.0;4.0;19.0;203.0;0.0;19.0;0.0;0.0;0.0;8.0;0.0;2.0;0.0;0.0;0.0;0.0;0.0;0.0
2023-08-14;0.0;0.0;0.0;0.0;0.0;0.0;0.0;0.0;0.0;0.0;0.0;0.0;0.0;0.0;0.0;0.0;0.0;0.0;0.0;0.0;0.0;0.0;0.0;0.0;0.0;0.0;0.0;0.0;0.0;0.0;0.0;0.0;0.0;0.0;0.0;0.0;0.0
2023-08-15;0.0;0.0;0.0;0.0;0.0;0.0;0.0;0.0;0.0;0.0;0.0;0.0;0.0;0.0;0.0;0.0;0.0;0.0;0.0;0.0;0.0;0.0;0.0;0.0;0.0;0.0;0.0;0.0;0.0;0.0;0.0;0.0;0.0;0.0;0.0;0.0;0.0
2023-08-16;46.0;20.0;0.0;18.0;7.0;1.0;5.0;1.0;1.0;0.0;0.0;12.0;0.0;0.0;5.0;0.0;0.0;0.0;0.0;33.0;0.0;18.0;271.0;0.0;39.0;0.0;65.0;0.0;0.0;0.0;0.0;0.0;0.0;0.0;0.0;0.0;0.0
2023-08-17;9.0;0.0;0.0;0.0;6.0;0.0;0.0;1.0;3.0;0.0;0.0;8.0;0.0;0.0;0.0;1.0;0.0;0.0;0.0;4.0;0.0;14.0;46.0;0.0;0.0;0.0;0.0;0.0;0.0;0.0;0.0;0.0;0.0;0.0;0.0;0.0;0.0
2023-08-18;11.0;2.0;0.0;0.0;6.0;0.0;0.0;0.0;1.0;0.0;0.0;0.0;0.0;0.0;0.0;0.0;0.0;0.0;0.0;0.0;0.0;2.0;22.0;0.0;0.0;0.0;0.0;0.0;0.0;0.0;0.0;0.0;0.0;0.0;0.0;0.0;0.0
2023-08-19;36.0;18.0;9.0;7.0;26.0;0.0;12.0;2.0;3.0;0.0;0.0;3.0;0.0;0.0;1.0;0.0;0.0;0.0;0.0;18.0;0.0;20.0;201.0;0.0;13.0;0.0;16.0;0.0;17.0;0.0;0.0;0.0;0.0;0.0;0.0;0.0;0.0
2023-08-20;58.0;15.0;13.0;0.0;14.0;0.0;29.0;0.0;1.0;0.0;0.0;2.0;0.0;0.0;9.0;0.0;0.0;0.0;0.0;46.0;0.0;10.0;227.0;0.0;10.0;0.0;6.0;0.0;14.0;0.0;0.0;0.0;0.0;0.0;0.0;0.0;0.0
2023-08-21;25.0;2.0;0.0;0.0;0.0;0.0;4.0;1.0;9.0;0.0;0.0;6.0;0.0;0.0;2.0;0.0;0.0;0.0;0.0;22.0;0.0;25.0;117.0;0.0;0.0;0.0;0.0;0.0;9.0;0.0;0.0;12.0;0.0;0.0;0.0;0.0;0.0
2023-08-22;25.0;0.0;0.0;0.0;20.0;0.0;0.0;0.0;4.0;0.0;0.0;0.0;0.0;0.0;0.0;0.0;0.0;0.0;0.0;6.0;2.0;9.0;69.0;0.0;0.0;0.0;0.0;0.0;3.0;0.0;0.0;0.0;0.0;0.0;0.0;0.0;0.0
2023-08-23;8.0;2.0;0.0;9.0;0.0;0.0;9.0;0.0;0.0;1.0;1.0;12.0;0.0;0.0;0.0;0.0;0.0;0.0;0.0;0.0;0.0;9.0;55.0;0.0;3.0;0.0;0.0;0.0;0.0;0.0;0.0;1.0;0.0;0.0;0.0;0.0;0.0
2023-08-24;6.0;0.0;0.0;0.0;0.0;0.0;0.0;1.0;0.0;0.0;0.0;0.0;0.0;0.0;0.0;1.0;0.0;0.0;0.0;8.0;0.0;5.0;36.0;2.0;0.0;0.0;0.0;0.0;0.0;0.0;13.0;0.0;0.0;0.0;0.0;0.0;0.0
2023-08-25;22.0;12.0;0.0;0.0;16.0;0.0;0.0;3.0;13.0;0.0;0.0;6.0;0.0;0.0;0.0;0.0;0.0;0.0;0.0;33.0;4.0;19.0;146.0;0.0;13.0;4.0;0.0;0.0;1.0;0.0;0.0;0.0;0.0;0.0;0.0;0.0;0.0
2023-08-26;22.0;0.0;0.0;0.0;16.0;0.0;0.0;0.0;5.0;0.0;0.0;4.0;0.0;0.0;0.0;0.0;0.0;0.0;0.0;0.0;4.0;22.0;88.0;0.0;0.0;8.0;0.0;0.0;5.0;0.0;0.0;2.0;0.0;0.0;0.0;0.0;0.0
2023-08-27;55.0;26.0;0.0;1.0;27.0;0.0;6.0;1.0;1.0;0.0;0.0;3.0;0.0;0.0;2.0;0.0;0.0;0.0;0.0;20.0;25.0;13.0;260.0;0.0;20.0;10.0;18.0;0.0;8.0;0.0;0.0;22.0;0.0;0.0;2.0;0.0;0.0
2023-08-28;55.0;26.0;0.0;1.0;27.0;0.0;6.0;1.0;1.0;0.0;0.0;3.0;0.0;0.0;2.0;0.0;0.0;0.0;0.0;20.0;25.0;13.0;260.0;0.0;20.0;10.0;18.0;0.0;8.0;0.0;0.0;22.0;0.0;0.0;2.0;0.0;0.0
2023-08-29;0.0;0.0;0.0;0.0;0.0;0.0;0.0;0.0;0.0;0.0;0.0;0.0;0.0;0.0;0.0;0.0;0.0;0.0;0.0;0.0;0.0;0.0;1.0;0.0;0.0;0.0;0.0;0.0;1.0;0.0;0.0;0.0;0.0;0.0;0.0;0.0;0.0
2023-08-30;0.0;0.0;0.0;0.0;0.0;0.0;0.0;0.0;0.0;0.0;0.0;0.0;0.0;0.0;0.0;0.0;0.0;0.0;0.0;0.0;0.0;0.0;1.0;0.0;0.0;0.0;0.0;0.0;1.0;0.0;0.0;0.0;0.0;0.0;0.0;0.0;0.0
2023-08-31;14.0;9.0;0.0;0.0;0.0;0.0;0.0;0.0;5.0;4.0;0.0;0.0;0.0;0.0;1.0;0.0;0.0;0.0;0.0;16.0;0.0;16.0;75.0;0.0;0.0;0.0;0.0;0.0;10.0;0.0;0.0;0.0;0.0;0.0;0.0;0.0;0.0
2023-09-01;14.0;1.0;0.0;0.0;0.0;0.0;0.0;0.0;0.0;0.0;0.0;0.0;0.0;0.0;0.0;1.0;0.0;0.0;0.0;2.0;0.0;2.0;22.0;0.0;0.0;0.0;0.0;0.0;0.0;0.0;2.0;0.0;0.0;0.0;0.0;0.0;0.0
2023-09-02;42.0;22.0;0.0;1.0;4.0;0.0;25.0;2.0;2.0;0.0;0.0;13.0;0.0;0.0;3.0;1.0;0.0;0.0;0.0;63.0;0.0;47.0;259.0;0.0;22.0;0.0;2.0;0.0;10.0;0.0;0.0;0.0;0.0;0.0;0.0;0.0;0.0
2023-09-03;77.0;24.0;2.0;4.0;5.0;0.0;35.0;2.0;3.0;0.0;0.0;11.0;0.0;0.0;3.0;0.0;0.0;0.0;0.0;74.0;18.0;18.0;337.0;0.0;44.0;0.0;0.0;0.0;17.0;0.0;0.0;0.0;0.0;0.0;0.0;0.0;0.0
2023-09-04;16.0;1.0;0.0;0.0;0.0;0.0;0.0;0.0;0.0;0.0;0.0;0.0;0.0;0.0;0.0;0.0;0.0;0.0;0.0;3.0;1.0;0.0;21.0;0.0;0.0;0.0;0.0;0.0;0.0;0.0;0.0;0.0;0.0;0.0;0.0;0.0;0.0
2023-09-05;21.0;0.0;0.0;0.0;0.0;0.0;0.0;5.0;2.0;0.0;0.0;0.0;0.0;0.0;0.0;0.0;0.0;0.0;0.0;11.0;6.0;11.0;61.0;0.0;0.0;0.0;0.0;0.0;5.0;0.0;0.0;0.0;0.0;0.0;0.0;0.0;0.0
2023-09-06;30.0;1.0;0.0;0.0;3.0;0.0;1.0;4.0;4.0;0.0;0.0;2.0;0.0;0.0;0.0;0.0;0.0;0.0;0.0;11.0;2.0;12.0;73.0;0.0;0.0;0.0;0.0;0.0;3.0;0.0;0.0;0.0;0.0;0.0;0.0;0.0;0.0
2023-09-07;10.0;18.0;0.0;0.0;7.0;0.0;1.0;0.0;0.0;0.0;0.0;5.0;0.0;0.0;6.0;0.0;2.0;0.0;0.0;11.0;0.0;10.0;70.0;0.0;0.0;0.0;0.0;0.0;0.0;0.0;0.0;0.0;0.0;0.0;0.0;0.0;0.0
2023-09-08;10.0;18.0;0.0;0.0;7.0;0.0;1.0;0.0;0.0;0.0;0.0;5.0;0.0;0.0;6.0;0.0;2.0;0.0;0.0;11.0;0.0;10.0;70.0;0.0;0.0;0.0;0.0;0.0;0.0;0.0;0.0;0.0;0.0;0.0;0.0;0.0;0.0
2023-09-09;49.0;20.0;8.0;0.0;12.0;0.0;20.0;0.0;15.0;0.0;0.0;0.0;0.0;0.0;14.0;3.0;0.0;0.0;0.0;50.0;0.0;31.0;256.0;0.0;17.0;0.0;7.0;0.0;10.0;0.0;0.0;0.0;0.0;0.0;0.0;0.0;0.0
2023-09-10;36.0;10.0;28.0;0.0;26.0;0.0;60.0;0.0;1.0;0.0;0.0;4.0;0.0;0.0;14.0;13.0;0.0;0.0;0.0;87.0;0.0;44.0;359.0;0.0;21.0;0.0;11.0;0.0;4.0;0.0;0.0;0.0;0.0;0.0;0.0;0.0;0.0
2023-09-11;5.0;0.0;4.0;0.0;6.0;0.0;7.0;0.0;0.0;0.0;0.0;0.0;0.0;0.0;0.0;0.0;0.0;0.0;0.0;6.0;3.0;0.0;41.0;0.0;9.0;0.0;0.0;0.0;1.0;0.0;0.0;0.0;0.0;0.0;0.0;0.0;0.0
2023-09-12;0.0;0.0;0.0;0.0;4.0;0.0;0.0;0.0;0.0;0.0;0.0;0.0;0.0;0.0;0.0;0.0;0.0;0.0;0.0;0.0;0.0;1.0;10.0;0.0;0.0;0.0;0.0;0.0;5.0;0.0;0.0;0.0;0.0;0.0;0.0;0.0;0.0
2023-09-13;4.0;0.0;0.0;0.0;0.0;0.0;0.0;0.0;0.0;0.0;0.0;0.0;0.0;0.0;0.0;0.0;0.0;0.0;0.0;0.0;0.0;1.0;21.0;0.0;0.0;0.0;11.0;0.0;5.0;0.0;0.0;0.0;0.0;0.0;0.0;0.0;0.0
2023-09-14;4.0;0.0;0.0;0.0;0.0;0.0;0.0;0.0;0.0;0.0;0.0;0.0;0.0;0.0;0.0;0.0;0.0;0.0;0.0;0.0;0.0;1.0;21.0;0.0;0.0;0.0;11.0;0.0;5.0;0.0;0.0;0.0;0.0;0.0;0.0;0.0;0.0
2023-09-15;7.0;0.0;0.0;0.0;8.0;0.0;0.0;0.0;2.0;0.0;0.0;0.0;0.0;0.0;0.0;0.0;0.0;0.0;0.0;0.0;0.0;5.0;26.0;0.0;0.0;0.0;0.0;0.0;4.0;0.0;0.0;0.0;0.0;0.0;0.0;0.0;0.0
2023-09-16;38.0;9.0;0.0;0.0;42.0;0.0;0.0;2.0;10.0;0.0;1.0;3.0;0.0;0.0;0.0;2.0;0.0;0.0;0.0;15.0;2.0;14.0;158.0;0.0;0.0;0.0;0.0;0.0;20.0;0.0;0.0;0.0;0.0;0.0;0.0;0.0;0.0
2023-09-17;28.0;10.0;0.0;0.0;12.0;0.0;0.0;2.0;2.0;0.0;0.0;10.0;0.0;0.0;0.0;0.0;0.0;0.0;0.0;18.0;7.0;22.0;151.0;0.0;0.0;0.0;0.0;0.0;15.0;0.0;0.0;0.0;0.0;0.0;25.0;0.0;0.0
2023-09-18;0.0;0.0;0.0;0.0;0.0;0.0;0.0;0.0;0.0;0.0;0.0;0.0;0.0;0.0;0.0;2.0;0.0;0.0;0.0;0.0;0.0;0.0;4.0;0.0;0.0;0.0;0.0;0.0;2.0;0.0;0.0;0.0;0.0;0.0;0.0;0.0;0.0
2023-09-19;39.0;9.0;0.0;0.0;25.0;0.0;0.0;0.0;4.0;0.0;0.0;0.0;0.0;0.0;0.0;0.0;0.0;0.0;0.0;6.0;0.0;22.0;123.0;0.0;0.0;0.0;0.0;0.0;2.0;0.0;0.0;16.0;0.0;0.0;0.0;0.0;0.0
2023-09-20;18.0;0.0;0.0;0.0;1.0;0.0;0.0;1.0;11.0;0.0;1.0;17.0;0.0;0.0;0.0;0.0;0.0;0.0;0.0;54.0;0.0;5.0;116.0;0.0;0.0;0.0;0.0;0.0;8.0;0.0;0.0;0.0;0.0;0.0;0.0;0.0;0.0
2023-09-21;37.0;0.0;0.0;0.0;3.0;0.0;0.0;0.0;3.0;0.0;0.0;0.0;0.0;0.0;0.0;0.0;0.0;0.0;0.0;1.0;0.0;7.0;52.0;0.0;0.0;0.0;0.0;0.0;1.0;0.0;0.0;0.0;0.0;0.0;0.0;0.0;0.0
2023-09-22;21.0;2.0;0.0;0.0;18.0;0.0;36.0;2.0;3.0;0.0;0.0;4.0;0.0;0.0;6.0;0.0;0.0;0.0;0.0;120.0;0.0;29.0;242.0;0.0;0.0;0.0;0.0;0.0;1.0;0.0;0.0;0.0;0.0;0.0;0.0;0.0;0.0
2023-09-23;104.0;37.0;145.0;0.0;122.0;0.0;68.0;4.0;1.0;0.0;0.0;13.0;430.0;0.0;13.0;1.0;0.0;0.0;0.0;88.0;0.0;37.0;1065.0;0.0;0.0;0.0;0.0;0.0;0.0;0.0;2.0;0.0;0.0;0.0;0.0;0.0;0.0
2023-09-24;52.0;91.0;60.0;1.0;66.0;0.0;45.0;2.0;1.0;0.0;0.0;5.0;304.0;0.0;3.0;1.0;0.0;11.0;0.0;126.0;1.0;45.0;1102.0;4.0;8.0;1.0;0.0;0.0;6.0;0.0;269.0;0.0;0.0;0.0;0.0;0.0;0.0
2023-09-25;14.0;16.0;0.0;0.0;31.0;0.0;0.0;0.0;2.0;0.0;0.0;2.0;0.0;0.0;0.0;0.0;0.0;0.0;0.0;17.0;0.0;17.0;102.0;0.0;0.0;3.0;0.0;0.0;0.0;0.0;0.0;0.0;0.0;0.0;0.0;0.0;0.0
2023-09-26;13.0;6.0;0.0;0.0;13.0;0.0;5.0;0.0;6.0;0.0;0.0;0.0;0.0;0.0;0.0;0.0;0.0;0.0;0.0;7.0;0.0;13.0;95.0;0.0;32.0;0.0;0.0;0.0;0.0;0.0;0.0;0.0;0.0;0.0;0.0;0.0;0.0
2023-09-27;20.0;3.0;2.0;0.0;9.0;0.0;1.0;0.0;66.0;0.0;0.0;0.0;0.0;0.0;1.0;0.0;0.0;0.0;0.0;66.0;0.0;38.0;218.0;0.0;6.0;6.0;0.0;0.0;0.0;0.0;0.0;0.0;0.0;0.0;0.0;0.0;0.0
2023-09-28;22.0;16.0;55.0;0.0;56.0;0.0;3.0;2.0;5.0;0.0;0.0;1.0;0.0;0.0;0.0;4.0;0.0;0.0;0.0;46.0;0.0;14.0;226.0;2.0;0.0;0.0;0.0;0.0;0.0;0.0;0.0;0.0;0.0;0.0;0.0;0.0;0.0
2023-09-29;63.0;30.0;18.0;3.0;21.0;0.0;12.0;2.0;8.0;0.0;0.0;7.0;0.0;0.0;1.0;4.0;0.0;0.0;0.0;34.0;0.0;21.0;270.0;8.0;22.0;0.0;0.0;0.0;2.0;0.0;0.0;14.0;0.0;0.0;0.0;0.0;0.0
2023-09-30;63.0;30.0;18.0;3.0;21.0;0.0;12.0;2.0;8.0;0.0;0.0;7.0;0.0;0.0;1.0;4.0;0.0;0.0;0.0;34.0;0.0;21.0;270.0;8.0;22.0;0.0;0.0;0.0;2.0;0.0;0.0;14.0;0.0;0.0;0.0;0.0;0.0
2023-10-01;64.0;19.0;0.0;0.0;3.0;1.0;2.0;2.0;4.0;0.0;0.0;15.0;0.0;0.0;0.0;18.0;0.0;0.0;0.0;40.0;2.0;46.0;220.0;0.0;0.0;0.0;0.0;0.0;4.0;0.0;0.0;0.0;0.0;0.0;0.0;0.0;0.0
2023-10-02;58.0;12.0;0.0;0.0;0.0;0.0;0.0;1.0;0.0;0.0;0.0;1.0;0.0;0.0;0.0;0.0;0.0;0.0;0.0;23.0;0.0;25.0;131.0;0.0;0.0;7.0;0.0;0.0;4.0;0.0;0.0;0.0;0.0;0.0;0.0;0.0;0.0
2023-10-03;10.0;0.0;0.0;0.0;0.0;0.0;0.0;0.0;14.0;0.0;0.0;0.0;0.0;0.0;0.0;2.0;0.0;0.0;0.0;0.0;0.0;8.0;34.0;0.0;0.0;0.0;0.0;0.0;0.0;0.0;0.0;0.0;0.0;0.0;0.0;0.0;0.0
2023-10-04;9.0;0.0;0.0;0.0;0.0;1.0;1.0;8.0;4.0;0.0;0.0;0.0;0.0;0.0;0.0;0.0;0.0;0.0;0.0;4.0;0.0;5.0;32.0;0.0;0.0;0.0;0.0;0.0;0.0;0.0;0.0;0.0;0.0;0.0;0.0;0.0;0.0
2023-10-05;9.0;0.0;0.0;0.0;0.0;8.0;0.0;0.0;9.0;0.0;0.0;0.0;0.0;0.0;0.0;1.0;0.0;0.0;0.0;44.0;0.0;13.0;84.0;0.0;0.0;0.0;0.0;0.0;0.0;0.0;0.0;0.0;0.0;0.0;0.0;0.0;0.0
2023-10-06;9.0;0.0;0.0;0.0;0.0;8.0;0.0;0.0;9.0;0.0;0.0;0.0;0.0;0.0;0.0;1.0;0.0;0.0;0.0;44.0;0.0;13.0;84.0;0.0;0.0;0.0;0.0;0.0;0.0;0.0;0.0;0.0;0.0;0.0;0.0;0.0;0.0
2023-10-07;30.0;24.0;0.0;0.0;4.0;0.0;20.0;3.0;0.0;4.0;12.0;0.0;0.0;0.0;0.0;1.0;0.0;0.0;0.0;24.0;0.0;48.0;279.0;0.0;0.0;0.0;0.0;0.0;4.0;0.0;105.0;0.0;0.0;0.0;0.0;0.0;0.0
2023-10-08;54.0;69.0;0.0;0.0;30.0;0.0;12.0;4.0;5.0;0.0;32.0;0.0;0.0;0.0;0.0;5.0;0.0;0.0;0.0;83.0;0.0;39.0;483.0;3.0;0.0;0.0;0.0;0.0;14.0;0.0;133.0;0.0;0.0;0.0;0.0;0.0;0.0
2023-10-09;14.0;17.0;0.0;0.0;30.0;0.0;0.0;0.0;9.0;0.0;0.0;7.0;0.0;0.0;0.0;0.0;0.0;0.0;0.0;15.0;13.0;43.0;210.0;0.0;0.0;47.0;0.0;0.0;15.0;0.0;0.0;0.0;0.0;0.0;0.0;0.0;0.0
2023-10-10;0.0;0.0;0.0;0.0;8.0;0.0;0.0;0.0;0.0;0.0;0.0;0.0;0.0;0.0;0.0;0.0;0.0;0.0;0.0;0.0;0.0;10.0;22.0;0.0;0.0;0.0;0.0;0.0;4.0;0.0;0.0;0.0;0.0;0.0;0.0;0.0;0.0
2023-10-11;5.0;5.0;0.0;0.0;8.0;0.0;0.0;0.0;12.0;0.0;0.0;0.0;0.0;0.0;0.0;0.0;0.0;0.0;0.0;10.0;0.0;16.0;70.0;0.0;0.0;14.0;0.0;0.0;0.0;0.0;0.0;0.0;0.0;0.0;0.0;0.0;0.0
2023-10-12;33.0;11.0;0.0;0.0;20.0;0.0;0.0;4.0;6.0;0.0;0.0;4.0;0.0;0.0;0.0;4.0;0.0;0.0;0.0;19.0;0.0;9.0;127.0;0.0;0.0;8.0;0.0;0.0;7.0;0.0;2.0;0.0;0.0;0.0;0.0;0.0;0.0
2023-10-13;0.0;0.0;0.0;0.0;0.0;0.0;1.0;0.0;3.0;0.0;0.0;5.0;0.0;0.0;0.0;0.0;0.0;0.0;0.0;8.0;6.0;9.0;35.0;0.0;0.0;0.0;0.0;0.0;3.0;0.0;0.0;0.0;0.0;0.0;0.0;0.0;0.0
2023-10-14;21.0;8.0;0.0;0.0;0.0;0.0;0.0;0.0;3.0;0.0;0.0;6.0;0.0;0.0;0.0;5.0;0.0;0.0;0.0;6.0;0.0;16.0;65.0;0.0;0.0;0.0;0.0;0.0;0.0;0.0;0.0;0.0;0.0;0.0;0.0;0.0;0.0
2023-10-15;92.0;13.0;0.0;0.0;0.0;33.0;6.0;10.0;28.0;0.0;2.0;35.0;0.0;0.0;0.0;7.0;10.0;0.0;0.0;94.0;10.0;50.0;452.0;7.0;0.0;34.0;0.0;0.0;7.0;0.0;0.0;14.0;0.0;0.0;0.0;0.0;0.0
2023-10-16;10.0;0.0;0.0;2.0;0.0;0.0;0.0;0.0;2.0;0.0;0.0;0.0;0.0;0.0;0.0;0.0;0.0;0.0;0.0;4.0;0.0;6.0;53.0;0.0;3.0;12.0;0.0;0.0;14.0;0.0;0.0;0.0;0.0;0.0;0.0;0.0;0.0
2023-10-17;10.0;0.0;0.0;2.0;0.0;0.0;0.0;0.0;2.0;0.0;0.0;0.0;0.0;0.0;0.0;0.0;0.0;0.0;0.0;4.0;0.0;6.0;53.0;0.0;3.0;12.0;0.0;0.0;14.0;0.0;0.0;0.0;0.0;0.0;0.0;0.0;0.0
2023-10-18;3.0;0.0;0.0;0.0;0.0;0.0;0.0;0.0;2.0;0.0;0.0;0.0;0.0;0.0;0.0;0.0;0.0;0.0;0.0;0.0;0.0;3.0;8.0;0.0;0.0;0.0;0.0;0.0;0.0;0.0;0.0;0.0;0.0;0.0;0.0;0.0;0.0
2023-10-19;48.0;9.0;2.0;0.0;2.0;1.0;0.0;4.0;4.0;0.0;0.0;9.0;0.0;0.0;0.0;14.0;14.0;0.0;0.0;62.0;24.0;36.0;257.0;0.0;4.0;0.0;3.0;0.0;4.0;1.0;0.0;0.0;0.0;0.0;16.0;0.0;0.0
2023-10-20;3.0;0.0;0.0;0.0;0.0;0.0;0.0;0.0;0.0;0.0;0.0;3.0;0.0;0.0;0.0;1.0;0.0;0.0;0.0;0.0;0.0;6.0;19.0;0.0;0.0;0.0;0.0;0.0;6.0;0.0;0.0;0.0;0.0;0.0;0.0;0.0;0.0
2023-10-21;72.0;13.0;0.0;0.0;0.0;4.0;5.0;0.0;12.0;0.0;0.0;13.0;0.0;0.0;0.0;14.0;25.0;0.0;0.0;46.0;0.0;50.0;271.0;0.0;0.0;0.0;0.0;0.0;7.0;0.0;0.0;0.0;0.0;0.0;10.0;0.0;0.0
2023-10-22;39.0;10.0;0.0;0.0;5.0;0.0;0.0;10.0;7.0;0.0;0.0;0.0;0.0;0.0;0.0;0.0;0.0;0.0;0.0;35.0;0.0;24.0;135.0;0.0;0.0;0.0;0.0;0.0;5.0;0.0;0.0;0.0;0.0;0.0;0.0;0.0;0.0
2023-10-23;2.0;0.0;0.0;0.0;0.0;0.0;0.0;0.0;8.0;0.0;0.0;0.0;0.0;0.0;0.0;0.0;0.0;0.0;0.0;80.0;0.0;28.0;118.0;0.0;0.0;0.0;0.0;0.0;0.0;0.0;0.0;0.0;0.0;0.0;0.0;0.0;0.0
2023-10-24;2.0;0.0;0.0;0.0;0.0;0.0;0.0;0.0;8.0;0.0;0.0;0.0;0.0;0.0;0.0;0.0;0.0;0.0;0.0;80.0;0.0;28.0;118.0;0.0;0.0;0.0;0.0;0.0;0.0;0.0;0.0;0.0;0.0;0.0;0.0;0.0;0.0
2023-10-25;109.0;0.0;0.0;0.0;8.0;16.0;0.0;9.0;31.0;0.0;4.0;30.0;0.0;0.0;0.0;1.0;0.0;0.0;0.0;66.0;0.0;41.0;315.0;0.0;0.0;0.0;0.0;0.0;0.0;0.0;0.0;0.0;0.0;0.0;0.0;0.0;0.0
2023-10-26;73.0;29.0;0.0;0.0;18.0;0.0;8.0;13.0;22.0;0.0;0.0;5.0;0.0;0.0;0.0;7.0;0.0;0.0;0.0;80.0;6.0;52.0;331.0;0.0;7.0;1.0;0.0;0.0;10.0;0.0;0.0;0.0;0.0;0.0;0.0;0.0;0.0
2023-10-27;35.0;5.0;0.0;0.0;0.0;0.0;0.0;4.0;17.0;0.0;0.0;4.0;0.0;0.0;0.0;2.0;0.0;0.0;0.0;67.0;15.0;38.0;197.0;9.0;0.0;0.0;0.0;0.0;0.0;0.0;0.0;1.0;0.0;0.0;0.0;0.0;0.0
2023-10-28;2.0;1.0;0.0;0.0;0.0;0.0;0.0;0.0;7.0;0.0;0.0;0.0;0.0;0.0;0.0;3.0;0.0;0.0;0.0;8.0;13.0;9.0;44.0;0.0;0.0;0.0;0.0;0.0;1.0;0.0;0.0;0.0;0.0;0.0;0.0;0.0;0.0
2023-10-29;73.0;44.0;0.0;0.0;0.0;0.0;0.0;0.0;16.0;0.0;0.0;25.0;9.0;0.0;3.0;0.0;0.0;0.0;0.0;95.0;6.0;9.0;307.0;0.0;0.0;10.0;0.0;0.0;0.0;0.0;0.0;17.0;0.0;0.0;0.0;0.0;0.0
2023-10-30;2.0;0.0;0.0;0.0;0.0;0.0;0.0;0.0;4.0;0.0;0.0;0.0;0.0;0.0;0.0;0.0;0.0;0.0;0.0;2.0;0.0;1.0;17.0;0.0;0.0;0.0;0.0;0.0;0.0;0.0;0.0;8.0;0.0;0.0;0.0;0.0;0.0
2023-10-31;22.0;0.0;0.0;0.0;0.0;0.0;0.0;18.0;13.0;0.0;0.0;22.0;0.0;0.0;0.0;1.0;0.0;0.0;0.0;73.0;0.0;31.0;211.0;0.0;0.0;0.0;0.0;0.0;0.0;0.0;0.0;31.0;0.0;0.0;0.0;0.0;0.0
2023-11-01;29.0;2.0;0.0;0.0;2.0;0.0;0.0;1.0;17.0;0.0;2.0;8.0;0.0;0.0;0.0;9.0;0.0;0.0;0.0;61.0;0.0;10.0;148.0;0.0;0.0;7.0;0.0;0.0;0.0;0.0;0.0;0.0;0.0;0.0;0.0;0.0;0.0
2023-11-02;20.0;0.0;0.0;0.0;0.0;0.0;0.0;0.0;0.0;0.0;0.0;0.0;0.0;0.0;0.0;1.0;0.0;0.0;0.0;19.0;0.0;5.0;45.0;0.0;0.0;0.0;0.0;0.0;0.0;0.0;0.0;0.0;0.0;0.0;0.0;0.0;0.0
2023-11-03;1.0;0.0;0.0;0.0;0.0;0.0;0.0;0.0;2.0;0.0;0.0;0.0;0.0;0.0;0.0;1.0;0.0;0.0;0.0;0.0;0.0;8.0;12.0;0.0;0.0;0.0;0.0;0.0;0.0;0.0;0.0;0.0;0.0;0.0;0.0;0.0;0.0
2023-11-04;4.0;0.0;0.0;0.0;0.0;0.0;0.0;3.0;4.0;0.0;0.0;5.0;0.0;0.0;0.0;4.0;0.0;5.0;0.0;4.0;0.0;20.0;49.0;0.0;0.0;0.0;0.0;0.0;0.0;0.0;0.0;0.0;0.0;0.0;0.0;0.0;0.0
2023-11-05;42.0;17.0;0.0;0.0;1.0;0.0;0.0;0.0;0.0;0.0;0.0;3.0;0.0;0.0;0.0;2.0;0.0;0.0;0.0;20.0;0.0;37.0;134.0;0.0;0.0;0.0;0.0;0.0;0.0;0.0;0.0;1.0;0.0;11.0;0.0;0.0;0.0
2023-11-06;51.0;19.0;0.0;0.0;6.0;9.0;0.0;0.0;46.0;0.0;0.0;8.0;0.0;0.0;0.0;12.0;0.0;0.0;0.0;226.0;0.0;69.0;540.0;0.0;19.0;0.0;0.0;0.0;0.0;0.0;0.0;0.0;0.0;3.0;72.0;0.0;0.0
2023-11-07;3.0;0.0;0.0;0.0;3.0;0.0;0.0;2.0;27.0;0.0;0.0;14.0;0.0;0.0;0.0;13.0;0.0;0.0;0.0;57.0;0.0;15.0;135.0;0.0;0.0;0.0;0.0;0.0;0.0;0.0;0.0;1.0;0.0;0.0;0.0;0.0;0.0
2023-11-08;4.0;0.0;0.0;0.0;0.0;0.0;0.0;1.0;12.0;0.0;0.0;0.0;0.0;0.0;0.0;8.0;0.0;0.0;0.0;12.0;0.0;2.0;42.0;0.0;0.0;0.0;0.0;0.0;0.0;0.0;0.0;0.0;0.0;3.0;0.0;0.0;0.0
2023-11-09;21.0;6.0;0.0;0.0;1.0;0.0;0.0;2.0;19.0;0.0;0.0;0.0;0.0;0.0;0.0;2.0;0.0;0.0;0.0;44.0;0.0;24.0;125.0;2.0;0.0;0.0;0.0;0.0;0.0;0.0;0.0;3.0;0.0;1.0;0.0;0.0;0.0
2023-11-10;30.0;0.0;0.0;0.0;0.0;0.0;1.0;1.0;12.0;0.0;0.0;5.0;0.0;0.0;0.0;14.0;0.0;0.0;0.0;46.0;0.0;34.0;143.0;0.0;0.0;0.0;0.0;0.0;0.0;0.0;0.0;0.0;0.0;0.0;0.0;0.0;0.0
2023-11-11;26.0;8.0;0.0;0.0;1.0;0.0;0.0;0.0;10.0;0.0;0.0;0.0;0.0;0.0;0.0;2.0;0.0;0.0;0.0;2.0;0.0;31.0;84.0;0.0;0.0;0.0;0.0;0.0;1.0;0.0;0.0;0.0;0.0;3.0;0.0;0.0;0.0
2023-11-12;13.0;4.0;0.0;0.0;2.0;0.0;0.0;3.0;15.0;0.0;0.0;11.0;0.0;0.0;0.0;10.0;0.0;0.0;0.0;33.0;3.0;33.0;131.0;0.0;0.0;0.0;0.0;0.0;0.0;0.0;0.0;0.0;0.0;4.0;0.0;0.0;0.0
2023-11-13;38.0;33.0;0.0;0.0;24.0;6.0;0.0;1.0;35.0;0.0;0.0;26.0;0.0;0.0;0.0;1.0;0.0;0.0;0.0;76.0;20.0;21.0;283.0;0.0;0.0;2.0;0.0;0.0;0.0;0.0;0.0;0.0;0.0;0.0;0.0;0.0;0.0
2023-11-14;26.0;11.0;0.0;0.0;1.0;0.0;1.0;0.0;5.0;0.0;0.0;0.0;0.0;0.0;0.0;4.0;0.0;0.0;0.0;27.0;2.0;30.0;110.0;0.0;0.0;3.0;0.0;0.0;0.0;0.0;0.0;0.0;0.0;0.0;0.0;0.0;0.0
2023-11-15;0.0;2.0;0.0;0.0;0.0;0.0;0.0;0.0;3.0;0.0;0.0;0.0;0.0;0.0;0.0;1.0;0.0;0.0;0.0;3.0;4.0;4.0;21.0;0.0;0.0;4.0;0.0;0.0;0.0;0.0;0.0;0.0;0.0;0.0;0.0;0.0;0.0
2023-11-16;21.0;15.0;0.0;0.0;2.0;0.0;0.0;4.0;1.0;0.0;0.0;19.0;0.0;0.0;0.0;1.0;0.0;0.0;0.0;10.0;0.0;1.0;79.0;0.0;0.0;0.0;0.0;0.0;0.0;0.0;0.0;0.0;0.0;5.0;0.0;0.0;0.0
2023-11-17;36.0;32.0;12.0;0.0;12.0;1.0;0.0;3.0;10.0;0.0;0.0;6.0;0.0;0.0;0.0;3.0;0.0;0.0;0.0;66.0;0.0;36.0;218.0;0.0;0.0;0.0;0.0;0.0;0.0;0.0;0.0;1.0;0.0;0.0;0.0;0.0;0.0
2023-11-18;22.0;5.0;0.0;0.0;0.0;0.0;0.0;0.0;21.0;0.0;0.0;8.0;0.0;0.0;0.0;6.0;1.0;0.0;0.0;29.0;16.0;40.0;155.0;0.0;0.0;0.0;0.0;0.0;0.0;0.0;0.0;0.0;0.0;7.0;0.0;0.0;0.0
2023-11-19;42.0;8.0;0.0;0.0;15.0;0.0;5.0;3.0;21.0;0.0;0.0;9.0;0.0;0.0;1.0;10.0;0.0;0.0;0.0;47.0;25.0;9.0;196.0;0.0;0.0;0.0;0.0;0.0;0.0;0.0;0.0;0.0;0.0;1.0;0.0;0.0;0.0
2023-11-20;17.0;3.0;0.0;0.0;0.0;0.0;0.0;0.0;3.0;0.0;0.0;3.0;0.0;0.0;0.0;2.0;0.0;0.0;0.0;24.0;10.0;5.0;68.0;1.0;0.0;0.0;0.0;0.0;0.0;0.0;0.0;0.0;0.0;0.0;0.0;0.0;0.0
2023-11-21;2.0;0.0;0.0;0.0;0.0;0.0;0.0;0.0;4.0;0.0;0.0;0.0;0.0;0.0;0.0;0.0;0.0;0.0;0.0;14.0;0.0;0.0;20.0;0.0;0.0;0.0;0.0;0.0;0.0;0.0;0.0;0.0;0.0;0.0;0.0;0.0;0.0
2023-11-22;7.0;7.0;0.0;1.0;0.0;0.0;0.0;0.0;17.0;0.0;0.0;17.0;0.0;0.0;0.0;16.0;0.0;0.0;0.0;104.0;0.0;1.0;178.0;0.0;0.0;0.0;0.0;0.0;0.0;0.0;6.0;0.0;0.0;0.0;2.0;0.0;0.0
2023-11-23;20.0;38.0;0.0;3.0;10.0;0.0;0.0;0.0;20.0;0.0;0.0;4.0;0.0;0.0;4.0;11.0;0.0;0.0;0.0;36.0;0.0;22.0;178.0;0.0;3.0;0.0;0.0;0.0;0.0;0.0;0.0;0.0;0.0;7.0;0.0;0.0;0.0
2023-11-24;45.0;65.0;4.0;74.0;41.0;1.0;1.0;0.0;43.0;0.0;0.0;5.0;0.0;0.0;2.0;16.0;0.0;0.0;0.0;222.0;0.0;6.0;558.0;0.0;24.0;0.0;0.0;0.0;0.0;0.0;2.0;0.0;0.0;6.0;1.0;0.0;0.0
2023-11-25;10.0;0.0;0.0;0.0;0.0;0.0;0.0;2.0;9.0;0.0;0.0;8.0;0.0;0.0;0.0;2.0;0.0;0.0;0.0;45.0;5.0;17.0;110.0;0.0;0.0;0.0;0.0;0.0;0.0;0.0;11.0;0.0;0.0;1.0;0.0;0.0;0.0
2023-11-26;55.0;65.0;0.0;0.0;0.0;1.0;0.0;1.0;29.0;0.0;0.0;17.0;452.0;0.0;0.0;10.0;0.0;0.0;0.0;234.0;74.0;74.0;1087.0;1.0;0.0;37.0;0.0;0.0;0.0;0.0;34.0;0.0;0.0;3.0;0.0;0.0;0.0
2023-11-27;7.0;5.0;0.0;0.0;0.0;0.0;0.0;5.0;16.0;0.0;0.0;5.0;0.0;0.0;0.0;0.0;0.0;0.0;0.0;98.0;41.0;55.0;247.0;0.0;0.0;15.0;0.0;0.0;0.0;0.0;0.0;0.0;0.0;0.0;0.0;0.0;0.0
2023-11-28;25.0;41.0;0.0;0.0;10.0;0.0;0.0;1.0;37.0;0.0;0.0;0.0;0.0;0.0;0.0;15.0;0.0;0.0;0.0;97.0;41.0;56.0;343.0;0.0;0.0;0.0;0.0;0.0;0.0;0.0;0.0;20.0;0.0;0.0;0.0;0.0;0.0
2023-11-29;16.0;5.0;0.0;1.0;0.0;0.0;0.0;0.0;16.0;0.0;0.0;10.0;0.0;0.0;0.0;9.0;0.0;0.0;0.0;49.0;11.0;17.0;147.0;0.0;0.0;6.0;0.0;0.0;0.0;0.0;0.0;0.0;0.0;7.0;0.0;0.0;0.0
2023-11-30;26.0;8.0;0.0;0.0;0.0;0.0;0.0;1.0;8.0;0.0;0.0;5.0;0.0;0.0;1.0;8.0;0.0;0.0;0.0;148.0;45.0;64.0;320.0;0.0;0.0;6.0;0.0;0.0;0.0;0.0;0.0;0.0;0.0;0.0;0.0;0.0;0.0
2023-12-01;44.0;18.0;0.0;0.0;0.0;9.0;20.0;5.0;32.0;1.0;5.0;4.0;0.0;0.0;0.0;6.0;1.0;35.0;0.0;46.0;0.0;61.0;298.0;9.0;0.0;0.0;0.0;0.0;0.0;0.0;0.0;0.0;0.0;2.0;0.0;0.0;0.0
2023-12-02;26.0;1.0;0.0;0.0;0.0;0.0;0.0;13.0;36.0;0.0;0.0;35.0;0.0;0.0;0.0;4.0;0.0;0.0;0.0;74.0;0.0;44.0;233.0;0.0;0.0;0.0;0.0;0.0;0.0;0.0;0.0;0.0;0.0;0.0;0.0;0.0;0.0
2023-12-03;10.0;0.0;0.0;0.0;0.0;0.0;0.0;0.0;6.0;0.0;0.0;3.0;0.0;0.0;0.0;0.0;0.0;0.0;0.0;3.0;0.0;4.0;26.0;0.0;0.0;0.0;0.0;0.0;0.0;0.0;0.0;0.0;0.0;0.0;0.0;0.0;0.0
2023-12-04;9.0;14.0;0.0;0.0;0.0;0.0;2.0;2.0;25.0;0.0;0.0;0.0;0.0;0.0;0.0;0.0;0.0;46.0;0.0;31.0;0.0;23.0;154.0;0.0;0.0;0.0;0.0;0.0;0.0;0.0;0.0;0.0;0.0;2.0;0.0;0.0;0.0
2023-12-05;1.0;0.0;0.0;0.0;0.0;0.0;0.0;0.0;2.0;0.0;0.0;0.0;0.0;0.0;0.0;0.0;0.0;0.0;0.0;5.0;0.0;14.0;22.0;0.0;0.0;0.0;0.0;0.0;0.0;0.0;0.0;0.0;0.0;0.0;0.0;0.0;0.0
2023-12-06;11.0;8.0;0.0;0.0;4.0;0.0;0.0;2.0;1.0;0.0;0.0;0.0;0.0;0.0;0.0;18.0;0.0;48.0;0.0;36.0;0.0;17.0;154.0;0.0;0.0;0.0;0.0;0.0;0.0;0.0;0.0;0.0;0.0;9.0;0.0;0.0;0.0
2023-12-07;11.0;0.0;0.0;0.0;0.0;0.0;0.0;1.0;1.0;0.0;0.0;0.0;0.0;0.0;0.0;0.0;0.0;22.0;0.0;11.0;0.0;0.0;77.0;0.0;0.0;0.0;0.0;31.0;0.0;0.0;0.0;0.0;0.0;0.0;0.0;0.0;0.0
2023-12-08;44.0;9.0;0.0;0.0;0.0;0.0;0.0;3.0;24.0;0.0;0.0;3.0;0.0;0.0;0.0;5.0;0.0;85.0;0.0;17.0;0.0;14.0;249.0;0.0;0.0;0.0;0.0;32.0;0.0;0.0;0.0;0.0;0.0;13.0;0.0;0.0;0.0
2023-12-09;0.0;0.0;0.0;0.0;0.0;0.0;0.0;0.0;5.0;0.0;0.0;0.0;0.0;0.0;0.0;0.0;0.0;0.0;0.0;0.0;0.0;2.0;7.0;0.0;0.0;0.0;0.0;0.0;0.0;0.0;0.0;0.0;0.0;0.0;0.0;0.0;0.0
2023-12-10;18.0;19.0;0.0;0.0;0.0;0.0;0.0;3.0;11.0;0.0;0.0;0.0;0.0;0.0;0.0;0.0;0.0;21.0;0.0;6.0;0.0;24.0;151.0;0.0;0.0;0.0;0.0;33.0;0.0;0.0;0.0;3.0;0.0;13.0;0.0;0.0;0.0
2023-12-11;21.0;15.0;0.0;2.0;0.0;0.0;2.0;4.0;8.0;0.0;0.0;9.0;0.0;0.0;0.0;2.0;0.0;26.0;0.0;30.0;0.0;40.0;201.0;0.0;0.0;0.0;0.0;36.0;0.0;0.0;0.0;0.0;0.0;5.0;1.0;0.0;0.0
2023-12-12;49.0;15.0;0.0;0.0;0.0;0.0;0.0;2.0;20.0;22.0;12.0;5.0;0.0;0.0;0.0;0.0;0.0;37.0;0.0;39.0;0.0;26.0;291.0;0.0;0.0;0.0;0.0;64.0;0.0;0.0;0.0;0.0;0.0;0.0;0.0;0.0;0.0
2023-12-13;16.0;2.0;0.0;0.0;0.0;0.0;0.0;3.0;25.0;0.0;0.0;2.0;0.0;0.0;0.0;0.0;0.0;4.0;0.0;16.0;0.0;6.0;121.0;0.0;0.0;0.0;0.0;31.0;0.0;4.0;0.0;0.0;0.0;12.0;0.0;0.0;0.0
2023-12-14;37.0;0.0;0.0;0.0;0.0;0.0;0.0;11.0;3.0;0.0;0.0;3.0;0.0;0.0;0.0;26.0;0.0;0.0;0.0;29.0;0.0;0.0;127.0;17.0;0.0;0.0;0.0;0.0;0.0;0.0;0.0;0.0;0.0;1.0;0.0;0.0;0.0
2023-12-15;42.0;26.0;0.0;0.0;0.0;0.0;0.0;4.0;10.0;0.0;1.0;23.0;0.0;0.0;0.0;33.0;0.0;23.0;0.0;127.0;0.0;41.0;424.0;20.0;0.0;0.0;0.0;73.0;0.0;0.0;0.0;0.0;0.0;1.0;0.0;0.0;0.0
2023-12-16;5.0;10.0;0.0;0.0;0.0;0.0;0.0;1.0;1.0;0.0;0.0;2.0;0.0;0.0;0.0;0.0;0.0;5.0;0.0;0.0;0.0;24.0;104.0;0.0;0.0;0.0;0.0;55.0;0.0;0.0;0.0;0.0;0.0;1.0;0.0;0.0;0.0
2023-12-17;45.0;47.0;0.0;29.0;0.0;0.0;8.0;9.0;9.0;0.0;0.0;2.0;0.0;0.0;15.0;0.0;0.0;6.0;0.0;4.0;0.0;29.0;288.0;0.0;0.0;0.0;0.0;79.0;0.0;0.0;0.0;0.0;0.0;6.0;0.0;0.0;0.0
2023-12-18;45.0;25.0;0.0;0.0;0.0;0.0;5.0;1.0;20.0;0.0;0.0;10.0;0.0;0.0;0.0;0.0;0.0;4.0;0.0;17.0;0.0;54.0;250.0;2.0;0.0;0.0;0.0;58.0;0.0;0.0;0.0;0.0;0.0;9.0;0.0;0.0;0.0
2023-12-19;3.0;5.0;0.0;0.0;0.0;0.0;0.0;1.0;1.0;0.0;0.0;0.0;0.0;0.0;0.0;0.0;0.0;2.0;0.0;0.0;0.0;2.0;21.0;0.0;0.0;0.0;0.0;7.0;0.0;0.0;0.0;0.0;0.0;0.0;0.0;0.0;0.0
2023-12-20;25.0;14.0;0.0;0.0;1.0;0.0;0.0;3.0;11.0;0.0;4.0;14.0;0.0;0.0;0.0;0.0;0.0;2.0;0.0;22.0;0.0;75.0;202.0;0.0;0.0;0.0;0.0;30.0;0.0;1.0;0.0;0.0;0.0;0.0;0.0;0.0;0.0
2023-12-21;27.0;8.0;0.0;0.0;3.0;0.0;0.0;9.0;19.0;0.0;0.0;3.0;0.0;0.0;0.0;0.0;0.0;2.0;0.0;18.0;0.0;10.0;123.0;0.0;0.0;0.0;0.0;20.0;0.0;0.0;0.0;0.0;0.0;4.0;0.0;0.0;0.0
2023-12-22;14.0;11.0;0.0;0.0;0.0;0.0;0.0;5.0;15.0;0.0;0.0;5.0;0.0;0.0;0.0;0.0;0.0;27.0;0.0;23.0;0.0;46.0;156.0;0.0;0.0;0.0;0.0;10.0;0.0;0.0;0.0;0.0;0.0;0.0;0.0;0.0;0.0
2023-12-23;34.0;11.0;0.0;0.0;0.0;0.0;0.0;2.0;13.0;0.0;0.0;3.0;0.0;0.0;0.0;1.0;0.0;2.0;0.0;43.0;0.0;13.0;141.0;0.0;0.0;0.0;0.0;19.0;0.0;0.0;0.0;0.0;0.0;0.0;0.0;0.0;0.0
2023-12-24;25.0;12.0;0.0;0.0;0.0;0.0;0.0;2.0;5.0;0.0;0.0;2.0;0.0;0.0;0.0;0.0;0.0;13.0;0.0;1.0;0.0;18.0;137.0;0.0;0.0;0.0;0.0;42.0;0.0;17.0;0.0;0.0;0.0;0.0;0.0;0.0;0.0
2023-12-25;2.0;3.0;0.0;0.0;0.0;0.0;1.0;2.0;2.0;0.0;0.0;0.0;0.0;0.0;0.0;0.0;0.0;12.0;0.0;3.0;0.0;11.0;55.0;0.0;0.0;0.0;0.0;16.0;0.0;3.0;0.0;0.0;0.0;0.0;0.0;0.0;0.0
2023-12-26;10.0;1.0;0.0;0.0;0.0;0.0;0.0;3.0;8.0;0.0;0.0;0.0;0.0;0.0;0.0;2.0;0.0;2.0;0.0;3.0;0.0;13.0;67.0;1.0;0.0;0.0;0.0;3.0;0.0;21.0;0.0;0.0;0.0;0.0;0.0;0.0;0.0
2023-12-27;38.0;25.0;0.0;0.0;0.0;3.0;0.0;8.0;16.0;28.0;8.0;0.0;0.0;0.0;0.0;1.0;0.0;3.0;0.0;42.0;0.0;18.0;296.0;0.0;0.0;0.0;0.0;80.0;0.0;25.0;0.0;0.0;0.0;0.0;0.0;1.0;0.0
2023-12-28;6.0;0.0;0.0;0.0;0.0;0.0;0.0;1.0;7.0;0.0;0.0;3.0;0.0;0.0;0.0;0.0;0.0;4.0;0.0;22.0;0.0;12.0;63.0;0.0;0.0;0.0;0.0;5.0;0.0;3.0;0.0;0.0;0.0;0.0;0.0;0.0;0.0
2023-12-29;6.0;0.0;0.0;0.0;0.0;0.0;0.0;1.0;7.0;0.0;0.0;3.0;0.0;0.0;0.0;0.0;0.0;4.0;0.0;22.0;0.0;12.0;63.0;0.0;0.0;0.0;0.0;5.0;0.0;3.0;0.0;0.0;0.0;0.0;0.0;0.0;0.0
2023-12-30;6.0;0.0;0.0;0.0;0.0;0.0;0.0;1.0;7.0;0.0;0.0;3.0;0.0;0.0;0.0;0.0;0.0;4.0;0.0;22.0;0.0;12.0;63.0;0.0;0.0;0.0;0.0;5.0;0.0;3.0;0.0;0.0;0.0;0.0;0.0;0.0;0.0
2023-12-31;30.0;0.0;0.0;0.0;24.0;0.0;0.0;17.0;15.0;0.0;0.0;0.0;0.0;0.0;0.0;0.0;0.0;0.0;0.0;23.0;0.0;28.0;137.0;0.0;0.0;0.0;0.0;0.0;0.0;0.0;0.0;0.0;0.0;0.0;0.0;0.0;0.0
2024-01-01;6.0;0.0;0.0;0.0;0.0;0.0;0.0;1.0;3.0;0.0;0.0;2.0;0.0;0.0;0.0;0.0;0.0;0.0;0.0;0.0;0.0;9.0;22.0;0.0;0.0;0.0;0.0;1.0;0.0;0.0;0.0;0.0;0.0;0.0;0.0;0.0;0.0
2024-01-02;35.0;3.0;0.0;0.0;0.0;2.0;0.0;0.0;10.0;0.0;2.0;17.0;0.0;0.0;0.0;8.0;0.0;0.0;0.0;6.0;0.0;20.0;114.0;0.0;0.0;0.0;0.0;3.0;0.0;0.0;0.0;0.0;0.0;0.0;8.0;0.0;0.0
2024-01-03;36.0;0.0;0.0;5.0;7.0;0.0;0.0;6.0;21.0;0.0;1.0;12.0;0.0;0.0;0.0;0.0;0.0;0.0;0.0;29.0;0.0;25.0;151.0;0.0;0.0;0.0;0.0;0.0;0.0;9.0;0.0;0.0;0.0;0.0;0.0;0.0;0.0
2024-01-04;15.0;10.0;0.0;0.0;0.0;0.0;3.0;2.0;12.0;0.0;21.0;2.0;0.0;0.0;0.0;0.0;0.0;10.0;0.0;6.0;0.0;16.0;135.0;0.0;0.0;0.0;0.0;23.0;0.0;15.0;0.0;0.0;0.0;0.0;0.0;0.0;0.0
2024-01-05;0.0;0.0;0.0;0.0;0.0;0.0;0.0;0.0;6.0;0.0;0.0;4.0;0.0;0.0;0.0;0.0;0.0;0.0;0.0;1.0;4.0;2.0;21.0;0.0;0.0;0.0;0.0;0.0;0.0;4.0;0.0;0.0;0.0;0.0;0.0;0.0;0.0
