date;Amazon Shopping;Android System;Biblioapp UdeA;Bing;Calculator;Calculator_1;Calendar;Call Management;Camera;Camera_2;CamScanner;CaptivePortalLogin;Certificate Installer;Chrome;Cívica;Classroom;Clock;com.academia.academia;com.actiasystems.bolivariano;com.activision.callofduty.shooter;com.chatbot.ai.aichat.openaibot.chat;com.evernote;com.goodev.volume.booster;com.hellotalk;com.ht2.stick.hero;com.mcdonalds.app;com.netflix.mediaclient;com.pluralsight;com.sleepmonitor.aio;com.vishva.kaggle;com.vivaair.viva_web_view;Compass;Contacts;Data Science;DataCamp;DeepL;DeepSkyCamera Beta;Device Help;Discord;Distill;Docs;Dolby Audio;Drive;Dual SIM Settings;Edge;EnglishScore;Files;Fiverr;FM Radio;Focus To-Do;Freelancer;GitHub;Gmail;Google;Google News;Google Opinion Rewards;Google Play Games;Google Play services;Google Play Store;Graphing Calc;Ground News;HBO MAX;Hopper;HTML Viewer;in.redbus.android;Instagram;Instagram Lite;Ipynb Viewer;ISS Detector;it.rortos.realflightsimulator;Key Chain;Lightroom;LinkedIn;Maps;Market Feedback Agent;McDonald's;Medium;Meet (original);Mercado Libre;Mi Tigo;Microsoft 365 (Office);Microsoft SwiftKey Keyboard;Moto;Moto Actions and Gestures;Moto App Launcher;Moto Display;Moto Key;Moto Suggestions;Moto Voice (Beta);Motorola Notifications;Motorola Settings;Motorola Update Services;Mundo TIGO;My Moon Phase;Nequi Colombia;net.tandem;Notion;OneDrive;Package installer;PayPal;Phone;Phone Services;Photomath;Photos;PictureThis;Platzi;Power BI;Print Spooler;Pydroid 3;Rappi;RC FPV;School Planner;Send Anywhere;Settings;Settings Suggestions;Shazam;Sheets;SIATA;SimCity;Sleepy;Snapseed;Sololearn;Spotify;Stellarium;Sticker Maker;Stockage multimédia;SUSH;Symbolab;System UI;Tasks;Tasks_3;Teams;Telegram;TikTok;Trii;Truecaller;Twitch;Twitter;tyba;Upwork Talent;VpnDialogs;Wallpapers;WhatsApp;YouTube;YouTube Music;Zoom
2022-10-27 00:00:00,000;0;1;0;0;19;0;1;0;0;2;0;3;0;30;0;2;7;0;0;0;0;0;0;0;0;0;0;0;1;0;0;0;1;0;0;0;0;0;0;0;0;0;0;0;0;0;3;0;0;0;0;0;3;2;0;1;0;0;1;0;0;0;0;0;0;0;0;0;5;0;0;0;0;0;0;0;0;0;0;0;0;0;0;0;157;0;0;0;0;0;0;0;0;0;0;0;0;0;0;0;0;0;0;2;0;0;0;0;0;0;0;3;0;5;0;0;0;0;0;0;0;0;3;0;0;0;0;0;0;0;0;0;0;0;0;3;0;0;0;0;0;0;71;12;0;0
2022-10-28 00:00:00,000;0;1;0;0;1;0;0;0;0;1;0;1;0;15;0;5;3;0;0;0;0;0;0;0;0;0;0;0;0;0;0;0;0;0;0;0;0;0;0;0;0;0;7;0;0;0;0;0;0;0;0;0;4;2;1;0;0;0;2;0;0;0;0;0;0;0;0;0;2;0;0;0;0;1;0;0;0;0;0;0;0;0;0;0;197;0;0;0;0;0;0;0;0;0;0;0;0;0;1;0;0;2;0;3;0;0;0;0;0;0;0;1;0;3;0;0;0;0;0;0;0;0;20;0;0;0;0;4;0;0;0;0;0;0;0;0;0;0;0;0;0;0;100;15;0;0
2022-10-29 00:00:00,000;0;0;0;0;7;0;0;0;0;1;0;9;0;12;0;4;0;0;0;0;0;0;0;0;0;0;0;0;0;0;0;0;0;0;0;0;0;0;0;0;0;0;0;1;0;0;0;0;0;0;0;0;6;0;0;2;0;0;6;0;0;0;0;0;0;0;0;0;2;0;0;0;0;0;0;0;0;0;0;1;0;0;0;0;243;0;0;0;0;0;0;0;0;0;0;0;0;0;0;0;0;0;0;2;0;0;0;0;0;0;0;2;0;11;0;0;0;0;0;0;0;0;17;1;0;0;0;1;0;0;0;0;0;0;0;2;0;0;0;0;0;0;115;22;0;0
2022-10-30 00:00:00,000;0;0;0;0;2;0;0;0;0;1;0;0;0;13;0;0;1;0;0;0;0;0;0;0;0;0;0;0;0;0;0;0;1;0;0;0;0;0;0;0;0;0;0;0;0;0;0;0;0;0;0;0;2;1;0;0;0;0;4;0;0;0;0;0;0;32;0;1;1;0;0;0;0;0;0;0;0;0;0;0;0;0;0;0;225;0;0;0;0;0;0;0;0;0;0;0;0;0;5;0;0;0;0;1;0;0;0;0;0;3;0;3;0;6;0;0;0;0;0;0;0;0;6;1;0;0;0;0;0;1;0;0;0;0;0;4;0;0;0;0;0;0;109;5;0;0
2022-10-31 00:00:00,000;0;1;0;0;0;0;0;0;0;3;0;5;0;6;0;0;2;0;0;0;0;0;0;0;0;0;0;0;0;0;0;0;1;0;0;0;0;0;0;0;0;0;4;0;0;0;2;0;0;0;0;0;4;4;0;1;0;0;0;0;0;0;0;0;0;0;0;0;0;0;0;0;0;0;0;0;0;0;0;0;0;0;0;0;209;0;0;0;0;0;0;0;0;0;0;0;0;0;0;0;0;0;0;3;0;0;0;0;0;0;0;1;0;18;0;0;0;0;0;0;0;0;24;0;0;0;0;6;0;0;0;0;0;0;0;8;0;0;0;0;0;0;104;6;0;0
2022-11-01 00:00:00,000;0;2;0;0;0;0;1;0;0;5;0;3;0;22;0;1;5;0;0;0;0;0;0;0;0;0;0;0;0;0;0;0;0;0;0;1;0;0;0;0;0;0;8;0;0;0;1;0;0;0;0;0;15;8;2;6;0;1;1;2;1;0;0;0;0;0;0;0;0;0;0;0;0;0;0;0;0;0;0;0;0;0;0;0;262;0;0;0;0;1;0;0;0;0;0;0;0;0;0;0;0;0;0;1;0;0;0;0;0;0;0;4;0;6;0;0;0;0;0;0;0;0;5;1;0;0;0;0;0;0;0;0;0;0;0;0;0;0;0;0;0;0;138;9;0;0
2022-11-02 00:00:00,000;0;0;0;0;3;1;1;0;1;0;0;4;0;46;0;1;4;0;0;0;0;0;0;0;0;0;0;0;0;0;0;0;1;0;0;0;0;0;0;0;0;0;18;0;0;0;4;0;0;0;0;0;9;7;2;1;0;1;3;0;0;0;0;0;0;0;0;0;0;0;0;0;0;0;0;0;0;0;0;0;0;0;0;0;369;0;0;0;0;1;0;0;1;0;0;0;0;0;0;0;0;0;0;11;0;0;0;0;0;0;0;7;0;7;0;0;1;0;0;0;0;0;2;0;0;0;0;27;0;9;0;0;0;0;0;2;0;0;0;0;0;0;164;5;0;0
2022-11-03 00:00:00,000;0;0;0;0;2;1;0;0;0;2;0;0;0;20;0;1;4;0;0;0;0;0;0;0;0;0;0;0;0;0;0;0;0;0;0;0;0;0;0;0;0;0;0;0;0;0;0;0;0;0;0;0;6;4;1;0;0;0;0;1;0;0;0;0;0;0;0;0;0;0;0;0;1;0;0;0;0;0;0;10;0;0;0;0;262;0;0;0;0;0;0;0;1;0;0;0;0;0;0;0;0;3;0;2;0;0;0;0;0;0;0;0;0;3;0;0;0;0;0;0;0;0;52;1;0;0;0;1;0;5;0;0;0;0;0;1;0;0;0;0;0;0;130;8;0;0
2022-11-04 00:00:00,000;0;2;0;0;2;0;0;0;1;4;0;0;0;16;0;0;4;0;0;0;0;0;0;0;0;0;0;0;0;0;0;0;0;0;0;1;0;0;0;0;0;0;1;0;0;1;0;0;0;0;0;0;1;1;8;1;0;0;1;0;0;0;0;0;0;0;0;0;1;0;0;0;0;0;0;0;0;0;0;0;0;0;0;0;179;0;0;0;0;1;0;0;0;0;0;0;0;0;0;0;0;0;0;0;0;0;0;0;0;0;0;2;0;3;0;0;0;0;0;0;0;0;34;0;0;0;0;2;0;0;0;0;0;0;0;3;0;0;0;0;0;0;102;5;0;0
2022-11-06 00:00:00,000;0;4;0;0;1;0;0;0;9;50;0;0;0;8;0;0;0;0;0;0;0;0;0;0;0;0;0;0;0;0;0;0;0;0;0;0;0;0;0;0;0;1;0;0;0;0;1;0;0;0;0;0;3;4;7;0;0;0;3;0;0;0;0;0;0;43;0;0;0;0;0;0;0;1;0;0;0;0;0;0;0;0;0;0;380;0;0;0;0;2;0;0;0;0;0;0;0;0;3;0;0;1;0;17;0;0;0;0;0;0;0;0;0;3;0;0;0;0;0;0;2;0;76;0;0;0;0;0;0;0;0;0;0;0;0;2;0;0;0;0;0;0;175;5;0;0
2022-11-07 00:00:00,000;0;2;0;0;0;1;0;0;0;4;0;0;0;13;0;0;0;0;0;0;0;0;0;0;0;0;0;0;0;0;0;0;0;0;0;0;0;0;0;0;0;1;0;0;0;0;0;0;0;0;0;0;0;2;4;0;0;0;2;1;0;0;0;0;0;48;0;0;0;0;0;0;0;0;0;0;0;0;0;0;0;0;0;0;208;0;0;0;0;1;0;0;0;0;0;0;0;0;0;0;0;0;0;7;0;0;0;0;0;0;0;0;4;0;0;0;0;0;0;0;0;0;24;0;0;0;0;0;0;0;0;0;0;0;0;0;0;0;0;0;0;0;120;15;0;0
2022-11-08 00:00:00,000;0;0;0;0;13;5;0;0;0;6;0;0;0;18;0;3;7;0;0;0;0;0;0;0;0;0;0;0;0;0;0;0;0;0;0;4;0;0;0;0;0;0;13;0;0;0;0;0;0;0;0;0;2;1;12;0;0;0;1;1;0;0;0;0;0;37;0;0;6;0;0;0;0;0;0;0;0;0;0;4;0;0;0;0;348;0;0;0;0;1;0;0;0;0;0;0;0;0;0;0;0;0;0;1;0;0;0;0;0;0;0;1;0;3;0;0;0;0;0;2;0;0;29;1;0;1;0;0;0;3;0;0;0;0;0;2;0;0;0;0;0;0;168;4;0;0
2022-11-09 00:00:00,000;0;1;2;0;1;1;0;0;0;2;0;0;0;34;0;0;3;0;0;0;0;0;0;0;0;0;0;0;0;0;0;0;0;0;0;0;0;0;0;0;0;0;8;0;0;0;0;0;0;0;0;0;4;5;5;3;0;0;6;0;0;0;0;0;0;38;0;0;0;0;0;0;0;2;0;0;0;0;0;2;0;0;0;0;361;0;0;0;0;0;0;0;1;0;0;0;0;0;1;0;0;0;0;5;0;0;0;0;0;0;0;0;0;1;0;0;0;1;0;0;0;0;48;0;0;0;0;4;0;2;0;0;0;0;0;0;0;0;0;0;0;0;182;6;0;0
2022-11-10 00:00:00,000;0;0;0;0;4;0;0;0;0;5;0;0;0;17;0;0;8;0;0;0;0;0;0;0;0;0;0;0;0;0;0;0;0;0;0;0;0;0;0;0;0;0;1;0;0;0;0;0;0;0;0;0;1;6;2;0;0;5;2;0;0;0;0;0;0;45;0;0;0;0;0;0;0;1;0;9;0;0;0;0;0;0;0;0;286;0;0;0;0;0;0;0;0;0;0;0;0;0;0;0;0;0;0;4;0;0;0;0;0;0;0;1;0;3;0;0;0;5;0;0;0;0;28;0;0;0;0;2;6;2;0;0;0;0;0;2;0;0;0;0;0;0;158;2;0;0
2022-11-11 00:00:00,000;0;1;0;0;0;0;0;0;0;1;0;1;0;31;0;1;1;0;0;0;0;0;0;0;0;0;0;0;0;0;0;0;0;0;0;14;0;0;0;0;0;0;8;0;0;0;1;0;0;0;0;0;4;0;2;0;0;0;0;0;0;0;0;0;0;32;0;0;0;0;0;0;0;0;0;0;0;0;0;1;0;0;0;0;237;0;0;0;0;0;0;0;0;0;0;0;0;0;0;0;0;0;0;6;0;0;0;0;0;0;0;3;0;3;0;0;0;0;0;0;1;0;17;0;0;0;0;0;0;3;0;0;0;0;0;3;0;0;0;0;0;0;148;1;0;0
2022-11-12 00:00:00,000;0;0;0;0;1;0;0;0;0;0;0;0;0;4;0;0;0;0;0;0;0;0;0;0;0;0;0;0;0;0;0;0;1;0;0;0;0;0;0;0;0;0;0;0;0;0;0;0;0;0;0;0;0;2;0;0;0;0;0;0;0;0;0;0;0;43;0;0;0;0;0;0;0;0;0;0;0;0;0;2;0;0;0;0;180;0;0;0;0;0;0;0;0;0;0;0;0;0;1;0;0;0;0;6;0;0;0;0;0;0;0;3;0;1;0;0;0;1;0;0;0;0;3;0;0;0;0;0;0;4;0;0;0;0;0;0;0;0;0;0;0;0;118;6;0;0
2022-11-13 00:00:00,000;0;0;0;0;1;0;0;0;0;4;0;0;0;19;0;0;3;0;0;0;0;0;0;0;0;0;0;0;0;0;0;0;0;0;0;0;0;0;0;0;0;0;0;0;0;0;0;0;0;0;0;0;4;11;4;2;0;0;2;2;0;0;0;0;0;63;0;0;0;0;0;0;0;0;0;1;0;0;0;0;0;0;0;0;297;0;0;0;0;0;0;0;1;0;0;0;0;0;2;0;0;0;0;3;0;0;0;0;0;0;0;0;0;0;0;0;0;1;0;0;1;0;0;0;0;0;0;2;0;0;0;0;0;0;0;0;0;0;0;0;0;0;153;6;0;0
2022-11-14 00:00:00,000;0;0;0;0;2;0;0;0;0;4;0;0;0;6;0;0;0;0;0;0;0;0;0;0;0;0;0;0;0;0;0;0;0;0;0;0;0;0;0;0;0;0;1;0;0;0;0;0;0;0;0;0;0;7;0;0;0;0;0;0;0;0;0;0;0;44;0;2;0;0;0;0;0;0;0;0;0;0;0;1;0;0;0;0;262;0;0;0;0;3;0;0;0;0;0;0;0;0;0;0;0;0;0;2;0;0;0;0;0;0;0;0;0;4;0;0;0;0;0;0;0;0;70;0;0;0;0;0;0;0;0;0;0;0;0;0;0;0;0;0;0;0;113;0;0;0
2022-11-15 00:00:00,000;0;2;0;0;4;0;0;0;0;3;0;3;0;24;0;9;8;0;0;0;0;0;0;0;0;0;0;0;0;0;0;0;0;0;0;0;0;0;0;0;0;0;16;0;0;0;0;0;0;0;0;0;12;7;7;1;0;1;2;0;0;0;0;0;0;30;0;0;0;0;0;0;0;0;0;0;0;0;0;0;0;0;0;0;227;0;0;0;0;0;0;0;0;0;0;0;0;0;0;0;0;0;0;2;0;0;0;0;0;0;0;0;0;6;0;0;0;0;0;1;0;0;44;0;0;0;0;0;0;2;0;0;0;0;0;0;0;0;0;0;0;0;80;12;0;0
2022-11-16 00:00:00,000;1;1;0;0;0;0;0;0;0;3;0;2;0;18;0;0;7;0;0;0;0;0;0;0;0;0;0;0;0;0;0;0;0;0;0;0;0;0;0;0;0;0;11;0;0;0;0;0;0;0;0;0;1;1;6;0;0;1;2;0;0;0;0;0;0;33;0;0;0;0;0;0;0;1;0;0;0;0;0;0;0;0;0;0;215;0;0;0;0;0;0;0;0;0;0;0;0;0;0;0;0;0;0;2;0;0;0;0;0;0;0;0;0;6;0;0;0;5;0;0;1;0;20;1;0;0;0;4;0;2;0;0;0;0;0;0;0;0;0;0;0;0;53;3;0;0
2022-11-17 00:00:00,000;5;1;0;0;9;3;1;0;0;1;0;3;0;16;0;0;10;0;0;0;0;0;0;0;0;0;0;0;0;0;0;0;0;0;0;0;0;0;0;0;0;0;8;0;0;0;0;0;0;0;0;0;0;4;7;4;0;2;1;0;0;0;0;0;0;23;0;0;0;0;0;0;0;3;0;1;0;0;0;1;0;0;0;0;178;0;0;0;0;0;0;0;1;0;0;0;0;0;1;0;0;0;0;2;0;0;0;0;0;0;0;0;0;7;0;0;0;4;0;0;0;0;14;0;0;0;0;0;0;0;0;0;0;0;0;0;0;0;0;0;0;0;50;8;0;0
2022-11-18 00:00:00,000;1;1;0;0;0;0;0;0;0;2;0;2;0;11;0;3;9;0;0;0;0;0;0;0;0;0;0;0;0;0;0;0;0;0;0;0;0;0;0;0;0;0;11;0;0;0;1;0;0;0;0;0;24;5;2;0;0;0;0;0;0;0;0;0;0;39;0;0;0;0;0;0;0;0;0;0;0;0;0;1;0;0;0;0;239;0;0;0;0;0;0;0;0;0;0;0;0;0;0;0;0;0;0;4;0;0;0;0;0;0;0;1;0;2;0;0;0;0;0;0;0;0;21;2;0;0;0;0;0;2;0;0;0;0;0;4;0;0;0;0;0;0;64;2;0;0
2022-11-19 00:00:00,000;0;0;0;0;5;3;0;0;0;1;0;0;0;21;0;0;3;0;0;0;0;0;0;0;0;0;0;0;0;0;0;0;0;0;0;2;5;0;0;0;1;0;1;0;0;0;0;0;0;0;0;0;7;1;0;0;0;0;4;0;0;0;0;0;0;36;0;0;1;0;0;0;0;0;0;0;0;0;0;1;0;0;0;0;175;0;0;0;0;0;0;0;1;0;0;0;0;0;1;0;0;1;0;7;0;0;0;0;0;0;0;0;4;1;0;0;0;0;0;0;0;2;18;0;0;0;0;0;0;3;0;0;0;0;0;0;0;0;0;0;0;0;69;3;0;0
2022-11-20 00:00:00,000;4;1;0;0;2;0;0;0;0;2;0;0;0;6;0;0;4;0;0;0;0;0;0;0;0;0;0;0;0;0;0;0;0;0;0;0;0;0;0;0;0;0;0;0;0;0;0;0;0;0;0;0;1;2;1;0;0;0;0;3;0;0;0;0;0;52;0;0;0;0;0;0;0;0;0;0;0;0;0;1;0;0;0;0;171;0;0;0;0;0;0;0;0;0;0;0;0;0;0;0;0;0;0;11;0;0;0;0;0;0;0;1;0;2;0;0;0;0;0;0;0;0;28;1;0;0;0;0;0;0;0;0;0;0;0;2;0;0;0;0;0;0;53;11;0;0
2022-11-22 00:00:00,000;7;0;0;0;3;0;1;0;0;4;0;0;0;11;0;3;8;0;0;0;0;0;0;0;0;0;0;0;0;0;0;0;0;0;0;1;0;0;0;0;0;0;3;0;0;0;1;0;0;0;0;0;0;5;7;3;0;2;1;0;0;0;0;0;0;59;0;0;4;0;0;0;0;0;0;0;0;0;0;2;0;0;0;0;295;0;0;0;0;0;0;0;0;0;0;0;0;0;0;0;0;0;0;3;0;0;0;0;0;0;0;1;0;2;0;0;0;1;0;0;0;0;1;0;0;0;0;0;0;0;0;0;0;0;0;0;0;0;0;0;0;0;89;13;0;0
2022-11-23 00:00:00,000;0;1;0;0;6;0;2;0;0;0;0;0;0;9;0;1;5;0;0;0;0;0;0;0;0;0;0;0;0;0;0;0;0;0;0;0;0;0;0;0;0;0;16;0;0;0;2;0;0;0;0;0;2;2;7;0;0;0;0;13;1;0;0;0;0;52;0;0;3;0;0;0;0;0;0;0;0;0;0;2;0;0;0;0;315;0;0;0;0;0;0;0;0;0;0;0;1;0;0;0;0;0;0;0;0;0;0;0;0;0;0;1;0;1;0;0;0;0;0;0;0;0;51;1;0;0;0;0;0;0;0;0;0;0;0;1;0;0;0;0;0;0;153;5;0;0
2022-11-25 00:00:00,000;4;1;0;0;4;0;0;0;0;6;0;4;0;14;0;1;5;0;0;0;0;0;0;0;0;0;0;0;0;0;0;0;1;0;0;0;0;0;0;0;3;0;0;0;0;0;0;0;0;0;0;0;5;3;2;0;0;0;2;0;1;0;0;0;0;31;0;0;1;0;0;0;0;3;0;0;0;0;0;1;0;0;0;0;195;0;0;0;0;0;0;0;0;0;0;0;0;0;0;0;0;0;0;0;0;0;0;0;0;0;0;0;0;14;0;0;0;0;0;0;0;0;15;0;0;0;0;0;0;0;0;0;0;0;0;0;0;0;0;0;0;0;111;2;0;0
2022-11-26 00:00:00,000;19;0;0;0;5;0;0;0;0;0;0;0;0;5;0;0;4;0;0;0;0;0;0;0;0;0;0;0;0;0;0;0;0;0;0;1;0;1;0;0;2;0;1;3;0;0;0;0;0;0;0;0;1;1;4;1;0;0;0;2;0;0;0;0;0;60;0;0;1;0;0;0;0;0;0;0;0;0;0;2;0;0;0;0;237;0;0;0;0;0;0;0;0;0;0;0;0;0;0;0;0;0;0;0;0;0;0;0;0;0;0;0;0;4;0;0;0;0;0;0;0;0;0;0;0;0;0;2;0;0;0;0;0;0;0;9;0;0;0;0;0;0;122;1;0;0
2022-12-13 00:00:00,000;0;8;0;0;0;0;0;0;2;10;0;0;0;8;0;0;6;0;0;0;0;0;0;0;0;0;0;0;0;0;0;0;0;0;0;0;0;0;0;0;2;0;0;0;0;0;6;0;0;0;0;0;2;1;3;0;0;0;3;0;2;0;0;0;0;70;0;0;1;0;0;0;0;1;0;0;0;0;0;0;0;0;0;0;319;0;0;0;0;0;0;0;0;0;0;0;0;0;0;0;0;0;0;26;0;0;0;0;0;0;0;1;0;1;0;0;3;1;0;0;0;0;35;1;0;0;0;0;0;11;0;0;0;0;0;0;0;0;0;0;0;0;120;2;0;0
2022-12-15 00:00:00,000;0;0;0;0;0;0;1;0;0;3;0;0;0;9;0;0;4;0;0;0;0;0;0;0;0;0;0;0;0;0;0;0;0;0;0;0;0;0;0;0;0;0;7;0;0;0;1;0;0;0;0;0;5;2;1;0;0;0;0;0;0;0;0;0;0;88;0;0;1;0;0;0;0;3;0;0;0;0;0;0;0;0;0;0;369;0;0;0;0;0;0;0;0;0;0;0;0;0;0;0;0;1;0;4;0;0;0;0;0;0;0;0;0;0;0;0;0;0;0;0;0;0;41;1;0;0;0;0;0;0;0;0;0;0;0;2;0;0;0;0;0;0;170;2;0;0
2022-12-16 00:00:00,000;0;2;0;0;0;0;0;0;0;10;0;0;0;24;0;0;0;0;0;0;0;0;0;0;0;0;0;0;0;0;0;0;5;0;0;0;0;0;0;0;3;0;7;0;0;0;2;0;0;0;0;0;0;9;0;2;0;0;2;0;2;0;0;0;0;50;0;0;0;0;0;0;0;7;0;0;0;0;0;1;0;0;0;0;343;0;0;0;0;0;0;0;0;0;0;0;0;0;0;0;0;0;0;5;0;0;0;0;0;0;0;0;4;1;0;0;0;0;0;0;3;0;17;0;0;0;0;0;4;0;0;0;0;0;0;0;0;0;0;0;0;0;146;6;0;0
2022-12-17 00:00:00,000;0;0;0;0;2;0;0;0;1;3;0;0;0;14;0;0;0;0;0;0;0;0;0;0;0;0;0;0;0;0;0;0;0;0;0;0;0;0;0;0;0;3;0;0;0;0;0;0;0;0;0;0;3;4;0;0;0;0;0;0;0;0;0;0;0;90;0;0;0;0;0;0;0;1;0;0;0;0;0;1;0;0;0;0;274;0;0;0;0;0;0;0;0;0;0;0;0;0;0;0;0;0;0;1;0;0;0;0;0;0;0;0;0;2;0;0;0;0;0;0;0;0;42;0;0;0;0;0;0;2;0;0;0;0;0;0;0;0;0;0;0;0;159;4;0;0
2022-12-18 00:00:00,000;0;0;0;0;0;0;0;0;1;1;0;0;0;28;1;0;0;0;0;0;0;0;0;0;0;0;0;0;0;0;0;0;1;0;0;0;0;0;0;2;0;0;1;0;0;0;1;0;1;0;0;0;1;3;0;3;0;4;15;0;0;1;0;0;0;55;0;0;0;1;0;0;0;0;0;0;0;0;0;0;0;0;0;0;281;0;0;0;0;0;0;0;1;0;0;3;0;0;3;0;2;0;0;5;0;0;0;0;0;0;0;1;0;1;0;0;0;0;0;0;2;0;20;0;0;0;0;0;0;0;0;0;17;0;0;7;0;0;0;0;0;0;118;15;0;0
2022-12-20 00:00:00,000;0;2;0;0;0;0;0;0;1;4;0;0;0;8;0;0;0;0;0;0;0;0;0;0;0;0;0;0;0;0;3;0;0;0;0;0;0;0;3;1;0;1;0;0;0;0;0;0;0;0;0;0;0;4;1;2;0;2;6;0;0;0;0;0;2;40;0;0;0;0;0;0;1;0;0;0;0;0;0;1;0;0;0;0;255;0;0;0;0;0;0;0;0;0;0;0;0;0;1;0;0;0;0;5;0;0;0;0;0;0;0;0;0;0;0;0;0;0;0;0;0;0;39;0;0;0;0;0;0;0;0;0;0;0;0;0;0;2;0;0;0;0;112;7;0;0
2022-12-21 00:00:00,000;0;2;0;0;0;0;2;0;0;0;0;0;0;21;0;0;1;0;0;0;0;0;0;0;0;0;0;0;0;0;0;0;1;0;0;0;0;0;5;0;0;0;0;0;0;0;0;0;0;0;0;0;0;5;1;0;0;0;1;0;0;0;0;0;0;32;0;0;0;0;0;0;0;0;0;0;0;0;0;0;0;0;0;0;207;0;0;0;0;0;0;0;0;0;0;0;0;0;0;0;0;0;0;2;0;0;0;0;0;0;0;0;0;0;0;0;0;2;0;0;0;0;27;0;0;0;0;0;2;12;0;0;9;0;0;3;0;5;0;0;0;0;62;11;0;0
2022-12-22 00:00:00,000;0;0;0;0;1;0;0;0;0;4;0;0;0;29;0;0;0;0;0;0;0;0;0;0;0;0;0;0;0;0;0;0;0;0;0;1;0;0;1;0;0;0;0;0;0;0;0;0;0;0;0;0;1;1;1;2;0;1;5;0;0;0;0;0;0;56;0;0;0;0;0;0;1;0;0;0;8;0;0;0;0;0;0;0;256;0;0;0;0;0;0;0;1;0;0;0;0;0;0;0;0;0;0;2;0;0;0;0;0;0;0;0;0;3;0;0;0;0;0;0;1;0;28;0;0;0;0;0;2;4;0;0;3;0;0;0;0;12;0;0;0;0;92;6;0;0
2022-12-23 00:00:00,000;0;0;0;0;2;0;0;0;0;7;0;0;0;4;0;0;0;0;0;0;0;0;0;0;0;0;0;0;0;0;0;0;0;0;0;0;0;0;1;0;0;0;0;0;0;0;1;0;0;0;0;0;0;2;0;0;0;0;0;0;0;0;0;0;0;59;0;0;0;0;0;0;1;0;0;0;5;0;0;1;0;0;0;0;264;0;0;0;0;0;0;0;0;0;0;0;0;0;1;0;0;0;0;7;0;0;0;0;0;0;0;0;4;0;0;0;0;0;0;0;3;0;20;0;0;0;0;0;0;3;0;0;0;0;0;1;0;15;0;0;0;0;96;10;0;0
2022-12-24 00:00:00,000;0;3;0;0;0;0;0;0;0;14;0;0;0;8;0;0;0;0;0;0;0;0;0;0;0;0;0;0;0;0;0;0;0;0;0;0;0;0;6;0;0;0;0;0;0;0;0;0;0;0;0;0;0;7;4;1;0;0;1;0;0;0;0;0;0;73;0;0;0;0;0;0;3;2;0;0;1;0;0;2;0;0;0;0;449;0;0;0;0;0;0;0;0;0;0;0;0;0;1;0;0;0;0;6;0;0;0;0;0;0;0;0;0;10;0;0;0;1;0;0;0;0;14;0;0;0;0;0;0;3;0;0;3;0;0;0;0;10;0;0;0;0;140;5;0;0
2022-12-25 00:00:00,000;0;0;0;0;0;0;2;0;0;1;0;0;0;16;0;0;0;0;0;0;0;0;0;0;0;0;0;0;0;0;0;0;0;0;0;0;0;0;0;0;0;0;0;0;0;0;0;0;0;0;0;0;0;7;2;0;0;1;3;0;0;0;0;0;0;56;0;0;0;0;0;0;0;2;0;3;0;0;0;1;0;0;0;0;321;0;0;0;0;0;0;0;0;0;0;0;0;0;1;0;0;1;0;0;0;0;0;0;0;0;0;0;0;5;0;0;0;7;0;0;0;0;9;1;0;0;0;0;1;1;0;0;0;0;0;3;0;9;0;0;0;0;144;3;0;0
2022-12-26 00:00:00,000;0;0;0;0;0;0;0;0;0;0;0;0;0;32;0;0;0;0;0;0;0;0;0;0;0;0;0;0;0;0;0;0;0;0;0;0;0;0;4;0;0;0;0;0;0;0;0;0;0;0;0;0;1;1;2;0;0;1;2;0;0;0;0;0;0;38;0;0;0;0;0;0;11;1;0;0;1;0;0;0;0;0;0;0;324;0;0;0;0;0;0;0;0;0;0;0;0;0;0;0;0;0;0;1;0;0;0;0;0;0;0;0;0;1;0;0;0;0;0;0;0;0;22;0;0;0;0;0;0;0;0;0;3;0;0;0;0;38;0;0;0;0;186;14;0;0
2022-12-27 00:00:00,000;0;3;0;0;0;0;0;0;0;0;0;0;0;13;0;0;0;0;1;0;0;0;0;0;0;0;0;0;0;0;0;0;0;0;0;0;0;0;3;0;0;0;0;2;0;0;0;0;0;0;0;0;0;4;2;0;0;0;6;0;0;0;0;0;0;26;0;0;0;0;0;0;4;19;0;0;0;0;0;5;0;0;0;0;332;0;0;0;0;0;0;0;1;0;0;0;3;0;2;0;0;0;0;0;0;0;0;0;0;0;0;0;0;5;0;0;0;0;0;0;0;0;100;0;0;0;0;0;0;5;0;0;2;0;0;0;0;19;0;0;0;0;156;8;0;0
2022-12-28 00:00:00,000;0;2;0;0;0;0;0;0;1;3;0;0;0;26;0;0;0;0;0;0;0;0;0;0;0;0;0;0;0;0;0;0;0;0;0;2;0;0;5;0;0;0;0;0;0;0;0;0;0;0;0;0;0;3;6;1;0;0;4;0;0;0;0;0;0;52;0;0;0;0;0;0;3;47;0;0;2;0;0;1;0;0;0;0;570;0;0;0;0;0;0;0;0;0;0;0;2;0;1;0;0;1;0;4;0;0;0;0;0;0;3;0;0;4;0;0;0;0;0;0;1;0;15;0;0;0;0;0;0;0;0;0;1;0;0;0;0;16;0;0;0;0;250;5;0;0
2022-12-29 00:00:00,000;0;0;0;0;0;0;1;0;3;18;1;0;0;24;0;0;0;0;0;0;0;0;0;0;0;0;0;0;0;0;0;0;0;0;0;1;0;0;1;0;0;0;0;0;0;0;1;0;0;0;0;0;1;3;0;0;0;1;3;0;0;0;0;0;0;56;0;0;0;0;0;0;1;3;0;0;0;0;0;1;0;0;0;0;358;0;0;0;0;0;1;0;0;0;0;0;9;0;0;0;0;1;0;10;0;0;0;0;0;0;0;0;0;6;0;0;0;0;0;0;3;0;15;1;0;0;0;0;0;1;0;0;1;0;0;0;0;39;0;0;0;0;137;4;0;0
2022-12-30 00:00:00,000;0;5;4;0;0;0;0;0;0;0;0;0;0;39;0;0;0;0;0;0;0;0;0;0;0;0;0;0;0;0;0;0;0;0;0;3;0;0;5;0;0;0;0;0;0;0;2;0;0;0;0;0;0;1;1;0;0;0;0;0;0;0;0;0;0;49;0;0;0;0;0;0;3;3;0;0;5;0;0;2;0;0;0;0;304;0;0;0;0;0;0;0;0;0;0;0;10;0;0;0;0;0;0;0;0;0;0;0;0;0;0;0;0;4;0;0;0;0;0;0;0;0;46;0;0;0;0;0;1;1;0;0;0;0;0;0;0;46;0;0;0;0;105;7;0;0
2022-12-31 00:00:00,000;0;4;0;0;1;0;1;0;0;5;0;0;0;3;0;0;0;0;0;0;0;0;0;0;0;0;0;0;0;0;0;0;0;0;0;1;0;0;0;0;0;0;0;0;0;0;0;0;0;0;0;0;0;4;1;0;0;0;0;0;0;0;0;0;0;56;0;0;0;0;0;0;1;2;0;0;0;0;0;1;0;0;0;0;526;0;0;0;0;0;0;0;0;0;0;0;0;0;0;0;0;0;0;7;0;0;0;0;0;0;0;0;0;1;0;0;0;0;0;0;3;0;8;0;0;0;0;0;0;0;0;0;1;0;0;2;0;11;0;0;0;0;198;7;0;0
2023-01-01 00:00:00,000;0;0;0;0;5;0;0;0;5;4;0;0;0;8;0;0;1;0;0;0;0;0;0;0;0;0;0;0;0;0;0;0;2;0;0;0;0;0;4;0;0;0;0;0;0;0;0;0;0;0;0;0;0;4;3;0;0;1;0;0;0;0;0;0;0;75;0;0;0;0;0;0;0;12;0;0;0;0;0;0;0;0;0;0;384;0;0;0;0;0;0;0;0;0;0;0;10;0;0;0;0;0;0;5;0;0;0;0;0;0;0;0;0;1;0;0;0;2;0;0;0;0;27;0;0;0;0;0;1;0;0;0;1;0;0;1;0;10;0;0;0;0;186;31;0;0
2023-01-02 00:00:00,000;0;0;0;0;5;0;1;0;0;26;0;0;0;18;0;1;0;0;0;0;0;0;0;0;0;0;0;0;0;0;0;0;0;0;0;2;0;0;3;0;0;0;3;0;0;0;0;0;0;0;0;0;3;1;1;1;0;0;0;1;0;0;0;0;0;42;0;0;0;0;0;0;3;10;0;0;0;0;0;1;0;0;0;0;314;0;0;0;0;0;0;0;1;0;0;0;6;0;0;0;0;1;0;11;0;0;0;0;0;0;0;0;0;7;0;0;0;0;0;0;2;0;29;0;0;0;0;0;0;0;0;0;0;0;0;2;0;20;0;0;0;0;86;16;0;0
2023-01-03 00:00:00,000;0;3;0;0;0;0;0;0;0;21;0;0;0;3;0;0;0;0;0;0;0;0;0;0;0;0;0;0;0;0;0;0;0;0;0;1;0;0;1;0;0;0;0;0;0;0;0;0;0;0;0;0;0;2;0;0;0;0;0;0;0;0;0;0;0;30;0;0;0;0;0;0;1;0;0;0;7;0;0;0;0;0;0;0;172;0;0;0;0;0;0;0;0;0;0;0;1;0;0;0;0;0;0;5;0;0;0;0;0;0;0;0;0;2;0;0;0;0;0;0;1;0;3;0;0;0;0;0;0;0;0;0;0;0;0;6;0;13;0;0;0;0;52;4;0;0
2023-01-04 00:00:00,000;0;3;0;0;4;0;1;0;0;6;0;0;0;66;0;0;0;0;0;0;0;0;0;0;0;0;0;0;0;0;0;0;0;0;0;10;0;0;4;0;0;0;9;0;0;0;2;0;0;0;0;0;1;8;2;0;0;0;1;0;0;0;0;0;0;35;0;0;0;0;0;0;55;9;0;0;9;0;0;0;0;0;0;0;283;0;0;0;0;0;0;0;0;0;0;0;3;0;0;0;0;0;0;12;0;0;0;0;0;0;0;0;0;1;0;0;0;0;0;0;6;0;12;0;0;0;0;0;0;12;0;0;0;0;0;2;0;49;0;0;0;0;82;22;0;0
2023-01-05 00:00:00,000;0;1;0;0;2;0;2;0;0;3;0;0;0;36;0;0;1;0;0;0;0;0;0;0;0;0;0;0;0;0;0;0;0;0;0;0;0;0;8;1;0;3;3;0;0;0;8;0;0;0;0;0;3;1;2;0;0;1;7;0;0;0;0;0;0;41;0;0;0;0;0;0;39;1;0;0;6;0;0;2;0;0;0;0;246;0;0;0;0;0;0;0;0;0;0;0;8;0;2;0;0;0;0;6;0;3;0;0;0;0;0;0;0;2;0;0;3;0;0;0;0;0;32;0;0;0;0;0;0;10;0;0;1;0;0;0;0;38;0;0;0;0;58;27;0;0
2023-01-06 00:00:00,000;0;0;0;0;0;0;1;0;0;11;0;0;0;20;0;0;1;0;0;0;0;0;0;0;0;0;0;0;0;0;0;0;0;0;0;1;0;0;5;0;0;0;0;0;0;0;0;0;0;0;0;0;0;3;2;2;0;0;2;0;0;0;0;0;0;63;0;0;0;0;0;0;29;8;0;0;9;0;0;1;0;0;0;0;355;0;0;0;0;0;0;0;0;0;0;0;2;0;0;0;0;0;0;8;0;0;0;0;0;0;0;0;0;3;0;0;0;1;0;0;2;0;3;0;0;0;0;0;0;1;0;0;2;0;0;2;0;31;0;0;0;0;89;49;0;0
2023-01-07 00:00:00,000;0;3;0;0;2;0;0;0;0;30;0;0;0;16;0;0;0;0;0;0;0;0;0;0;0;0;0;0;0;0;0;0;0;0;0;0;0;0;6;0;0;0;3;1;0;0;0;0;0;0;0;0;0;6;1;0;0;0;1;0;0;0;0;0;0;43;0;0;1;0;0;0;12;15;0;0;8;0;0;1;0;2;0;0;344;1;0;0;0;0;0;0;1;0;0;0;3;0;1;0;0;1;0;3;0;0;0;0;0;0;0;0;0;39;0;0;0;0;0;0;0;0;0;14;0;0;0;0;0;2;0;0;0;0;0;4;0;11;0;0;0;0;81;6;0;0
2023-01-08 00:00:00,000;0;4;0;0;6;0;1;0;1;34;0;0;0;20;0;0;0;0;0;0;0;0;0;0;0;0;0;0;0;0;0;0;0;0;0;0;0;0;3;0;0;1;0;0;0;0;0;0;0;0;0;0;1;8;1;0;0;0;1;0;0;0;0;0;0;68;0;1;1;0;0;0;21;4;0;0;0;0;0;9;0;0;0;0;396;0;0;0;0;0;1;0;0;0;0;0;8;0;0;0;0;0;0;4;0;0;0;0;0;0;0;0;0;27;0;0;0;0;0;0;2;0;78;2;0;0;0;0;0;0;0;0;2;0;0;4;0;32;0;0;0;0;110;5;0;0
2023-01-09 00:00:00,000;0;2;0;0;1;0;0;0;0;10;0;0;0;26;0;0;0;0;0;0;0;0;0;0;0;0;0;0;0;0;0;0;0;0;0;0;0;0;1;0;0;0;0;0;0;0;0;0;0;0;0;0;1;3;0;0;0;0;0;0;0;0;0;0;0;46;0;0;0;0;0;0;10;0;0;0;0;0;0;9;0;0;0;0;275;0;0;0;0;0;0;0;0;0;0;0;2;0;0;0;0;2;0;4;0;0;0;0;0;0;0;0;0;4;0;0;0;0;0;0;0;0;21;0;0;0;0;0;0;5;0;0;1;0;0;6;0;13;0;0;0;0;115;8;0;0
2023-01-10 00:00:00,000;0;1;0;0;4;0;1;0;1;14;0;1;0;28;0;0;0;0;0;0;0;0;0;0;0;0;0;0;0;0;0;0;0;0;0;0;0;0;6;3;0;0;0;0;0;0;0;0;0;0;0;0;2;8;0;2;0;0;1;0;0;0;0;0;0;65;0;0;0;0;0;0;3;28;0;0;2;0;0;1;0;0;0;0;382;0;0;0;0;0;0;0;0;0;0;0;0;0;0;0;0;0;0;1;0;0;0;0;0;0;0;0;0;7;0;0;0;5;0;0;0;0;29;0;0;0;0;0;0;2;0;0;0;0;0;2;0;7;0;0;0;0;166;1;0;0
2023-01-12 00:00:00,000;0;2;0;0;0;0;7;0;1;0;0;0;0;11;1;0;0;0;0;0;0;0;0;0;0;0;0;0;0;0;0;0;0;0;0;0;0;0;2;0;0;0;0;0;0;0;0;0;0;0;0;0;5;1;2;0;0;3;4;0;0;6;0;0;0;18;0;0;2;0;0;0;21;0;0;0;0;0;0;7;0;0;0;0;226;0;0;0;0;0;0;0;0;0;0;0;1;0;0;0;0;0;0;1;0;0;0;0;0;0;0;0;0;2;0;0;0;0;0;0;0;0;28;0;0;0;0;0;0;14;0;0;0;0;0;8;0;9;0;0;0;0;86;2;0;0
2023-01-14 00:00:00,000;0;0;0;0;0;0;0;0;0;0;0;0;0;12;0;0;4;0;0;0;0;0;0;0;0;0;0;0;0;0;0;0;0;0;0;0;0;0;1;0;0;0;0;0;0;0;0;0;0;0;0;0;0;0;0;1;0;0;0;0;0;0;0;0;0;19;0;0;0;0;0;0;5;0;0;0;0;0;0;0;0;0;0;0;158;0;0;0;0;0;0;0;4;0;0;0;0;0;0;0;0;0;0;0;0;0;0;0;0;0;0;0;0;2;0;0;0;0;0;0;0;0;0;0;0;0;0;0;0;1;0;0;0;0;0;8;0;7;0;0;0;0;72;1;0;0
2023-01-17 00:00:00,000;0;2;0;0;0;0;2;0;1;3;0;0;0;30;0;0;3;0;0;0;0;0;0;0;0;0;0;0;0;0;0;0;0;0;0;0;0;0;0;0;0;0;0;0;0;0;0;0;0;0;0;0;0;5;2;0;0;0;0;0;0;0;0;0;0;0;0;0;0;0;0;0;21;0;0;0;0;0;0;0;0;0;0;0;177;0;0;0;0;0;0;0;0;0;0;0;0;0;0;0;0;0;0;4;0;3;0;0;0;0;0;0;2;3;0;0;0;0;0;0;0;0;15;0;0;0;0;0;0;8;0;0;0;0;0;0;0;13;0;0;0;0;117;5;0;0
2023-01-21 00:00:00,000;1;3;0;0;3;0;0;0;0;2;0;0;0;14;0;0;7;0;0;0;0;0;0;0;0;0;0;0;0;0;0;0;0;0;0;2;0;0;0;0;6;0;0;0;0;0;9;0;0;0;0;0;6;3;0;0;0;0;5;0;0;0;0;0;0;0;0;0;0;0;0;0;1;0;0;0;10;0;0;0;0;0;0;0;184;0;0;0;0;0;0;0;0;0;0;0;0;0;0;0;0;0;0;1;0;0;0;0;0;0;0;0;2;2;0;0;4;0;0;0;0;0;28;0;0;0;0;0;0;5;0;0;0;0;0;8;0;10;0;0;0;0;112;7;0;0
2023-01-22 00:00:00,000;0;0;0;0;0;0;0;0;0;2;0;0;0;2;0;0;0;0;0;0;0;0;0;0;0;0;0;0;0;0;0;0;0;0;0;1;0;0;0;0;1;0;4;0;0;0;0;0;0;0;0;0;0;2;0;0;0;0;0;0;0;0;0;0;0;0;0;0;0;0;0;0;5;0;0;0;3;0;0;0;0;0;0;0;135;0;0;0;0;0;0;0;2;0;0;0;0;0;0;0;0;0;0;1;0;0;0;0;0;0;0;0;2;4;0;0;0;2;0;0;1;0;46;4;0;0;0;0;0;8;0;0;0;0;0;3;0;21;0;0;0;0;56;8;0;0
2023-01-24 00:00:00,000;0;2;0;0;0;0;0;0;0;3;0;0;0;15;0;0;3;0;0;0;0;0;0;0;0;0;0;0;0;0;0;0;0;0;0;0;0;0;5;0;0;0;1;0;0;0;0;0;0;0;0;0;1;1;0;0;0;1;3;0;0;0;0;0;0;0;0;0;0;0;0;0;4;0;0;0;6;0;0;0;0;0;0;0;158;0;0;0;0;0;0;0;0;0;0;0;0;0;0;0;0;0;0;1;0;0;0;0;0;0;0;0;0;2;0;0;0;0;0;0;0;0;25;2;0;0;0;0;4;9;0;0;0;0;0;12;0;10;0;0;0;0;118;21;0;0
2023-01-26 00:00:00,000;2;3;4;0;1;0;0;0;0;0;0;0;0;42;0;0;0;0;0;0;0;0;0;0;0;0;0;0;0;0;0;0;0;0;0;0;0;0;6;0;0;0;2;0;0;0;1;0;0;0;0;2;1;5;0;0;0;0;2;0;0;0;0;0;0;0;0;0;0;0;0;0;7;1;0;0;0;0;0;0;0;0;0;0;193;0;0;0;0;0;0;0;1;0;0;0;0;0;0;0;0;0;0;1;0;0;0;0;0;0;0;0;1;1;0;0;1;0;0;0;0;0;38;4;0;0;0;0;0;4;0;0;0;0;0;19;0;7;0;0;0;0;78;25;0;0
2023-01-28 00:00:00,000;0;0;0;0;0;0;0;0;0;4;0;0;0;10;0;0;9;0;0;0;0;0;0;0;0;0;0;0;0;0;0;0;1;0;0;0;0;0;0;0;0;0;3;0;0;0;0;0;0;0;0;0;0;3;0;1;0;0;1;0;0;3;0;0;0;0;0;0;0;0;0;0;7;0;0;0;1;0;0;0;0;0;0;0;169;0;0;0;0;0;0;0;0;0;0;0;0;0;0;0;0;0;0;0;0;2;0;0;0;0;0;0;0;2;0;0;0;0;0;0;0;0;32;5;0;0;0;0;7;4;0;0;0;0;0;4;0;6;0;0;0;0;112;10;0;0
2023-01-29 00:00:00,000;1;2;0;0;4;0;0;0;0;4;0;0;0;13;0;0;0;0;0;0;0;0;0;0;0;0;0;0;0;0;0;0;0;0;0;0;0;0;6;0;0;0;0;0;0;0;0;0;0;0;0;2;0;5;0;0;0;0;1;0;0;2;0;0;0;0;0;0;0;0;0;0;3;0;0;0;3;0;0;0;0;0;0;0;133;0;0;0;0;0;0;0;0;0;0;0;0;0;0;0;0;0;0;2;0;1;0;0;0;0;0;0;0;2;0;0;0;0;0;0;1;0;32;1;0;0;0;0;6;1;0;0;0;0;0;11;0;11;0;0;0;0;43;10;0;0
2023-01-30 00:00:00,000;0;0;0;0;1;0;0;0;0;1;0;0;0;14;0;0;11;0;0;0;0;0;0;0;0;0;0;0;0;0;0;2;0;0;0;0;0;0;1;0;0;0;0;0;0;0;0;0;0;0;0;0;2;6;0;0;0;0;2;0;0;0;0;0;0;0;0;0;0;0;0;0;4;0;0;0;3;0;0;0;0;0;0;0;191;0;0;0;0;0;0;0;0;0;0;0;0;0;0;0;0;0;0;2;0;0;0;0;0;0;0;0;0;2;0;0;0;0;0;0;0;0;45;4;0;0;0;0;3;4;0;0;0;0;0;11;0;15;0;0;0;0;116;13;0;0
2023-01-31 00:00:00,000;4;0;0;0;1;0;0;0;0;3;0;0;0;9;0;0;1;0;0;0;0;0;0;0;0;0;0;0;0;0;0;2;0;0;0;0;0;0;0;0;0;0;2;0;0;0;0;0;0;0;0;0;9;3;0;1;0;1;0;0;0;10;0;0;0;0;0;0;0;0;0;0;6;2;0;0;0;0;0;1;0;0;0;0;267;0;0;0;0;1;0;0;0;0;0;0;0;0;0;0;0;1;0;1;0;0;0;0;0;0;0;0;0;8;0;0;0;0;0;0;0;0;6;3;0;0;0;0;0;1;0;0;0;0;0;10;0;8;0;0;0;0;141;23;0;0
2023-02-02 00:00:00,000;4;0;0;0;25;0;1;0;0;1;0;0;0;17;0;0;1;0;0;0;0;0;0;0;0;0;0;0;0;0;0;1;0;0;0;0;0;0;2;0;0;0;2;0;0;0;0;0;0;0;0;0;2;5;0;0;0;0;0;0;0;13;0;0;0;0;0;0;0;0;0;0;1;0;0;0;4;0;0;8;0;0;0;0;257;0;0;0;0;0;0;0;1;0;0;0;0;0;0;0;0;6;0;3;0;0;0;0;0;0;0;0;0;2;0;0;0;0;0;0;0;0;26;2;0;0;0;0;0;5;0;0;0;0;0;18;0;5;0;0;0;0;152;16;0;0
2023-02-03 00:00:00,000;0;0;0;0;0;0;0;0;0;0;0;0;0;16;0;0;1;0;0;0;0;0;0;0;0;0;0;0;0;0;0;0;0;0;0;0;0;0;1;0;0;0;2;0;0;0;0;0;0;0;0;1;5;4;3;0;0;1;0;0;0;2;0;0;0;0;0;0;0;0;0;0;13;0;0;0;0;0;0;1;0;0;0;0;186;0;0;0;0;0;0;0;0;0;0;0;0;0;0;0;0;0;0;0;0;0;0;0;0;0;0;0;0;2;0;0;2;1;0;0;0;0;2;0;0;0;0;0;5;0;0;0;0;0;0;7;0;6;0;0;0;0;120;19;0;0
2023-02-04 00:00:00,000;0;3;0;0;0;0;0;0;0;2;0;0;0;17;0;0;5;0;0;0;0;0;0;0;0;0;0;0;0;0;0;1;0;0;0;0;0;0;0;0;1;0;0;0;0;0;0;0;0;0;0;0;7;2;2;1;0;0;1;0;0;3;0;0;0;0;0;0;0;0;0;0;8;0;0;0;2;0;0;0;0;0;0;0;196;0;0;0;0;1;0;0;0;1;0;0;0;0;1;0;0;0;0;1;0;0;0;0;0;0;0;0;0;0;0;0;1;2;0;0;1;0;34;2;0;0;0;0;0;0;0;0;0;0;0;10;0;16;0;0;0;0;89;9;0;0
2023-02-05 00:00:00,000;0;1;0;0;0;0;1;0;0;0;0;0;0;21;0;0;0;0;0;0;0;0;0;0;0;0;0;0;0;0;0;0;0;0;0;0;0;0;4;0;0;0;3;0;0;0;0;0;0;0;0;3;0;3;0;0;0;2;4;0;0;1;0;0;0;0;0;0;0;0;0;0;4;0;0;0;0;0;3;0;0;0;0;0;154;0;0;0;0;0;0;0;2;0;0;0;0;0;1;0;0;0;0;3;0;0;0;0;0;0;0;0;0;0;0;0;0;0;0;0;0;0;30;3;0;0;0;0;0;2;0;0;0;0;0;7;0;8;0;0;0;0;92;27;0;0
2023-02-07 00:00:00,000;0;4;1;0;2;0;15;0;0;4;0;0;0;26;0;2;9;0;0;0;0;0;0;0;0;0;0;0;0;0;0;0;0;0;0;1;0;0;2;0;0;0;8;0;0;0;0;0;0;0;0;0;44;3;0;0;0;0;0;3;0;0;0;0;0;25;0;0;0;0;1;0;7;1;0;0;3;0;0;2;0;0;0;0;252;0;0;0;0;0;0;0;0;0;0;0;0;0;3;0;0;0;0;0;0;0;0;0;0;0;0;0;3;6;0;0;0;0;0;0;0;0;3;0;0;0;0;0;4;8;0;0;0;0;0;1;0;13;0;0;0;0;107;12;0;0
2023-02-08 00:00:00,000;0;5;0;0;0;0;7;0;0;4;0;0;0;9;0;1;3;0;0;0;0;0;0;0;0;0;0;0;0;0;0;0;0;0;0;0;0;0;0;0;0;0;1;0;0;0;0;0;0;0;0;0;2;3;0;2;0;0;1;0;0;0;0;0;0;20;0;0;0;0;0;0;7;0;0;0;0;0;5;2;0;0;0;0;236;0;0;0;0;0;0;0;0;0;0;0;0;0;2;0;0;1;0;7;0;0;0;0;0;0;0;0;0;3;0;0;0;0;0;0;0;0;25;1;0;0;0;0;0;17;0;0;0;0;0;0;0;13;0;0;0;0;160;13;0;0
2023-02-09 00:00:00,000;1;2;0;0;2;0;12;0;0;10;0;0;0;21;0;0;6;0;0;0;0;0;0;0;0;0;0;0;0;0;0;0;0;0;0;0;0;0;0;0;0;0;5;0;0;0;0;0;0;0;0;0;29;3;2;0;0;1;2;0;0;0;0;0;0;32;0;0;0;0;0;0;3;5;0;0;0;0;11;2;0;0;0;0;292;0;0;0;0;0;0;0;0;0;0;0;4;0;1;0;0;0;14;6;0;0;0;0;0;0;0;0;3;3;0;0;5;0;0;0;0;0;21;2;0;0;0;4;5;15;0;0;0;0;0;2;0;6;0;0;0;0;113;6;0;0
2023-02-10 00:00:00,000;0;0;0;0;0;0;2;0;0;6;0;0;0;5;0;0;8;0;0;0;0;0;0;0;0;0;0;0;0;0;0;0;1;0;0;0;0;0;2;0;0;0;9;0;0;0;0;0;0;0;0;0;8;2;2;0;0;1;0;0;0;0;0;0;0;24;0;0;0;0;0;0;2;0;0;0;4;0;0;3;0;0;0;0;221;0;0;0;0;0;0;0;0;0;0;0;1;0;0;0;0;0;0;2;0;0;0;0;0;0;0;0;0;2;0;0;0;0;0;0;0;0;2;9;0;0;0;0;0;5;0;0;0;0;0;2;0;8;0;0;0;0;96;6;0;0
2023-02-11 00:00:00,000;0;1;0;0;2;0;1;0;0;2;0;0;0;12;0;0;6;0;0;0;0;0;0;0;0;0;0;0;0;0;0;0;0;0;0;0;0;0;0;0;0;0;0;0;0;0;0;0;1;0;0;0;0;2;1;1;0;0;2;1;0;2;0;0;0;45;0;0;0;0;0;0;2;2;0;0;1;0;0;1;0;0;0;0;294;0;0;0;0;1;0;0;0;0;0;0;0;0;0;0;0;0;3;3;0;0;0;0;0;0;0;0;0;2;0;0;0;0;0;0;1;0;9;0;0;0;0;0;0;4;0;0;0;0;0;2;0;2;0;0;0;0;150;20;0;0
2023-02-12 00:00:00,000;1;1;0;0;0;0;0;0;0;8;0;0;0;21;0;0;1;0;0;0;0;0;0;0;0;0;0;0;0;0;0;0;0;0;0;0;0;0;1;0;0;0;2;0;0;0;0;0;0;0;0;0;5;1;0;0;0;2;2;2;0;4;0;0;0;37;0;0;0;0;0;0;1;2;0;0;0;0;0;3;0;0;0;0;189;0;0;0;0;0;0;0;1;0;0;0;3;0;0;0;0;0;1;8;0;0;0;0;0;0;0;0;0;2;0;0;0;5;0;0;0;0;0;1;0;0;0;0;0;6;0;0;0;0;0;0;0;1;0;0;0;0;85;10;0;0
2023-02-14 00:00:00,000;0;0;0;0;4;0;11;0;0;7;1;0;0;8;0;0;8;0;0;0;0;0;0;0;0;0;0;0;0;0;0;0;0;0;0;0;0;0;1;0;0;0;6;0;0;0;0;0;0;0;0;0;37;4;0;0;0;0;0;0;0;0;0;0;0;22;0;0;0;0;0;0;1;2;0;0;2;0;0;1;0;0;0;0;250;0;0;0;0;0;0;0;0;0;0;0;0;0;0;0;0;0;0;3;0;0;0;0;0;0;0;0;1;10;0;0;5;0;0;0;0;0;21;0;0;0;0;0;9;8;0;0;0;0;0;4;0;5;0;0;0;0;119;12;0;0
2023-02-18 00:00:00,000;0;0;0;0;0;0;0;0;0;1;0;0;0;6;0;0;4;0;0;0;0;0;0;0;0;0;0;0;0;0;0;1;1;0;0;2;0;0;0;0;0;0;0;0;0;0;0;0;0;0;0;0;2;2;1;1;0;0;1;1;0;2;0;0;0;5;0;0;0;0;0;0;2;4;0;0;0;0;0;1;0;0;0;0;163;0;0;0;0;0;0;0;0;0;0;0;1;0;0;0;0;0;0;0;0;0;0;0;0;0;0;0;0;0;0;0;0;0;0;0;0;0;32;0;0;0;0;0;0;5;0;0;0;0;0;0;0;10;0;0;0;0;88;12;0;0
2023-02-19 00:00:00,000;0;0;0;0;0;0;0;0;0;0;0;0;0;6;0;1;0;0;0;0;0;0;0;0;0;0;0;0;0;0;0;3;0;0;0;0;0;0;0;0;0;0;1;0;0;0;0;0;0;0;0;0;2;1;0;0;0;0;1;0;0;5;0;0;0;0;0;0;0;0;0;0;1;0;0;0;0;0;0;0;0;0;0;0;178;0;0;0;0;0;0;0;1;0;0;0;0;0;0;0;0;0;0;1;0;0;0;0;0;0;0;0;0;1;0;0;0;1;0;0;0;0;25;3;0;0;0;1;0;1;0;0;0;0;0;6;0;3;0;0;0;0;106;8;0;0
2023-02-21 00:00:00,000;0;2;0;0;6;0;16;0;0;4;0;0;1;41;0;2;9;0;0;0;0;0;0;0;0;0;0;0;0;0;0;0;0;0;0;0;0;0;0;0;0;0;9;0;0;0;1;0;0;22;0;0;27;8;0;1;0;1;0;0;0;0;0;0;0;33;0;0;0;0;0;0;0;0;0;0;1;0;0;2;0;1;0;0;385;0;0;0;0;0;0;0;1;0;0;0;0;0;2;0;0;0;24;7;0;0;0;0;0;0;0;0;0;11;3;0;0;1;0;0;0;0;30;1;0;0;0;0;3;3;0;0;0;0;0;0;0;8;0;0;0;0;191;11;0;0
2023-02-25 00:00:00,000;0;5;0;11;2;0;2;0;0;2;0;0;0;11;0;0;3;0;0;0;0;0;0;0;0;0;0;0;0;0;0;0;0;0;0;0;0;0;1;0;1;0;3;0;4;0;0;0;0;0;0;0;1;0;0;0;0;0;3;0;0;1;0;0;0;41;0;0;0;0;0;0;0;0;0;0;0;0;0;0;3;0;0;0;224;0;0;0;0;0;0;0;0;0;0;0;0;0;1;0;0;0;0;1;0;0;0;0;0;0;0;0;0;10;0;0;1;0;0;0;0;0;30;0;0;1;0;0;0;2;0;0;0;0;0;3;0;4;0;0;0;0;104;10;0;0
2023-02-26 00:00:00,000;0;9;0;0;0;0;1;0;0;3;0;0;0;1;0;0;1;0;0;0;0;0;0;0;0;0;0;0;0;0;0;0;0;0;0;0;0;0;0;0;0;5;0;0;8;0;0;0;0;0;0;0;1;3;0;2;0;0;1;0;0;4;0;0;0;35;0;0;0;0;0;0;0;0;0;0;0;0;0;1;0;0;0;0;215;0;0;0;0;0;0;0;0;0;0;0;0;0;0;0;0;1;4;4;0;0;0;0;0;0;0;0;0;2;0;0;0;1;0;0;0;0;22;1;0;0;0;0;0;5;0;0;0;0;0;0;0;1;0;0;0;0;138;5;0;0
2023-02-28 00:00:00,000;0;10;0;3;0;0;11;0;0;4;0;0;0;16;0;0;5;0;0;0;0;0;0;0;0;0;0;0;0;0;0;2;1;0;0;0;0;0;0;0;0;0;0;0;4;0;0;0;0;0;0;0;21;2;0;0;0;2;0;0;0;0;0;0;0;22;0;0;0;0;0;0;0;0;0;0;0;0;0;3;1;0;0;0;249;0;0;0;0;0;0;0;0;0;0;0;0;0;1;0;0;0;5;1;0;0;0;0;0;0;0;0;0;3;0;0;0;1;0;0;0;0;0;0;0;0;0;0;3;10;0;0;0;0;0;16;0;5;0;0;0;0;149;2;0;0
2023-03-02 00:00:00,000;0;1;0;0;0;0;6;0;0;1;0;0;0;15;0;3;10;0;0;0;0;0;0;0;0;0;0;0;0;0;0;0;0;0;0;0;0;0;0;0;12;0;7;0;0;0;0;0;0;0;0;0;52;3;0;3;0;0;3;0;0;0;0;0;0;18;0;0;0;0;0;0;1;3;0;0;0;0;0;4;7;0;0;0;237;0;0;0;0;0;0;0;0;0;0;0;4;0;0;0;0;0;4;0;0;0;0;0;0;0;0;0;0;0;0;0;3;0;0;0;0;0;0;2;0;0;0;0;22;5;0;0;0;0;0;6;0;3;0;0;0;0;146;2;0;0
2023-03-04 00:00:00,000;0;3;0;1;5;0;0;0;0;0;0;0;0;14;0;0;8;0;0;0;0;0;0;0;0;0;0;0;0;0;0;0;0;0;0;0;0;0;0;0;0;0;0;2;0;0;0;0;0;0;0;0;0;3;1;0;0;0;0;0;0;0;0;0;0;25;0;0;0;0;0;0;0;1;0;0;0;0;0;5;0;0;0;0;174;0;0;0;0;0;0;0;0;0;0;0;0;0;0;0;0;1;0;9;0;0;0;0;0;0;0;0;0;3;0;0;0;1;0;0;0;0;23;0;0;0;0;0;0;10;0;0;0;0;0;0;0;2;0;0;0;0;126;10;0;0
2023-03-05 00:00:00,000;1;4;0;1;3;0;1;0;0;8;0;0;0;17;0;0;1;0;0;0;0;0;0;0;0;0;0;0;0;0;0;0;0;0;0;0;0;0;0;0;0;0;0;0;0;0;0;0;0;0;0;0;1;6;0;0;0;0;4;0;0;0;0;0;0;20;0;0;0;0;0;0;0;1;0;0;0;0;0;3;0;0;0;0;170;0;0;0;0;0;0;0;1;0;0;0;0;0;1;0;0;0;6;4;0;0;0;0;7;0;0;0;1;0;0;0;0;0;0;0;0;0;13;0;0;0;0;0;0;4;0;0;0;0;0;0;0;0;0;0;0;0;126;20;0;0
2023-03-09 00:00:00,000;0;1;0;0;0;0;0;0;0;0;0;0;0;4;0;3;4;0;0;0;0;0;0;0;0;0;0;0;0;0;0;0;0;0;0;0;0;0;0;0;3;0;1;0;0;0;1;0;0;0;0;0;3;2;0;0;0;0;0;0;0;0;0;0;0;19;0;2;0;0;0;0;1;0;0;0;0;0;0;1;0;0;0;0;118;0;0;0;0;0;0;0;1;0;0;0;0;0;0;0;0;0;0;12;0;0;0;0;0;0;0;0;0;5;0;0;0;0;0;0;0;0;0;0;0;0;0;0;0;2;0;0;0;0;0;0;0;0;0;0;0;0;84;7;0;0
2023-03-10 00:00:00,000;0;4;0;0;3;0;5;0;0;4;0;1;0;17;0;3;8;0;0;0;0;0;0;0;0;0;0;0;0;0;0;0;1;0;0;0;0;0;0;0;5;0;0;0;0;0;3;0;0;0;0;0;9;6;0;0;0;0;0;0;0;0;0;0;0;24;0;0;0;0;0;0;1;0;0;0;0;0;0;1;10;0;0;0;220;0;0;0;0;0;0;0;0;0;0;0;0;0;1;0;0;0;0;0;0;0;0;0;0;0;0;0;0;5;0;0;0;3;0;0;0;0;19;0;0;0;0;0;0;18;0;0;0;0;0;0;0;3;0;0;0;0;148;5;0;0
2023-03-12 00:00:00,000;0;3;0;0;0;0;1;0;0;54;0;0;0;3;0;0;7;0;0;0;0;0;0;0;0;0;0;0;0;0;0;2;0;0;0;0;0;0;0;0;0;0;0;3;0;0;0;0;0;0;0;0;0;3;0;0;0;0;0;0;0;0;0;0;0;12;0;0;0;0;0;0;0;10;0;0;0;0;0;3;0;0;0;0;131;0;0;0;0;0;0;0;1;0;0;0;0;0;0;0;0;0;0;5;0;0;0;0;0;0;0;0;0;6;0;0;0;7;0;0;0;0;0;0;0;0;0;0;0;3;0;0;0;0;0;0;0;0;0;0;0;0;60;0;0;0
2023-03-19 00:00:00,000;0;3;0;0;3;0;1;0;0;2;0;0;0;3;0;0;0;0;0;0;0;0;0;0;0;0;0;0;0;0;0;0;0;0;0;0;0;0;0;0;0;0;0;0;0;0;0;0;0;0;0;0;2;2;0;1;0;0;0;0;0;0;0;0;0;20;0;0;0;0;0;0;0;0;0;0;1;0;0;0;1;0;0;0;150;0;0;0;0;0;0;0;1;0;0;0;0;0;0;0;0;0;0;1;0;0;0;0;0;0;0;0;0;0;0;0;0;1;0;0;0;0;18;0;0;0;0;8;0;0;0;0;0;0;0;2;0;0;0;0;0;0;99;9;0;0
2023-03-20 00:00:00,000;1;3;0;0;24;0;2;0;0;1;0;0;0;11;0;0;0;0;0;0;0;0;0;0;0;0;0;0;0;0;0;0;0;0;0;0;0;0;2;0;0;0;0;0;0;0;0;0;0;0;0;0;0;3;0;0;0;0;1;0;0;0;0;0;0;30;0;0;0;0;0;0;0;0;0;0;0;0;0;0;0;0;0;0;125;0;0;0;0;0;0;0;0;0;0;0;0;0;1;0;0;0;0;0;0;0;0;0;0;0;0;0;0;1;0;0;0;0;0;0;0;0;0;0;0;0;0;0;0;2;0;0;0;0;0;0;0;0;0;0;0;0;70;12;0;0
2023-03-23 00:00:00,000;0;4;0;0;1;0;4;0;0;7;0;0;0;6;0;0;3;0;0;0;0;0;0;0;0;0;0;0;0;0;0;0;0;0;0;0;0;0;0;0;0;1;0;0;0;0;0;0;0;2;0;4;14;3;0;1;0;1;0;0;0;0;0;0;0;24;0;0;0;0;0;0;0;0;0;0;0;0;0;1;0;0;0;0;177;0;0;0;0;0;0;0;0;0;0;0;0;0;0;0;0;0;0;6;0;0;0;0;0;0;0;0;0;1;0;0;0;0;0;0;0;0;17;0;0;0;0;0;2;1;0;0;0;0;0;0;0;1;0;0;0;0;136;3;0;0
2023-03-25 00:00:00,000;0;10;0;4;5;0;0;0;0;1;0;0;0;11;0;0;10;0;0;0;0;0;0;0;0;0;0;0;0;0;0;0;0;0;0;0;0;0;0;0;0;2;0;0;0;0;0;0;0;0;0;0;0;2;0;0;0;0;2;0;0;0;0;0;0;40;0;0;0;0;0;0;0;20;0;0;7;0;0;0;0;0;0;0;125;0;0;0;0;0;0;1;1;0;0;0;0;0;0;0;0;0;0;1;0;0;0;0;0;0;0;0;0;3;0;0;0;0;0;0;0;0;15;0;0;0;0;0;0;0;0;0;0;0;0;2;0;0;0;0;0;0;84;2;0;0
2023-03-26 00:00:00,000;0;1;0;0;0;0;0;0;0;6;0;0;0;5;0;0;2;0;0;0;0;0;0;0;0;0;0;0;0;0;0;0;0;0;0;0;0;0;0;0;0;0;0;0;0;0;0;0;0;0;0;0;1;0;0;0;0;0;0;0;0;0;0;0;0;14;0;0;0;0;0;0;0;0;0;0;0;0;0;1;0;0;0;0;99;0;0;0;0;0;0;0;0;0;0;0;0;0;0;0;0;0;0;5;0;0;0;0;0;0;0;0;0;4;0;0;0;0;0;0;0;0;11;4;0;0;0;0;0;2;0;0;0;0;0;0;0;0;0;0;0;0;35;0;0;0
2023-03-27 00:00:00,000;1;4;0;0;4;0;1;0;0;1;0;0;0;22;0;0;5;0;0;0;0;0;0;0;0;0;0;0;0;0;0;0;3;0;0;0;0;0;1;0;0;1;0;0;0;0;0;0;0;0;0;0;6;8;0;1;0;1;0;0;0;0;0;0;0;33;0;0;0;0;0;0;4;2;0;0;0;0;0;0;0;0;0;0;212;0;0;0;0;0;0;0;0;0;0;0;0;0;0;0;0;0;0;2;0;0;0;0;0;0;0;0;0;0;0;0;0;6;0;0;0;0;3;0;0;0;0;0;0;1;0;0;0;0;0;0;0;5;0;0;0;0;134;0;0;0
2023-03-28 00:00:00,000;0;8;0;3;12;0;5;0;0;2;0;0;0;21;4;1;11;0;0;0;0;0;0;0;0;0;0;0;0;0;0;0;2;0;0;0;0;0;0;0;0;1;0;0;0;0;1;0;0;0;0;0;13;12;0;0;0;3;4;0;0;0;0;0;0;35;0;0;0;0;0;0;0;0;0;0;0;0;0;1;0;0;0;0;238;0;0;0;0;0;0;0;0;0;0;0;0;0;0;0;0;1;2;7;0;0;0;0;0;0;0;0;0;5;0;0;0;1;0;0;0;0;14;0;0;0;0;0;0;4;0;0;0;0;0;6;2;0;0;0;0;0;171;5;0;0
2023-03-29 00:00:00,000;0;6;0;0;12;0;0;0;4;10;0;2;0;3;1;0;5;0;0;0;0;0;0;0;0;0;0;0;0;0;0;0;0;0;0;0;0;0;1;0;0;0;0;1;0;0;0;0;0;0;0;1;7;4;0;0;0;0;0;0;0;0;0;0;0;53;0;0;0;0;0;0;1;0;0;0;0;0;0;3;7;0;0;0;259;0;0;0;0;0;0;0;0;0;0;0;0;0;0;0;0;0;0;4;0;0;0;0;0;0;0;0;0;19;0;0;0;0;0;0;0;0;28;0;0;0;0;0;0;8;0;0;0;0;0;0;0;1;0;0;0;0;154;5;0;0
2023-03-30 00:00:00,000;0;1;0;2;2;0;3;0;0;8;0;0;0;11;0;1;17;0;0;0;0;0;0;0;0;0;0;0;0;0;0;0;1;0;0;0;0;0;0;0;0;0;0;3;0;0;0;0;0;0;0;0;22;6;0;0;0;0;0;0;0;0;0;0;0;29;0;0;0;0;0;0;3;0;0;0;0;0;0;3;0;0;0;0;279;0;0;0;0;0;0;0;0;0;0;0;0;0;0;0;0;0;0;4;0;0;0;0;0;0;0;0;1;8;0;0;0;1;0;0;0;0;16;0;0;1;0;0;7;13;0;0;0;0;0;3;0;10;0;0;0;0;160;9;0;0
2023-03-31 00:00:00,000;0;6;0;0;7;0;0;0;0;5;0;2;0;23;0;1;3;0;0;0;0;0;0;0;0;0;0;0;0;0;0;0;1;0;0;0;0;0;0;0;0;0;0;0;0;0;0;0;0;0;0;0;13;5;0;1;0;4;0;0;0;0;0;0;0;14;0;0;0;0;0;0;5;23;0;0;0;0;0;0;8;0;0;0;206;0;0;0;0;0;0;0;0;0;0;0;0;0;0;0;0;0;0;5;0;0;0;0;0;0;0;0;0;6;0;0;0;0;0;0;0;0;21;0;0;0;0;0;0;4;0;0;0;0;0;2;0;1;0;0;0;0;142;0;0;0
2023-04-03 00:00:00,000;0;7;0;0;0;0;1;0;0;1;0;0;0;19;0;0;4;0;0;0;0;0;0;0;0;0;0;0;0;0;0;0;0;0;0;0;0;0;0;0;0;0;0;3;0;0;0;0;0;0;0;0;0;0;0;0;0;0;0;0;0;0;0;0;0;28;0;0;0;0;0;0;1;5;0;0;0;0;0;6;1;0;0;0;170;0;0;0;0;0;0;0;1;0;0;0;0;0;1;0;0;0;0;8;0;0;0;0;0;0;0;0;3;6;0;0;0;0;0;0;0;0;0;0;0;0;0;0;0;1;0;0;8;0;0;0;1;1;0;0;0;0;99;6;0;0
2023-04-04 00:00:00,000;0;13;0;1;14;0;0;0;0;2;0;0;0;22;0;0;8;0;0;0;0;0;0;0;0;0;0;0;0;0;0;0;0;0;0;0;0;0;2;0;0;1;0;0;0;0;1;0;0;0;0;0;7;4;0;0;0;0;1;0;0;0;0;0;0;38;0;0;0;0;0;0;18;2;0;0;0;0;0;2;3;0;0;0;235;0;0;0;0;0;0;0;0;0;0;0;0;0;0;0;0;0;0;4;0;0;0;0;0;0;0;0;0;1;0;0;0;4;0;0;0;0;13;0;0;0;0;0;2;8;0;0;2;0;0;4;1;0;0;0;0;0;162;13;0;0
2023-04-05 00:00:00,000;0;0;0;0;0;0;0;0;0;5;0;0;0;6;0;0;6;0;0;0;0;0;0;0;0;0;0;0;0;1;0;0;0;0;0;2;0;0;1;0;0;0;0;0;0;0;0;0;0;0;0;0;5;4;0;1;0;0;4;0;0;0;0;0;0;22;0;0;0;0;0;0;12;0;0;0;0;0;0;1;0;0;0;0;131;0;0;0;0;0;0;0;0;0;0;0;0;0;0;0;0;0;0;3;0;0;0;0;0;0;0;0;0;3;0;0;0;0;0;0;0;0;0;0;0;0;0;0;0;8;0;0;0;0;0;4;0;2;0;0;0;0;85;1;0;0
2023-04-06 00:00:00,000;0;1;0;0;1;0;0;0;1;5;0;0;0;11;0;0;1;0;0;0;0;0;0;0;0;0;0;0;0;0;0;0;1;0;0;0;0;0;0;0;0;0;1;0;0;0;0;0;0;0;0;0;4;4;0;1;0;0;0;0;0;2;0;0;0;44;0;0;0;0;0;0;2;0;0;0;0;0;0;0;0;0;0;0;170;0;0;0;0;0;0;0;0;0;0;0;0;0;0;0;0;0;0;2;0;0;0;0;0;0;0;0;0;1;0;0;0;0;0;0;0;0;25;0;0;0;0;0;0;3;0;0;0;0;0;2;0;0;0;0;0;0;127;11;0;0
2023-04-07 00:00:00,000;0;10;0;2;4;0;0;0;0;1;0;0;0;15;0;0;0;0;0;0;0;0;0;0;0;0;0;0;0;0;0;0;1;0;1;2;0;0;0;0;0;0;0;0;0;0;3;0;0;0;0;2;2;4;0;0;0;0;1;0;0;0;0;0;0;40;0;0;0;0;0;0;7;0;0;0;4;0;0;0;16;0;0;0;190;0;0;0;0;0;0;0;0;0;0;0;0;0;0;0;0;0;0;13;0;0;0;0;0;0;0;0;0;0;0;0;0;0;0;0;0;0;4;0;0;0;0;0;0;9;0;0;1;0;0;0;0;1;0;0;0;0;120;6;0;0
2023-04-08 00:00:00,000;0;1;0;1;1;0;0;0;3;15;0;0;0;9;0;0;3;0;0;0;0;0;0;0;0;0;0;2;0;0;0;0;0;3;2;0;0;0;0;0;0;0;0;1;0;0;0;0;0;0;0;0;0;3;0;0;0;1;2;0;0;0;0;0;0;25;0;0;0;0;0;0;7;35;0;0;0;0;0;0;0;0;11;2;229;0;1;4;1;0;0;0;0;0;0;0;0;0;2;0;0;0;0;6;0;0;0;0;0;0;0;0;0;4;0;0;0;3;0;0;0;0;0;0;0;0;0;0;0;1;0;0;0;0;0;5;0;0;0;0;0;0;175;0;0;0
2023-04-09 00:00:00,000;0;2;0;0;0;0;0;0;0;1;0;0;0;11;0;0;0;0;0;0;0;0;0;0;0;0;0;0;0;0;0;0;0;0;0;0;0;0;0;0;0;0;0;0;0;0;0;0;0;0;0;0;4;2;0;0;0;0;0;0;0;0;0;0;0;49;0;0;0;0;0;0;8;0;0;0;0;0;0;0;0;0;0;0;222;0;0;0;0;0;0;0;1;0;0;0;0;0;0;0;0;0;0;7;0;0;0;0;0;0;0;0;0;4;0;0;0;0;0;0;0;0;0;0;0;0;0;0;0;4;0;0;0;0;0;1;0;2;0;0;0;0;159;3;0;0
2023-04-11 00:00:00,000;0;4;0;0;0;0;4;0;0;6;0;0;0;29;0;0;12;0;0;0;0;0;0;0;0;0;0;0;0;0;0;0;1;0;0;0;0;0;0;0;0;0;0;0;0;0;3;0;0;0;0;0;20;2;0;1;0;0;2;0;0;0;0;0;0;60;0;0;0;0;0;0;0;0;0;0;0;0;0;0;4;0;0;0;255;0;0;0;0;0;0;0;0;0;0;0;0;0;0;0;0;0;0;8;0;0;0;0;0;0;0;0;0;5;0;0;0;1;0;0;0;0;5;0;0;0;0;0;5;5;0;0;0;0;0;2;0;0;0;0;0;2;145;0;0;0
2023-04-13 00:00:00,000;0;5;0;1;1;0;2;0;1;15;0;0;0;23;0;1;4;0;0;0;0;0;0;0;0;0;0;0;0;0;0;0;2;0;0;1;0;0;0;0;0;0;0;0;0;0;2;0;0;0;0;0;9;4;0;0;0;0;0;0;0;0;0;0;0;66;0;0;0;0;0;0;2;0;0;0;0;0;0;1;5;0;0;0;276;0;0;0;0;0;0;0;0;0;0;0;0;0;0;0;0;0;5;1;0;0;0;0;0;0;0;0;0;3;0;0;0;0;0;0;0;0;22;0;0;0;0;0;0;2;0;0;0;0;0;0;0;0;0;0;0;0;140;9;0;0
2023-04-14 00:00:00,000;1;5;0;0;0;0;0;0;0;3;0;0;0;34;0;0;11;0;0;0;0;0;0;0;0;0;0;0;0;0;0;0;1;0;0;0;0;0;0;0;0;0;0;0;0;0;0;0;0;0;0;0;2;3;0;0;0;0;0;0;0;0;0;0;0;62;0;0;0;0;0;0;0;0;0;0;0;0;0;0;3;0;0;0;225;0;0;0;0;0;0;0;0;0;0;0;0;0;0;0;0;0;3;1;0;0;0;0;0;0;0;0;0;2;0;0;0;0;0;0;0;0;7;0;0;0;0;0;0;3;0;0;0;0;0;0;0;1;0;0;0;0;135;6;0;0
2023-04-15 00:00:00,000;0;2;0;0;1;0;0;0;0;1;0;0;0;4;0;0;4;0;0;0;0;0;0;0;0;0;0;0;0;0;0;0;0;0;0;0;0;0;0;0;0;0;1;0;0;0;0;0;0;0;0;0;2;0;0;1;0;1;0;0;0;0;0;0;0;43;0;0;0;0;0;0;0;0;0;0;0;0;0;0;0;0;0;0;112;0;0;0;0;0;0;0;0;0;0;0;0;0;0;0;0;0;0;3;0;0;0;0;0;0;0;0;0;0;0;0;0;0;0;0;0;0;1;0;0;0;0;0;0;1;0;0;0;0;0;0;0;0;0;0;0;0;62;0;0;0
2023-04-16 00:00:00,000;0;1;0;0;1;0;0;0;0;3;0;0;0;16;0;0;0;0;0;0;0;0;0;0;0;0;0;0;0;0;0;0;0;0;0;0;0;0;0;0;0;3;0;0;0;0;0;0;0;0;0;0;0;3;0;0;0;0;0;0;0;0;0;0;0;46;0;0;0;0;0;0;0;8;0;0;0;0;0;0;0;0;0;0;167;0;0;0;0;0;0;0;1;0;0;0;0;0;0;0;0;0;0;0;0;0;0;0;0;0;0;0;0;2;0;0;0;0;0;0;0;0;62;0;0;0;0;0;0;4;0;0;0;0;0;2;0;0;0;0;0;0;147;4;0;0
2023-04-18 00:00:00,000;3;10;0;5;2;0;5;0;0;26;0;0;0;21;0;10;9;0;0;0;0;0;0;0;0;0;0;0;0;0;0;0;1;0;0;0;0;0;0;0;0;1;0;0;0;0;0;0;0;0;0;0;25;1;0;0;0;1;2;0;0;0;0;0;0;35;0;0;0;0;0;0;3;0;0;0;0;0;0;0;2;0;0;0;260;0;0;0;0;0;0;0;0;0;0;0;0;0;0;0;0;0;0;13;0;0;0;0;0;0;0;0;0;9;0;0;0;3;0;0;0;0;10;9;0;0;0;0;12;3;0;0;0;0;0;3;0;3;0;0;0;0;167;2;0;0
2023-04-19 00:00:00,000;0;1;0;0;1;0;1;0;0;16;0;0;0;8;0;3;4;0;0;0;0;0;0;0;0;0;0;0;0;0;0;0;0;0;0;1;0;0;0;0;0;1;0;0;0;0;2;0;0;0;0;0;2;7;0;1;0;1;0;0;0;0;0;0;0;50;0;0;0;0;0;0;0;0;0;0;0;0;0;0;6;0;0;0;189;0;0;0;0;0;0;0;0;0;0;0;3;0;0;0;0;0;3;4;0;0;0;0;0;0;0;0;0;0;0;0;0;1;0;0;0;0;19;3;0;0;0;0;0;1;0;0;0;0;0;0;0;2;0;0;0;0;112;4;0;0
2023-04-20 00:00:00,000;0;1;0;0;0;0;1;0;0;5;0;0;0;1;0;0;9;0;0;0;0;0;0;0;0;0;0;0;0;0;0;0;1;0;0;0;0;0;0;0;0;0;0;0;0;0;0;0;0;0;0;0;10;0;0;0;0;0;0;0;0;0;0;0;0;43;0;0;0;0;0;0;0;0;0;0;0;0;0;0;0;0;0;0;147;0;0;0;0;0;0;0;0;0;0;0;0;0;0;0;0;0;0;1;0;0;0;0;0;0;0;0;0;4;0;0;0;2;0;0;0;0;15;0;0;0;0;0;2;2;0;0;0;0;0;0;0;3;0;0;0;0;91;3;0;0
2023-04-22 00:00:00,000;0;4;0;0;3;0;2;0;0;2;0;0;0;10;0;0;0;0;0;4;0;0;0;0;0;0;0;0;0;0;0;0;0;0;0;0;0;0;0;0;0;0;0;0;0;0;1;0;0;0;0;0;1;2;0;0;2;0;3;0;0;0;0;0;0;63;0;0;0;0;0;0;1;0;0;0;0;0;0;0;0;0;0;0;210;0;0;0;0;0;0;0;0;0;0;0;0;0;2;0;0;0;0;1;0;0;0;0;0;0;0;0;0;4;0;0;0;0;0;0;0;0;0;0;0;0;0;1;0;3;0;0;0;0;0;4;0;0;0;0;0;0;127;13;0;0
2023-04-23 00:00:00,000;3;6;0;0;1;0;3;0;0;9;0;0;0;8;0;0;0;0;0;0;0;0;0;0;0;0;0;0;0;0;0;0;0;0;0;0;0;0;0;0;0;0;0;0;0;0;0;0;0;0;0;0;0;4;0;1;0;0;1;0;0;0;0;0;0;42;0;0;0;0;0;0;0;0;0;0;0;0;0;1;0;0;0;0;150;0;0;0;0;0;0;0;1;0;0;0;0;0;0;0;0;0;8;6;0;0;0;0;0;0;0;0;0;0;0;0;0;0;0;0;2;0;0;3;0;0;0;1;0;0;0;0;0;0;0;0;0;0;0;0;0;0;91;7;0;0
2023-04-24 00:00:00,000;0;4;0;0;2;0;2;0;0;12;0;0;0;13;0;0;10;0;0;0;0;0;0;0;0;0;0;0;0;0;0;0;2;0;0;0;0;0;0;0;0;0;0;0;0;0;0;0;0;0;0;0;6;4;0;0;0;0;0;0;0;0;0;0;0;45;0;0;0;0;0;0;0;0;0;0;0;0;0;0;1;0;0;0;237;0;0;0;0;0;0;0;0;0;0;0;2;0;0;0;0;0;13;1;0;0;0;0;0;0;0;0;0;5;0;0;0;0;0;0;0;0;15;0;0;0;0;0;0;3;0;0;0;0;0;1;0;0;0;0;0;0;111;1;0;0
2023-04-25 00:00:00,000;0;7;0;0;3;0;4;0;0;4;0;0;0;14;0;0;11;0;0;0;0;0;0;0;0;0;0;0;0;0;0;0;1;0;0;0;0;0;0;0;0;0;0;0;0;0;1;0;0;0;0;0;11;4;0;0;0;0;2;0;0;0;0;0;0;51;0;0;0;0;0;0;2;0;0;0;0;0;0;0;4;0;0;0;261;0;0;0;0;0;0;0;1;1;0;0;0;0;0;0;0;0;14;3;0;0;0;0;0;0;0;0;0;0;0;0;0;0;0;0;0;0;5;1;0;0;0;1;0;5;0;0;0;0;0;0;0;2;0;0;0;0;142;8;0;0
2023-04-26 00:00:00,000;0;9;0;0;0;0;0;0;0;3;0;0;0;16;0;0;9;0;0;0;0;0;0;0;0;0;0;0;0;0;0;0;0;0;0;0;0;0;0;0;0;1;0;0;0;0;1;0;0;0;0;0;4;5;0;0;0;1;1;0;0;0;0;0;0;44;0;0;0;0;0;0;5;0;0;0;0;0;0;0;4;0;0;0;199;0;0;0;0;0;0;0;0;0;0;0;0;0;1;0;0;0;0;5;0;0;0;0;0;0;0;0;0;4;0;3;0;9;0;0;0;0;8;0;0;0;0;0;0;6;0;0;0;0;0;0;0;0;0;0;0;0;83;5;0;0
2023-04-27 00:00:00,000;0;5;0;0;5;0;1;0;0;5;1;0;0;18;0;0;3;0;0;0;0;0;0;0;0;0;0;0;0;0;0;0;0;0;0;1;0;0;0;0;0;0;0;1;0;0;0;0;0;0;0;0;6;5;0;0;0;1;0;0;0;0;0;0;0;97;0;0;0;0;0;0;6;0;0;0;0;0;0;0;0;0;0;0;310;0;0;0;0;0;0;0;1;0;0;0;0;0;1;0;0;0;7;3;0;0;0;0;0;0;0;0;0;4;0;0;0;0;0;0;0;0;19;0;0;0;0;2;2;4;0;0;0;0;0;0;0;5;0;0;0;0;167;7;0;0
2023-04-28 00:00:00,000;0;3;0;0;8;0;0;0;1;2;0;0;0;7;0;0;6;0;0;0;0;0;0;0;0;0;0;0;0;0;0;0;2;0;0;0;0;0;0;0;0;0;0;0;0;0;0;0;0;0;0;0;4;4;0;2;0;0;3;0;0;0;0;0;0;30;0;0;0;0;0;0;4;1;0;0;0;0;0;0;9;0;0;0;194;0;0;0;0;0;0;0;0;0;0;0;0;0;1;0;0;0;2;2;0;0;0;0;0;0;0;0;0;4;0;0;0;2;0;0;0;0;10;0;0;0;7;0;2;1;0;0;0;0;0;2;0;0;0;0;0;0;133;4;0;0
2023-04-29 00:00:00,000;0;11;0;0;4;0;1;0;0;4;0;0;0;17;0;0;0;0;0;0;0;0;0;0;0;0;0;0;0;0;0;0;0;0;0;0;0;0;0;0;0;2;0;0;0;0;19;0;0;0;0;0;3;3;0;0;0;0;1;0;0;0;0;0;0;50;0;0;0;0;0;0;10;0;0;0;0;0;0;0;9;0;0;0;237;0;0;0;0;0;0;0;0;0;0;0;0;0;0;0;0;0;0;1;0;0;0;0;0;0;0;0;3;1;0;0;0;1;0;0;0;0;41;0;0;0;6;1;0;0;0;0;0;0;0;2;0;2;0;0;0;0;131;2;0;0
2023-04-30 00:00:00,000;0;0;0;0;3;0;0;0;1;11;0;0;0;9;0;0;0;0;0;0;0;0;0;0;0;0;0;0;0;0;0;0;0;0;0;0;0;0;0;0;0;1;0;0;0;0;0;0;0;0;0;0;2;3;0;0;0;0;1;0;0;0;0;0;0;75;0;0;0;0;0;0;1;1;0;0;0;0;0;0;0;0;0;0;217;0;0;0;0;0;0;0;0;0;0;0;0;0;0;0;0;0;10;14;0;0;0;0;0;0;0;0;0;1;0;0;0;0;0;0;0;0;19;0;0;0;0;14;0;3;0;0;0;0;0;3;0;0;0;0;0;0;103;5;0;0
2023-05-01 00:00:00,000;0;7;0;0;26;0;1;0;0;6;0;0;0;7;0;0;0;0;0;0;0;0;0;0;0;0;0;0;0;0;0;0;0;0;0;0;0;0;0;0;0;0;0;0;0;0;0;0;0;0;0;0;1;1;0;0;0;0;0;0;0;0;0;0;0;76;0;0;0;0;0;0;6;0;0;0;0;0;0;0;3;0;0;0;203;0;0;0;0;1;0;0;0;0;0;0;0;0;0;0;0;0;3;7;0;0;0;0;0;0;0;0;0;2;0;0;0;1;0;0;0;0;2;0;0;0;7;0;0;1;0;0;6;0;0;1;0;1;0;0;0;0;112;1;0;0
2023-05-02 00:00:00,000;0;6;0;0;3;0;1;0;1;9;0;0;0;13;0;0;4;0;0;0;0;0;0;0;0;0;0;0;0;0;0;0;0;0;0;0;0;0;0;0;0;0;0;0;0;0;0;0;0;0;0;0;16;3;0;1;0;0;0;0;0;0;0;0;0;61;0;0;0;0;0;0;5;0;0;0;3;0;0;1;3;0;0;0;232;0;0;0;0;0;0;0;0;0;0;0;0;0;0;0;0;0;7;3;0;0;0;0;0;0;0;0;0;4;0;0;0;0;0;0;0;0;11;0;0;0;0;3;2;2;0;0;0;0;0;0;0;4;0;0;0;0;119;5;0;0
2023-05-03 00:00:00,000;0;3;0;0;1;0;1;0;0;9;0;0;0;20;0;0;7;0;0;0;0;0;0;0;0;0;0;0;0;0;0;0;0;0;0;0;0;0;0;0;0;1;0;0;0;0;1;0;0;0;0;0;3;0;0;1;0;1;1;0;0;0;0;0;0;57;0;0;0;0;0;0;2;0;0;0;0;0;0;0;1;0;0;0;200;0;0;0;0;0;0;0;0;0;0;0;3;0;0;0;0;0;0;1;0;0;0;0;0;0;0;0;0;10;0;0;0;0;0;0;0;0;6;0;0;0;1;0;0;5;0;0;0;0;0;0;0;0;0;0;0;0;114;1;0;0
2023-05-04 00:00:00,000;0;1;0;0;2;0;2;0;2;5;0;3;0;4;0;0;7;0;0;0;0;0;0;0;0;0;0;0;0;0;0;0;2;0;0;0;0;0;0;0;0;1;0;0;0;0;0;0;0;0;0;0;13;2;0;0;0;0;3;0;0;0;0;0;0;50;0;0;0;0;0;0;2;0;0;0;0;0;0;0;0;0;0;0;182;0;0;0;0;1;0;0;2;0;0;0;0;0;1;2;0;0;3;3;0;0;0;0;0;0;0;0;0;25;1;0;0;0;0;0;0;0;20;0;0;0;0;0;2;5;0;0;0;0;13;3;0;1;0;0;0;0;82;5;0;0
2023-05-05 00:00:00,000;0;1;0;0;1;0;1;0;2;5;0;2;0;6;0;0;4;0;0;0;0;0;0;0;0;0;0;0;0;0;0;0;2;0;0;0;0;0;0;0;0;0;0;0;0;0;0;0;0;0;0;0;7;1;0;0;0;0;5;0;0;0;0;0;0;41;0;0;0;0;0;0;2;0;0;0;0;0;0;0;0;0;0;0;193;0;0;0;0;0;0;0;0;0;4;0;0;0;1;2;0;0;0;4;0;0;0;0;0;0;0;0;0;15;1;0;0;0;0;0;0;0;0;0;0;0;0;0;0;7;0;0;0;0;16;5;0;1;0;0;0;0;70;10;0;0
2023-05-06 00:00:00,000;0;3;0;0;0;0;1;0;0;3;0;1;0;6;0;0;4;0;0;0;0;0;0;0;0;0;0;0;0;0;0;0;1;0;0;0;0;0;0;0;0;0;0;2;0;0;2;0;0;0;0;0;4;2;0;0;0;0;2;0;0;0;0;0;0;67;0;0;0;0;0;0;0;5;0;0;0;0;0;1;4;0;0;0;263;0;0;0;0;0;0;0;0;0;6;0;0;0;0;0;0;0;0;5;0;0;0;0;0;0;0;0;0;20;0;0;0;0;0;0;0;0;3;0;0;0;1;0;0;5;0;0;0;0;4;5;0;1;0;0;0;0;122;5;0;0
2023-05-07 00:00:00,000;0;8;0;0;7;0;3;0;0;3;0;0;0;24;0;0;2;0;0;0;0;0;0;0;0;0;0;0;0;0;0;0;1;0;0;1;0;0;0;0;0;0;0;0;0;0;0;0;0;0;0;0;6;1;0;1;0;3;3;0;0;0;0;0;0;62;0;0;0;0;0;0;6;0;0;0;0;0;0;0;0;0;0;0;258;0;0;0;0;0;0;0;0;0;12;0;2;0;1;7;0;0;0;5;0;0;0;0;0;0;0;0;3;15;0;0;0;0;0;0;0;0;3;0;0;0;2;1;0;6;0;0;0;0;15;4;0;1;7;0;0;0;95;25;0;0
2023-05-08 00:00:00,000;0;3;0;0;1;0;0;0;0;11;0;0;0;18;0;3;7;0;0;0;0;0;0;0;0;0;0;0;0;0;0;0;0;0;0;0;0;0;0;0;0;1;1;2;0;0;0;0;0;0;0;0;5;4;1;0;0;0;1;0;0;0;0;0;0;32;0;0;0;0;0;0;0;0;0;0;0;0;0;4;2;0;0;0;224;0;0;0;0;0;0;0;0;0;18;0;4;0;0;0;0;0;0;2;0;0;0;0;0;0;0;0;0;6;0;0;0;0;0;0;0;0;9;0;0;0;0;0;0;3;0;0;0;0;2;0;0;0;0;0;0;0;101;9;0;0
2023-05-09 00:00:00,000;0;3;0;0;5;0;5;0;0;1;0;0;0;12;0;0;5;0;0;0;0;0;0;0;0;0;0;0;0;0;0;0;0;0;0;0;0;0;0;0;0;1;0;1;0;0;0;0;0;0;0;0;25;3;0;0;0;0;2;0;0;0;0;0;0;32;0;0;0;0;0;0;7;0;0;0;0;0;0;2;1;0;0;0;173;0;0;0;0;0;0;0;0;0;15;0;1;0;0;0;0;0;7;2;0;0;0;0;0;0;0;0;1;11;0;0;0;0;0;0;0;0;11;0;0;0;0;0;4;7;0;0;0;0;4;0;0;0;0;0;0;0;69;4;0;0
2023-05-10 00:00:00,000;0;6;0;2;17;0;0;0;0;5;0;1;0;6;0;0;4;0;0;0;0;0;0;0;0;0;0;0;0;0;0;0;0;0;0;0;0;0;0;0;0;0;0;0;0;0;0;0;0;0;0;0;2;0;0;0;0;3;0;0;0;0;0;0;0;33;0;0;0;0;0;0;3;0;0;0;0;0;0;0;0;0;0;0;139;0;0;0;0;0;0;0;0;0;4;0;0;0;0;0;0;0;0;1;0;0;0;0;0;0;0;0;0;4;0;0;0;0;0;0;0;0;12;0;0;0;0;0;0;1;0;0;0;0;3;2;0;0;0;0;0;0;63;2;0;0
2023-05-11 00:00:00,000;0;5;0;0;6;0;2;0;0;5;0;0;0;18;0;0;6;0;0;0;0;0;0;0;0;0;0;0;0;0;0;0;0;0;0;0;0;0;0;0;0;1;0;4;0;0;0;0;0;0;0;0;23;4;0;0;0;1;0;0;0;0;0;0;0;47;0;0;0;0;0;0;1;0;0;0;0;0;0;4;12;0;0;0;191;0;0;0;0;0;0;0;1;0;2;0;0;0;0;0;0;0;21;5;0;0;0;0;0;0;0;0;0;2;0;0;0;4;0;0;0;0;26;0;0;0;0;1;5;2;0;0;0;0;0;1;0;0;0;0;0;0;71;0;0;0
2023-05-13 00:00:00,000;0;7;0;0;5;0;0;0;0;2;0;0;0;11;0;0;1;0;0;0;0;0;0;0;0;0;0;0;0;0;0;0;0;0;0;0;0;0;0;0;0;0;0;0;0;0;2;0;0;0;0;0;7;0;0;0;0;0;2;0;0;0;0;0;0;54;0;0;0;0;0;0;0;2;0;0;0;0;0;0;1;0;0;0;134;0;0;0;0;0;0;0;1;0;14;0;0;0;1;1;0;0;0;4;0;0;0;0;0;0;0;0;0;5;1;0;0;0;0;0;0;0;22;0;0;0;0;0;0;1;0;0;0;0;3;5;0;2;2;0;0;0;70;4;0;0
2023-05-17 00:00:00,000;0;0;0;0;0;0;0;0;2;10;0;0;0;6;0;0;9;0;0;0;0;0;0;0;0;0;0;0;0;0;0;0;1;0;0;0;0;0;0;0;0;0;5;0;0;0;1;0;0;0;0;0;4;0;0;1;0;0;0;0;0;0;0;0;0;31;0;0;0;0;0;0;1;0;0;0;0;0;0;0;0;0;0;0;127;0;0;0;0;0;0;0;1;0;1;0;0;0;0;0;0;0;0;1;0;0;0;0;0;0;0;0;0;2;0;0;0;0;0;0;0;0;16;0;0;0;0;0;0;9;0;0;0;0;0;0;0;0;0;0;0;0;42;5;0;0
2023-05-20 00:00:00,000;0;4;0;0;0;0;4;0;1;1;0;0;0;10;0;0;3;0;0;0;0;0;0;0;0;0;0;0;0;0;0;0;0;0;0;0;0;0;0;0;0;0;0;0;0;0;0;0;0;0;0;0;0;3;0;0;0;1;0;0;0;0;0;0;0;47;0;0;0;0;0;0;1;3;0;0;0;0;0;3;6;0;0;0;166;0;0;0;0;0;0;0;1;0;4;0;0;0;0;0;0;0;0;3;0;0;0;0;0;0;0;0;0;1;0;2;0;0;0;0;0;0;8;0;0;0;0;0;0;0;0;0;0;0;0;0;0;0;0;0;0;0;97;0;0;0
2023-05-21 00:00:00,000;0;7;0;0;14;0;1;0;0;4;0;0;0;23;0;0;2;0;0;0;0;0;0;0;0;0;0;0;0;0;0;0;0;0;0;0;0;0;0;0;0;0;0;0;0;0;0;0;0;0;0;0;14;2;0;0;0;0;0;0;0;0;0;0;0;1;0;0;0;0;0;0;7;2;0;0;0;0;0;0;0;0;0;0;140;0;0;0;0;0;0;0;0;0;3;0;0;0;0;0;0;0;0;4;0;0;0;0;0;0;0;0;0;2;0;0;0;0;0;0;0;0;6;1;0;0;0;0;0;1;0;0;0;0;0;0;0;5;2;0;0;0;70;13;0;0
2023-05-23 00:00:00,000;0;8;0;0;0;0;2;0;1;3;0;0;0;23;1;0;15;0;0;0;0;0;0;0;0;0;0;0;0;0;0;0;1;0;0;0;0;0;0;0;0;1;0;3;0;0;0;0;0;0;0;0;17;1;0;0;0;1;0;0;0;0;0;0;0;0;0;0;0;0;0;0;15;14;0;0;0;0;0;0;0;0;0;0;282;0;0;0;0;0;0;0;0;0;0;0;0;0;1;0;0;0;0;0;0;0;0;0;0;0;0;0;0;6;0;0;0;0;0;0;0;0;63;0;0;0;0;0;1;0;0;0;0;0;0;33;0;1;0;0;0;0;165;24;0;0
2023-05-24 00:00:00,000;1;5;0;0;5;0;1;0;0;6;0;0;0;8;1;0;4;0;0;0;0;0;0;0;0;0;0;0;0;0;0;0;0;0;0;0;0;0;0;0;3;0;0;0;0;0;0;0;0;0;0;0;15;0;0;0;0;0;2;0;0;0;0;0;0;11;0;0;0;0;0;0;2;0;0;0;0;0;0;6;2;0;0;0;177;0;0;0;0;0;0;0;0;0;5;0;15;0;1;0;0;0;2;4;0;0;0;0;0;0;0;0;0;4;0;0;0;0;0;0;0;0;15;0;0;0;0;0;0;4;0;0;0;0;0;0;0;2;0;0;0;0;75;16;0;0
2023-05-28 00:00:00,000;0;1;0;0;1;0;0;0;0;1;0;0;0;13;0;0;0;0;0;0;0;0;0;0;0;0;0;0;0;0;0;0;0;0;0;0;0;0;0;0;1;0;2;0;0;0;0;0;0;0;0;0;1;3;0;0;0;0;0;0;0;0;0;0;0;0;0;0;0;0;0;0;3;0;0;0;0;0;0;0;0;0;0;0;98;0;0;0;0;0;0;0;0;0;0;0;3;0;1;0;0;0;0;4;0;0;0;0;0;0;0;0;0;3;0;0;0;0;0;0;0;0;46;0;0;0;0;0;0;0;0;0;0;0;0;0;0;0;0;0;0;0;49;9;0;0
2023-05-29 00:00:00,000;0;3;0;0;0;0;0;0;0;4;0;0;0;19;0;0;4;0;0;0;0;0;0;0;0;0;0;0;0;0;0;0;0;0;0;0;0;0;0;0;1;0;0;0;0;0;0;0;0;0;0;0;8;0;0;0;0;0;3;0;0;0;0;0;0;2;8;0;0;0;0;1;0;0;0;0;0;0;0;0;4;0;0;0;146;0;0;0;0;0;0;0;0;0;2;0;3;0;3;0;0;0;0;9;0;0;0;0;0;0;0;0;0;5;0;0;0;1;0;0;0;0;16;0;0;0;0;0;0;7;0;0;0;0;0;4;0;2;0;0;0;0;70;0;0;0
2023-05-31 00:00:00,000;0;4;0;0;1;0;0;0;2;13;0;0;0;49;0;0;5;0;0;0;0;0;0;0;0;0;0;0;0;0;0;0;0;0;0;0;0;0;0;0;0;0;0;0;0;0;1;0;0;0;0;0;12;12;0;0;0;0;5;2;0;0;0;0;0;15;0;0;0;0;0;0;1;1;0;0;0;0;0;0;5;0;0;0;251;0;0;0;0;0;0;0;0;0;7;0;0;1;1;0;0;0;0;15;0;0;0;0;0;0;0;0;0;3;0;0;0;1;0;0;0;0;21;0;0;0;0;0;2;7;0;0;0;0;0;3;0;0;12;0;0;0;142;6;0;0
2023-06-01 00:00:00,000;0;3;0;0;13;0;1;0;0;1;0;0;0;9;0;0;4;0;0;0;0;0;0;0;0;0;0;0;0;0;0;0;0;0;0;0;0;0;0;0;0;0;2;0;0;0;1;0;0;0;0;0;8;1;0;0;0;2;5;0;0;0;0;0;0;28;0;0;3;0;0;0;1;0;0;0;0;0;0;0;1;0;0;0;143;0;0;0;0;0;0;0;0;0;4;0;0;1;1;0;0;0;5;6;0;0;0;0;0;0;0;0;0;2;0;3;0;0;0;0;0;0;5;0;0;0;0;3;1;1;0;0;0;0;0;0;0;0;6;0;0;0;62;8;1;0
2023-06-04 00:00:00,000;0;0;0;0;29;0;0;0;0;0;0;0;0;8;0;0;3;0;0;0;0;0;0;0;0;0;0;0;0;0;0;0;0;0;0;1;0;0;0;0;0;0;0;0;0;0;0;0;0;0;0;1;1;5;0;0;0;0;3;0;0;0;0;0;0;30;0;0;0;0;0;0;0;1;0;0;0;0;0;0;0;0;0;0;170;0;0;0;0;0;0;0;0;0;1;0;0;0;0;0;0;0;0;0;0;0;0;0;0;0;0;0;0;1;0;0;0;0;16;0;0;0;0;1;0;0;0;0;12;1;0;0;0;0;0;7;0;0;1;0;0;0;113;16;43;0
2023-06-06 00:00:00,000;0;2;0;0;4;0;0;0;0;5;0;0;0;14;0;0;2;0;0;0;0;0;0;0;0;0;0;0;0;0;0;0;0;0;0;0;0;0;0;0;0;0;2;0;0;0;1;0;0;0;0;0;3;2;0;0;0;0;6;0;0;0;0;0;0;29;0;0;0;0;0;0;1;0;0;0;0;0;0;3;0;0;0;0;216;1;0;0;0;0;0;0;0;0;1;0;0;0;0;0;0;0;2;0;0;0;0;0;0;0;0;0;0;1;0;0;0;0;10;0;0;0;2;0;0;0;0;11;0;5;0;0;0;0;0;1;0;0;3;0;0;0;130;16;20;0
2023-06-07 00:00:00,000;7;1;0;0;12;0;0;0;3;4;0;0;0;14;0;0;8;0;0;0;0;0;0;0;0;0;0;0;0;0;0;0;0;0;0;0;0;0;0;0;0;0;0;0;0;0;0;0;0;0;0;0;5;4;0;1;1;0;4;0;0;0;0;0;0;33;0;0;0;0;0;0;0;0;0;0;0;0;0;0;0;0;0;0;191;0;0;0;0;0;0;0;0;0;1;0;0;0;0;0;0;0;0;6;0;0;0;0;0;0;0;0;0;0;0;0;0;0;10;0;0;0;0;0;0;0;0;0;0;3;0;0;0;0;0;0;0;0;6;0;0;0;73;4;9;0
2023-06-08 00:00:00,000;0;3;0;0;4;0;1;0;0;8;0;0;0;10;0;1;8;0;0;0;0;0;0;0;0;0;0;0;0;0;0;0;0;0;0;0;0;0;0;0;0;0;2;0;0;0;0;0;0;0;0;0;10;4;0;0;0;0;1;0;0;0;0;0;0;21;0;0;0;0;0;0;1;0;0;0;0;0;0;0;0;0;0;0;173;0;0;0;0;0;0;0;0;0;0;0;0;0;0;0;0;0;0;1;0;0;0;0;0;0;0;0;0;1;0;0;0;0;2;0;0;0;0;0;0;0;0;0;0;1;0;0;0;0;0;3;0;0;2;0;0;0;96;0;12;0
2023-06-11 00:00:00,000;0;1;0;0;1;0;0;0;0;2;0;0;0;11;0;0;5;0;0;0;0;0;0;0;0;0;0;0;0;0;0;0;0;0;0;0;0;0;0;0;0;0;1;0;0;0;0;0;0;0;0;0;0;2;0;4;0;1;1;0;0;0;0;0;0;0;0;0;0;0;0;0;2;0;0;0;0;0;0;0;0;0;0;0;150;0;0;0;0;0;0;0;0;0;9;0;0;0;0;0;0;0;0;2;0;0;0;0;0;0;0;0;0;1;0;0;0;0;12;0;0;0;0;0;0;0;0;0;0;1;0;0;0;0;0;2;0;0;1;0;0;0;107;7;15;0
2023-06-13 00:00:00,000;1;2;0;0;2;0;0;0;0;3;0;0;0;9;0;0;1;0;0;0;0;0;0;0;0;0;0;0;0;0;0;0;3;0;0;0;0;0;0;0;0;0;0;0;0;0;0;0;0;0;0;0;2;3;0;0;0;4;0;0;0;0;0;0;0;47;0;0;0;0;0;0;1;0;0;0;0;0;0;1;0;0;0;0;202;0;0;0;0;0;1;0;0;0;3;0;0;0;0;0;0;0;0;5;0;0;0;0;0;0;0;0;0;6;0;0;0;0;5;0;0;0;0;0;0;0;0;0;3;1;0;0;0;0;0;13;0;0;3;0;0;0;150;2;22;0
2023-06-14 00:00:00,000;0;2;0;0;1;0;0;0;3;2;0;0;0;10;0;4;11;0;0;0;0;0;0;0;0;0;0;0;0;0;0;0;0;0;0;0;0;0;0;0;0;0;0;0;0;0;0;0;0;0;0;0;3;0;0;0;0;5;1;0;0;0;0;0;0;62;0;0;0;0;0;0;1;0;0;0;0;0;0;1;1;0;0;0;240;0;0;0;0;0;0;0;0;0;10;0;0;2;1;0;0;0;0;3;0;0;0;0;0;0;0;0;0;5;1;0;0;0;5;0;0;0;0;1;0;0;0;0;3;0;0;0;0;0;0;2;0;0;2;0;0;0;157;9;0;0
2023-06-18 00:00:00,000;0;2;0;0;0;0;0;0;4;10;0;0;0;9;0;0;0;0;0;0;0;0;0;0;0;0;0;0;0;0;0;0;2;0;0;1;0;0;0;0;0;0;0;0;0;0;0;0;0;0;0;0;0;2;0;0;0;0;3;0;0;0;0;0;0;67;0;0;0;0;0;0;0;4;0;0;0;0;0;0;0;0;0;0;229;0;0;0;0;0;0;0;0;0;1;0;0;0;0;0;1;0;0;11;0;0;0;0;0;0;0;0;0;4;0;0;0;0;11;0;1;0;0;2;0;0;0;0;0;0;0;0;0;0;0;3;0;1;2;0;0;0;112;1;0;0
2023-06-20 00:00:00,000;0;3;0;0;0;0;0;0;0;0;0;0;0;19;0;0;0;0;0;0;0;0;0;0;0;0;0;0;0;0;0;0;0;0;0;0;0;0;0;0;0;1;3;0;0;0;0;0;0;0;0;0;1;5;0;0;0;0;4;0;0;0;0;0;0;35;0;0;0;0;0;0;2;8;0;0;0;0;0;1;0;0;0;0;140;0;0;0;0;0;0;0;0;0;1;0;0;0;0;0;0;0;0;2;0;0;0;0;0;0;0;0;0;6;0;0;0;0;13;0;0;0;0;0;0;0;0;0;0;0;0;0;0;0;0;2;0;0;1;0;0;0;100;0;37;0
2023-06-23 00:00:00,000;0;1;0;0;0;0;0;0;3;0;0;2;0;10;0;0;2;0;0;0;0;0;0;0;0;0;0;0;0;0;0;0;1;0;0;0;0;0;0;0;0;0;0;0;0;0;0;0;0;0;0;0;0;3;0;1;0;2;0;0;0;0;0;0;0;38;0;0;0;0;0;0;1;0;0;0;0;0;0;4;0;0;0;0;171;0;0;0;0;0;0;0;0;1;3;0;0;0;1;0;0;0;0;3;0;0;0;0;0;0;0;0;0;8;0;0;0;0;2;0;0;0;3;0;0;0;0;0;6;2;0;0;0;0;0;2;0;0;1;0;0;0;131;24;35;0
2023-03-07 00:00:00,000;0;18;0;0;12;0;3;0;0;0;0;1;0;30;0;14;4;0;0;0;0;0;0;0;0;0;0;0;0;0;0;0;0;0;0;0;0;1;0;0;0;0;1;5;0;0;8;0;0;0;0;0;49;4;0;1;0;2;1;0;0;0;0;0;0;29;0;0;0;0;0;0;0;0;0;0;0;0;0;4;21;0;0;0;280;0;0;0;0;0;0;0;0;0;0;0;0;0;0;0;0;1;2;1;0;0;0;0;0;0;0;0;0;14;0;0;1;2;0;0;0;0;0;0;0;0;0;0;19;13;0;0;0;0;0;0;0;0;0;0;0;0;163;5;0;39
2023-03-14 00:00:00,000;0;19;0;4;0;0;5;0;0;5;0;0;0;31;0;10;6;0;0;0;0;0;0;0;0;0;0;0;0;0;0;0;0;0;0;1;0;0;2;0;2;0;2;0;0;0;8;0;0;1;0;0;43;8;0;0;0;2;2;0;0;0;0;0;0;26;0;1;0;0;0;0;0;0;0;0;0;0;0;7;10;0;0;0;245;0;0;0;0;0;0;0;0;0;0;0;0;0;0;0;0;0;0;5;0;0;0;0;0;0;0;0;2;3;0;0;0;0;0;0;0;0;12;0;0;0;0;0;12;10;0;0;0;0;0;0;0;1;0;0;0;0;115;4;0;46
2023-01-25 00:00:00,000;0;5;0;0;0;0;0;0;0;5;0;0;0;20;1;0;5;0;0;0;0;0;0;0;0;0;0;0;0;0;0;0;0;0;0;0;0;0;0;0;0;0;3;0;0;0;0;2;0;0;0;3;3;2;0;0;0;4;3;0;0;0;0;0;0;0;0;0;0;0;0;0;11;0;0;0;0;0;0;0;0;0;0;0;186;0;0;0;0;0;0;0;0;0;0;0;0;0;1;0;0;0;0;3;0;7;0;0;0;0;0;0;3;3;0;0;0;0;0;0;1;0;16;1;0;0;0;0;0;4;0;0;0;0;0;7;0;14;0;7;0;0;122;13;0;0
2023-05-12 00:00:00,000;0;2;0;0;1;0;1;0;0;2;0;0;0;16;0;0;5;0;0;0;0;0;0;0;0;0;0;0;0;0;0;0;0;0;0;0;0;0;0;0;0;0;2;0;0;0;1;0;0;0;0;0;5;3;0;4;0;1;4;0;0;0;0;0;0;49;0;0;0;0;0;0;2;0;0;0;0;0;0;0;2;0;0;0;170;0;0;0;0;0;0;0;0;0;0;0;0;0;0;0;0;0;0;1;0;0;0;0;0;0;0;0;0;1;0;0;0;5;0;0;0;0;27;1;0;0;0;0;0;9;0;0;0;0;0;0;0;0;0;5;0;0;69;8;0;0
2023-05-14 00:00:00,000;0;5;0;0;0;0;0;0;1;3;0;0;0;6;0;0;0;0;0;0;0;0;0;0;0;0;0;0;0;0;0;0;0;0;0;0;0;0;0;0;0;0;1;0;0;0;0;0;0;0;0;0;4;0;0;0;0;0;1;0;0;0;0;1;0;49;0;0;0;0;0;0;7;0;0;0;0;0;0;5;1;0;0;0;169;0;0;0;0;0;1;0;0;0;13;0;0;0;1;2;0;0;0;5;0;0;0;0;0;0;0;0;0;1;0;0;0;0;0;0;0;0;11;0;0;0;0;0;0;5;0;0;0;0;1;1;0;0;0;18;0;0;73;5;0;0
2023-05-15 00:00:00,000;3;8;0;0;6;0;0;0;1;3;0;0;0;17;0;0;3;0;0;0;0;0;0;0;0;0;0;0;0;0;0;0;0;0;0;0;0;0;0;0;0;1;1;0;0;0;0;0;0;0;0;0;9;6;0;0;0;2;0;0;0;0;0;0;0;41;0;0;0;0;0;0;1;0;0;0;5;0;0;0;4;0;0;0;200;0;0;0;0;0;0;0;0;0;1;0;0;0;1;0;0;0;1;5;0;0;0;0;0;0;0;0;1;4;0;0;0;0;0;0;0;0;18;0;0;0;0;0;0;5;0;0;0;0;1;0;0;3;3;26;0;0;62;1;0;0
2023-05-16 00:00:00,000;2;8;0;0;2;0;2;0;0;2;0;0;0;17;0;0;6;0;0;0;0;0;0;0;0;0;0;0;0;0;0;0;0;0;0;1;0;0;0;0;0;0;1;0;0;0;0;3;0;0;0;2;15;2;0;2;0;4;6;0;0;0;0;0;0;39;0;0;0;0;0;0;3;0;0;0;4;0;0;0;1;0;0;0;178;0;0;0;0;0;0;0;0;0;8;0;0;0;0;0;0;0;3;2;0;0;0;0;0;0;0;0;0;2;0;0;0;2;0;0;0;0;11;0;0;0;0;1;0;5;0;0;0;0;1;0;0;0;0;10;0;0;61;5;0;0
2023-05-18 00:00:00,000;0;10;0;0;9;0;4;0;0;9;0;0;0;17;0;0;10;0;0;0;0;0;0;0;0;0;0;0;0;0;0;0;0;0;0;0;0;0;0;0;0;0;8;0;0;0;3;0;0;0;0;0;16;4;0;0;0;0;1;0;0;0;0;0;0;33;0;0;0;0;0;0;14;4;0;0;0;0;0;0;5;0;0;0;166;0;0;0;0;0;0;0;0;0;0;0;0;0;2;0;0;0;1;5;3;0;0;0;0;0;0;0;0;1;0;0;0;0;0;0;0;0;6;0;0;0;0;1;2;13;0;0;0;0;0;4;0;2;0;3;0;0;77;1;0;0
2023-05-22 00:00:00,000;0;7;0;0;1;0;0;0;1;1;0;0;0;9;0;0;3;0;0;0;0;0;0;0;0;0;0;0;0;0;0;0;0;0;0;1;0;0;0;0;2;0;0;0;0;0;1;0;0;0;0;8;17;0;0;1;0;0;8;0;0;0;0;0;0;0;0;0;0;0;0;0;3;0;0;0;0;0;0;1;1;0;0;0;117;0;0;0;0;0;0;0;1;0;2;0;3;0;0;0;0;0;0;4;0;0;0;0;0;0;0;0;0;1;0;0;0;0;0;0;0;0;0;0;0;0;0;0;0;3;0;0;0;0;0;7;0;3;1;3;0;0;59;20;0;0
2023-05-25 00:00:00,000;0;2;0;0;3;0;1;0;0;1;0;0;0;22;0;0;13;0;0;0;0;0;0;0;0;0;0;0;0;0;0;0;0;0;0;0;0;0;0;0;0;0;0;0;0;0;0;0;0;0;0;0;23;0;0;0;0;0;3;0;0;0;0;0;0;7;0;0;0;0;0;0;1;0;0;0;0;0;0;0;0;0;0;0;183;0;0;0;0;0;0;0;1;0;5;0;1;0;0;0;0;0;0;0;0;0;0;0;0;0;0;0;0;5;0;0;0;3;0;0;0;0;0;0;0;0;0;2;3;4;0;0;0;0;0;5;0;0;0;1;0;0;82;24;0;0
2023-05-27 00:00:00,000;2;2;0;0;4;0;0;0;0;3;0;0;0;21;0;0;0;0;0;0;0;0;0;0;0;0;0;0;0;0;0;0;2;0;0;0;0;0;0;0;0;0;0;0;0;0;2;0;0;0;0;1;17;2;0;0;0;2;1;0;0;0;0;0;0;8;0;0;0;0;0;0;4;1;0;0;0;0;0;0;1;0;0;0;165;0;0;0;0;0;0;0;1;0;1;0;0;0;3;2;0;0;0;12;0;0;0;0;0;0;0;0;0;2;0;0;0;0;0;0;0;0;24;0;0;0;0;0;1;0;0;0;0;0;0;0;0;2;3;1;0;0;56;15;0;0
2023-05-30 00:00:00,000;1;1;0;0;1;0;1;0;0;3;0;0;0;26;0;0;14;0;0;0;0;0;0;0;0;0;0;0;0;0;0;0;0;0;0;0;0;0;0;0;2;0;9;0;0;0;0;0;0;0;0;0;12;0;0;1;0;2;11;0;0;0;0;0;0;4;0;0;0;0;0;0;4;1;0;0;0;0;0;1;0;0;0;0;221;0;0;0;0;0;0;0;0;0;2;0;0;2;1;0;2;0;0;13;0;0;0;0;0;0;0;0;0;2;0;0;0;4;0;0;0;0;0;0;0;0;0;0;4;5;0;0;0;0;0;12;0;0;21;4;0;0;87;13;0;0
2023-06-02 00:00:00,000;1;5;0;0;1;0;0;0;0;1;0;0;0;12;0;0;8;0;0;0;0;0;0;0;0;0;0;0;0;0;0;0;0;0;0;0;0;0;0;0;0;2;1;0;0;0;2;0;0;0;0;0;5;0;0;0;0;0;0;0;0;0;0;0;0;32;0;0;0;0;0;0;0;0;0;0;0;0;0;0;5;0;0;0;146;0;0;0;0;0;0;0;0;0;7;0;0;2;0;0;0;0;0;0;0;0;0;0;0;0;0;0;0;1;0;0;0;4;0;0;0;0;4;0;0;0;0;5;1;3;0;0;0;0;1;1;0;1;5;5;0;0;69;4;15;0
2023-06-03 00:00:00,000;0;6;0;0;9;0;0;0;2;1;0;0;0;12;0;0;0;0;0;0;0;0;0;0;0;0;0;0;0;0;0;0;0;0;0;0;0;0;0;0;0;0;7;0;0;0;0;0;0;0;0;0;4;1;0;1;1;0;4;0;0;0;0;0;0;21;0;0;0;0;0;0;0;0;0;0;0;0;0;0;0;0;0;0;120;0;0;0;0;0;0;0;0;0;1;0;0;0;0;0;0;0;0;2;0;0;0;0;0;0;0;0;0;1;0;0;0;0;3;0;0;0;6;2;0;0;0;0;9;0;0;0;0;0;1;0;0;1;8;2;0;0;69;14;5;0
2023-06-05 00:00:00,000;0;4;0;0;5;0;0;0;0;0;0;0;0;6;0;0;6;0;0;0;0;0;0;0;0;0;0;0;0;0;0;0;0;0;0;0;0;0;0;0;1;0;7;0;0;0;2;0;0;0;0;0;14;0;0;0;0;0;0;0;0;0;0;0;0;31;0;0;0;0;0;0;1;0;0;0;0;0;0;1;0;0;0;0;194;0;0;0;0;0;0;0;0;0;1;0;0;0;0;0;0;0;0;1;0;0;0;0;0;0;0;0;0;5;0;0;0;0;7;0;0;0;1;0;0;1;0;0;0;0;0;0;0;0;0;1;0;0;0;4;0;0;136;1;10;0
2023-06-09 00:00:00,000;0;5;0;0;2;0;0;0;0;2;0;0;0;7;0;1;6;0;0;0;0;0;0;0;0;0;0;0;0;0;0;0;0;0;0;0;0;0;0;0;0;0;8;0;0;0;6;0;0;0;0;0;4;2;0;0;0;0;3;0;0;0;0;0;0;50;0;0;0;0;0;0;5;5;0;0;0;0;0;0;0;0;0;0;294;0;0;0;0;0;0;0;0;0;1;0;0;0;0;0;0;0;0;5;0;0;0;0;0;0;0;0;0;1;0;0;0;0;15;0;0;0;0;1;0;0;0;0;8;1;0;0;0;0;0;0;0;2;5;2;0;0;145;5;17;0
2023-06-10 00:00:00,000;0;1;0;0;0;0;0;0;0;0;0;0;0;17;0;0;0;0;0;0;0;0;0;0;0;0;0;0;0;0;0;0;0;0;0;0;0;0;0;0;0;0;0;0;0;0;0;0;0;0;3;0;0;2;0;0;0;1;9;0;0;0;0;0;0;55;0;0;0;0;0;0;0;2;0;0;0;0;0;0;0;0;0;0;180;0;0;0;0;0;0;0;0;0;2;0;0;0;0;0;0;0;0;0;0;0;0;0;0;0;0;0;0;0;0;0;0;0;13;0;0;0;0;0;0;0;0;0;1;5;0;0;0;0;0;1;0;0;5;2;0;0;114;10;15;0
2023-06-12 00:00:00,000;0;4;0;0;7;0;0;0;0;1;0;0;0;21;0;0;0;0;0;0;0;0;0;0;0;0;0;0;0;0;0;0;0;0;0;0;0;0;0;0;0;0;2;0;0;0;0;0;0;0;1;2;3;1;0;0;0;0;4;0;0;0;0;0;0;13;0;0;0;0;0;0;0;0;0;0;0;0;0;2;0;0;0;0;177;0;0;0;0;0;0;0;0;0;2;0;0;0;1;0;0;0;0;1;0;0;0;0;0;0;0;0;0;1;0;0;0;0;12;0;0;0;1;0;0;0;0;0;1;2;0;0;0;0;0;1;0;0;2;5;0;0;102;6;16;0
2023-06-15 00:00:00,000;0;0;0;0;7;0;0;0;1;0;0;0;0;6;0;0;6;0;0;0;0;0;0;0;0;0;0;0;0;0;0;0;0;0;0;0;0;0;0;0;0;0;0;0;0;0;0;0;0;0;0;0;0;6;0;1;0;1;0;0;0;0;0;0;0;46;0;0;0;0;0;0;0;5;0;0;0;0;0;0;0;0;0;0;217;0;0;0;0;0;0;0;15;0;0;0;0;3;0;0;1;0;0;2;0;0;0;0;0;0;0;0;0;4;0;0;0;0;1;0;0;0;0;0;0;0;0;0;2;2;0;0;0;0;0;11;0;0;2;6;0;0;145;2;27;0
2023-06-16 00:00:00,000;0;1;0;0;0;0;0;0;2;9;0;0;0;0;0;0;0;0;0;0;0;0;0;0;0;0;0;0;0;0;0;0;0;0;0;0;0;0;0;0;0;0;0;0;0;0;0;0;0;0;0;0;3;2;0;0;0;2;0;0;0;0;0;0;0;23;0;0;0;0;0;0;0;9;0;0;0;0;0;0;0;0;0;0;128;0;0;0;0;0;0;0;0;1;1;0;0;7;0;0;0;0;0;3;0;0;0;0;0;0;0;0;0;4;0;0;0;0;0;0;0;0;0;0;0;0;0;0;0;0;0;0;0;0;0;0;0;0;1;4;0;0;59;0;12;0
2023-06-17 00:00:00,000;0;0;0;0;0;0;0;0;5;7;0;0;0;5;0;0;0;0;0;0;0;0;0;0;0;0;0;0;0;0;0;0;0;0;0;0;0;0;0;0;0;0;0;0;0;0;0;0;0;0;0;3;1;0;0;0;0;0;2;0;0;0;0;0;0;40;0;0;0;0;0;0;0;2;0;0;0;0;0;0;0;0;0;0;158;0;0;0;0;0;0;0;0;0;1;0;0;0;0;0;0;0;0;5;0;0;0;0;0;0;0;0;0;1;0;0;0;0;3;0;0;0;0;0;0;0;0;0;0;0;0;0;0;0;0;0;0;0;0;1;0;0;72;0;13;0
2023-06-19 00:00:00,000;0;0;0;0;0;0;2;0;0;1;0;0;0;3;0;0;0;0;0;0;0;0;0;0;1;0;0;0;0;0;0;0;3;0;0;0;0;0;0;0;0;0;0;0;0;0;0;0;0;0;0;0;0;0;0;1;0;0;9;0;0;0;0;0;0;63;0;0;0;0;0;0;0;11;0;0;0;0;0;3;0;0;0;0;179;1;0;0;0;0;0;0;2;0;1;0;0;0;0;0;0;0;0;0;0;0;0;0;0;0;0;0;0;0;0;0;0;0;9;0;0;0;0;0;0;0;0;0;0;1;0;0;0;0;0;0;0;0;0;3;0;0;108;0;17;0
2023-06-21 00:00:00,000;0;2;0;0;3;0;2;0;0;0;0;0;0;5;0;0;6;0;0;0;0;0;0;0;0;0;0;0;0;0;0;0;0;0;0;0;0;0;0;0;0;0;6;0;0;0;1;0;0;0;3;0;1;3;0;0;1;0;3;0;0;0;0;0;0;46;0;0;0;0;0;0;1;0;0;0;0;0;0;0;0;0;0;0;202;0;0;0;0;0;0;0;0;0;5;0;0;0;0;0;0;0;0;0;0;0;0;0;0;0;0;0;0;2;0;0;0;0;11;0;0;0;0;0;0;0;0;0;0;0;0;0;0;0;0;4;0;0;2;3;0;0;122;4;23;0
2023-06-22 00:00:00,000;0;0;0;0;1;0;0;0;1;0;0;0;0;3;0;0;1;0;0;0;0;0;0;0;0;0;0;0;0;0;0;0;0;0;0;0;0;0;0;0;0;0;2;0;0;0;0;0;0;0;0;0;0;2;0;0;0;0;0;0;0;0;0;0;0;40;0;1;0;0;0;0;0;0;0;0;0;0;0;0;0;0;0;0;114;0;0;0;0;0;0;0;1;0;1;0;0;0;0;0;1;0;0;0;0;0;0;0;0;0;0;0;0;1;0;0;0;0;2;0;0;0;0;0;0;0;0;0;0;2;0;0;0;0;0;2;0;0;2;2;0;0;57;2;1;0
2023-06-24 00:00:00,000;0;2;0;0;0;0;0;0;12;2;0;0;0;9;0;0;11;0;0;0;0;0;0;0;0;0;0;0;0;0;0;0;0;0;0;0;0;0;0;0;0;0;0;0;0;0;5;0;0;0;0;0;5;1;0;0;0;0;5;0;0;0;0;0;0;25;0;0;0;0;0;0;3;0;0;0;0;0;0;0;0;0;0;0;209;0;0;0;0;0;0;0;0;0;1;0;0;0;3;0;0;0;0;13;0;0;0;0;0;0;0;0;0;4;0;0;0;0;0;0;0;0;0;0;0;0;0;0;3;1;0;0;0;0;0;0;0;0;0;2;0;0;104;19;9;0
2022-10-19 00:00:00,000;0;1;0;0;5;0;3;0;0;2;0;3;0;24;0;5;8;0;0;0;0;0;0;0;0;0;0;0;0;0;0;0;0;0;0;0;0;0;0;0;0;0;11;0;0;0;2;0;0;0;0;0;4;0;4;2;0;1;0;0;0;0;0;0;0;33;0;2;1;0;0;0;0;0;0;0;0;0;0;0;0;0;0;0;247;0;0;0;0;0;0;0;0;0;0;0;0;0;0;0;0;0;0;0;0;0;0;0;0;0;0;0;0;8;0;0;0;0;0;0;0;0;16;0;0;0;0;0;0;0;0;0;0;19;0;0;0;0;0;0;0;0;102;0;0;0
2022-10-20 00:00:00,000;0;2;0;0;6;0;0;0;0;3;0;3;0;8;0;0;8;0;0;4;0;0;0;0;0;0;0;0;0;0;0;0;0;0;0;0;0;0;0;0;0;0;3;0;0;0;2;0;0;0;0;0;0;0;2;0;0;0;0;0;0;0;0;0;0;18;0;1;1;0;0;0;0;2;0;0;0;0;0;0;0;0;0;0;174;0;0;0;0;0;0;0;1;0;0;0;0;0;0;0;0;0;0;0;0;0;0;0;0;0;0;0;0;11;0;0;0;0;0;0;0;0;3;0;0;0;0;0;0;0;0;0;0;20;0;1;0;0;0;0;0;0;82;5;0;0
2022-10-21 00:00:00,000;0;0;0;0;0;0;0;0;0;2;0;0;0;4;0;3;4;0;0;5;0;0;0;0;0;0;0;0;0;0;0;0;0;0;0;0;0;0;0;0;0;0;2;0;0;0;0;0;0;0;0;0;5;0;0;1;0;1;1;0;0;0;0;0;0;21;0;0;0;0;0;0;0;1;0;0;0;0;0;1;0;0;0;0;150;0;0;0;0;0;0;0;0;0;0;0;0;0;1;0;0;0;0;3;0;0;0;0;0;0;0;0;0;2;0;0;0;0;0;0;0;0;0;0;0;0;0;0;0;0;0;0;0;19;0;1;0;0;0;0;0;0;61;0;0;0
2022-10-22 00:00:00,000;0;5;0;0;0;0;0;0;0;9;0;0;0;4;0;3;0;0;0;8;0;0;0;1;0;0;0;0;0;0;0;0;0;0;0;0;0;0;0;0;0;0;0;0;0;0;0;0;0;0;0;0;3;1;0;1;0;0;2;0;0;0;2;0;0;50;0;0;0;0;0;0;1;0;0;0;0;0;0;0;0;0;0;0;239;0;0;0;0;0;0;0;0;0;0;0;0;0;2;0;0;0;0;27;0;0;0;0;0;0;0;0;0;2;0;0;0;0;0;0;0;0;0;1;0;0;0;0;0;0;0;0;0;24;0;0;0;0;0;0;0;0;168;8;0;0
2022-10-23 00:00:00,000;0;1;0;0;5;0;0;0;0;3;0;0;0;8;0;0;5;0;0;21;0;0;0;1;0;0;0;0;0;0;0;0;2;0;0;0;0;0;0;0;0;0;0;1;0;0;0;0;0;0;0;0;8;0;0;2;0;2;1;0;2;0;0;0;0;36;0;0;0;0;0;0;0;1;0;0;0;0;0;0;0;0;0;0;221;1;0;0;0;0;0;0;1;0;0;0;0;0;0;0;0;2;0;5;0;0;0;0;0;0;0;0;0;8;0;0;0;0;0;0;0;0;0;0;0;0;0;0;0;0;0;0;0;18;0;1;0;0;0;0;0;0;98;7;0;0
2022-10-24 00:00:00,000;0;4;0;0;12;0;0;0;0;8;0;11;0;31;0;0;3;0;0;4;0;0;0;0;0;0;0;0;0;0;0;0;0;0;0;0;0;0;0;0;0;0;1;0;0;0;0;0;0;0;0;0;3;4;0;1;0;0;0;0;0;0;0;0;0;52;0;0;0;0;0;0;0;1;0;0;0;0;0;0;0;0;0;0;354;0;0;0;0;0;0;0;0;0;0;0;0;0;0;0;0;0;0;7;0;0;0;0;0;0;0;0;0;29;0;0;0;0;0;0;3;0;2;0;0;0;0;0;0;0;0;0;0;15;0;30;0;0;0;0;0;0;175;4;0;0
2022-10-25 00:00:00,000;0;0;0;0;2;0;0;0;0;0;0;0;0;8;0;2;0;0;0;5;0;0;0;0;0;0;0;0;0;0;0;0;0;0;0;0;0;0;0;0;0;0;0;0;0;0;0;0;0;0;0;0;2;4;1;2;0;0;3;0;0;0;0;0;0;35;0;0;2;0;0;0;0;0;0;0;0;0;0;0;0;0;0;0;204;0;0;0;0;0;0;0;0;0;0;0;0;0;3;0;0;0;0;0;0;0;0;0;0;0;0;0;0;1;0;0;0;0;0;0;0;0;0;0;0;0;0;0;0;0;0;0;0;52;0;0;0;0;0;0;0;0;117;0;0;0
2022-10-26 00:00:00,000;0;0;1;0;4;0;6;0;0;8;0;2;0;24;0;2;7;0;0;0;0;0;0;0;0;0;1;0;0;0;0;0;1;0;0;0;0;0;0;0;0;0;7;0;0;0;1;0;0;0;0;0;8;5;0;0;0;1;4;1;0;0;0;0;0;18;0;1;0;0;0;0;0;0;0;0;0;0;0;0;0;0;0;0;288;0;0;0;0;0;0;0;0;0;0;0;0;0;2;0;0;1;0;0;0;0;0;0;0;0;0;22;0;7;0;0;1;0;0;0;0;0;0;0;0;0;0;3;0;2;0;0;0;7;0;2;0;0;0;0;0;0;146;12;0;0
2022-11-05 00:00:00,000;0;0;0;0;1;0;0;0;0;3;0;0;0;10;0;0;0;0;0;0;0;0;0;0;0;0;0;0;0;0;0;0;0;0;0;0;0;0;0;0;0;0;0;0;0;0;0;0;0;0;0;0;3;7;2;1;0;2;4;0;0;0;0;0;0;30;0;0;4;0;0;0;0;0;0;0;0;0;0;2;0;0;0;0;307;0;0;0;0;3;0;0;0;0;0;0;0;0;6;0;0;0;0;1;0;0;0;0;0;0;0;0;0;0;0;0;0;0;0;0;0;0;18;6;0;0;0;0;0;0;0;0;0;13;0;0;0;0;0;0;0;0;165;12;0;0
2022-11-27 00:00:00,000;0;0;0;0;0;0;2;0;1;3;0;0;0;7;0;0;0;0;0;0;0;0;0;0;0;0;0;0;0;0;0;0;0;0;0;1;0;0;0;0;0;0;0;0;0;0;0;0;0;0;0;0;2;3;4;1;0;1;3;0;0;0;0;0;0;61;0;0;2;0;0;0;0;0;0;0;0;0;0;2;0;0;0;0;319;0;0;0;0;0;0;0;0;0;0;0;0;0;3;0;0;0;0;2;0;0;0;0;0;0;0;1;0;0;0;0;0;2;0;0;0;0;63;0;0;0;0;0;0;1;0;0;0;7;0;4;0;0;0;0;0;0;129;10;0;0
2022-11-28 00:00:00,000;1;0;0;0;2;0;0;0;0;1;0;0;0;10;0;0;0;0;0;0;0;0;0;0;0;0;0;0;0;0;0;0;0;0;0;0;2;0;0;0;0;0;0;0;0;0;0;0;0;0;0;0;5;2;3;0;0;0;0;0;0;0;0;0;0;53;0;0;2;0;0;0;0;0;0;0;0;0;0;0;0;0;0;0;249;0;0;0;0;0;0;0;0;0;0;0;0;0;0;0;0;0;0;1;0;0;0;0;0;0;0;0;0;1;0;0;0;0;0;0;0;0;13;0;0;0;0;0;0;1;0;0;0;17;0;0;0;0;0;0;0;0;105;2;0;0
2022-11-29 00:00:00,000;0;5;0;0;0;0;1;0;0;4;0;0;0;18;0;0;3;0;0;0;0;0;0;0;0;0;0;0;0;0;0;0;1;0;0;0;0;0;0;0;0;0;1;0;0;0;0;0;0;0;0;0;11;1;4;0;0;2;3;0;3;0;0;0;0;1;0;0;0;0;0;0;0;0;0;0;0;0;0;3;0;0;0;0;314;0;0;0;0;0;0;0;1;0;0;0;0;0;4;0;0;1;0;8;0;0;0;0;0;0;0;0;0;5;0;0;0;0;0;0;0;0;82;2;0;0;0;0;2;3;0;0;0;17;0;2;0;0;0;0;0;5;134;24;0;0
2022-12-01 00:00:00,000;0;0;0;0;0;0;0;0;0;0;0;0;0;12;4;0;7;0;0;0;0;0;5;0;0;0;0;0;0;0;0;0;0;0;0;0;0;0;0;0;1;0;1;0;0;0;0;0;0;0;0;0;13;4;3;2;0;0;3;0;0;0;0;0;0;28;0;1;0;0;0;0;0;1;0;0;0;0;0;2;0;0;0;0;151;0;0;0;0;0;0;0;0;0;0;0;0;0;2;0;0;0;0;0;0;0;0;0;0;0;0;0;0;4;0;0;0;0;0;0;0;0;36;0;0;0;0;0;1;3;0;0;0;25;0;0;0;0;0;0;0;0;92;7;0;0
2022-12-03 00:00:00,000;0;0;0;0;0;0;0;0;0;3;0;0;0;11;2;0;2;0;0;0;0;0;0;0;0;0;0;0;0;0;0;0;0;0;0;0;0;0;0;0;1;0;1;0;0;0;0;0;0;0;0;0;2;5;3;0;0;1;1;0;1;0;0;0;0;65;0;0;0;0;0;0;4;1;0;0;0;2;0;2;0;0;0;0;319;0;0;0;0;0;0;0;1;0;0;0;0;0;0;0;0;0;0;2;0;0;0;0;0;0;0;1;0;0;0;0;0;0;0;0;0;0;14;1;0;0;0;0;0;0;0;0;0;34;0;0;0;0;0;0;0;0;123;0;0;0
2022-12-04 00:00:00,000;0;1;0;0;0;0;0;0;0;7;0;0;0;4;0;0;0;0;0;0;0;0;0;0;0;0;0;0;0;0;0;0;0;0;0;0;0;0;0;0;0;0;0;0;0;0;0;0;0;0;0;0;1;1;2;2;0;0;1;0;0;0;0;0;0;33;0;0;0;0;0;0;0;0;0;0;0;0;0;2;0;0;0;0;161;0;0;0;0;0;0;0;0;0;0;0;0;0;0;0;0;0;0;4;0;0;0;0;0;0;0;0;0;1;0;0;0;0;0;0;0;0;0;0;0;0;0;0;0;2;0;0;0;45;0;0;0;0;0;0;0;0;88;0;0;0
2022-12-06 00:00:00,000;0;0;0;0;1;0;0;0;0;0;0;6;0;6;0;0;5;0;0;0;0;0;0;0;0;0;0;0;0;0;0;0;0;0;0;4;0;0;0;0;0;0;0;0;0;0;0;0;0;0;0;0;2;6;0;1;0;0;1;0;0;0;0;0;0;21;0;0;0;0;0;0;0;0;0;0;0;0;0;5;0;0;0;0;291;0;0;0;0;0;0;0;0;0;0;0;0;0;0;0;0;0;0;2;0;0;0;0;0;0;0;0;0;11;0;0;0;0;0;0;0;0;52;0;0;0;0;0;0;1;0;0;0;42;0;0;0;0;0;0;0;0;176;1;0;0
2022-12-08 00:00:00,000;0;1;0;0;2;0;0;0;0;6;0;0;0;7;0;0;0;0;0;0;0;1;0;0;0;14;0;0;0;0;0;0;0;0;0;0;0;0;0;0;0;0;0;0;0;0;0;0;0;0;0;0;0;3;0;1;0;26;4;0;0;0;0;0;0;35;0;0;0;0;0;0;0;0;0;0;0;0;0;1;0;0;0;0;260;0;0;0;0;0;0;0;0;0;0;0;0;0;2;0;0;0;0;1;0;0;0;0;0;0;0;0;0;6;1;0;0;0;0;0;0;0;36;0;0;0;0;0;0;4;2;0;0;30;0;0;0;0;0;0;0;0;107;2;0;0
2022-12-09 00:00:00,000;0;3;11;0;0;0;0;0;0;0;0;5;0;11;12;0;0;0;0;0;0;0;0;0;0;0;0;0;0;0;0;0;1;0;0;0;0;0;0;0;1;0;0;0;0;0;0;0;0;0;0;0;0;3;0;1;0;1;1;0;0;0;0;0;0;43;0;0;1;0;0;0;0;3;0;0;0;0;0;2;0;0;0;0;343;0;0;0;0;0;0;0;0;0;0;0;0;0;0;0;0;1;0;0;0;0;0;0;0;0;0;1;0;10;0;0;0;0;0;0;0;0;15;0;0;0;0;0;0;1;0;0;0;37;0;7;0;0;0;0;0;0;193;2;0;0
2022-12-10 00:00:00,000;0;2;4;0;0;0;0;0;0;1;0;0;0;9;0;0;0;0;0;0;0;0;0;0;0;0;0;0;0;0;0;0;2;0;0;2;0;0;0;0;0;0;0;0;0;0;0;0;0;0;0;0;0;6;0;0;0;0;0;0;0;0;0;0;0;31;0;0;0;0;0;0;0;3;0;0;0;0;0;1;0;0;0;0;241;0;0;0;0;0;0;0;1;0;0;0;0;0;0;0;0;0;0;0;0;0;0;0;0;0;0;0;0;0;0;0;0;0;0;0;0;0;42;0;0;0;0;0;0;2;0;0;0;45;0;0;0;0;0;0;0;0;93;0;0;0
2022-12-11 00:00:00,000;0;4;0;0;0;0;0;0;0;4;0;0;0;3;1;0;1;0;0;0;0;0;0;0;0;0;0;0;0;0;0;0;0;0;0;0;0;0;0;0;0;0;0;0;0;0;0;0;0;0;0;0;2;1;0;0;0;0;0;0;1;0;0;0;0;52;0;0;0;0;0;0;0;1;0;0;0;0;0;0;0;0;0;0;285;0;0;0;0;0;0;0;0;0;0;0;0;0;1;0;0;0;0;4;0;0;0;0;0;0;0;0;0;0;0;0;0;0;0;0;2;0;10;0;0;0;0;0;0;4;0;0;0;27;0;1;0;0;0;0;0;0;90;7;0;0
2022-11-21 00:00:00,000;2;6;0;0;1;0;0;0;0;3;0;0;0;13;0;0;4;0;0;0;0;0;0;0;0;0;0;0;0;0;0;0;1;0;0;0;0;0;0;0;0;0;1;0;0;0;0;0;0;0;0;0;10;2;3;3;0;0;5;1;1;0;0;1;0;49;0;0;0;0;0;0;0;0;0;0;0;0;0;0;0;0;0;0;341;0;0;0;0;0;0;0;0;0;0;0;0;0;1;0;0;0;0;1;0;0;0;0;0;0;0;0;0;7;0;0;0;0;0;0;1;0;28;0;0;0;0;0;0;0;0;12;0;0;0;1;0;0;0;0;0;0;144;6;0;0
2022-11-24 00:00:00,000;3;2;0;0;2;0;1;0;0;3;0;0;0;22;0;11;6;0;0;0;0;0;0;0;0;0;0;0;0;0;0;0;0;0;0;0;0;0;0;0;0;0;2;0;0;0;1;0;0;0;0;0;6;0;8;0;0;0;2;1;0;0;0;0;0;60;0;0;0;0;0;0;0;0;0;0;0;0;0;3;0;0;0;0;308;0;0;0;0;0;0;0;0;0;0;0;0;0;0;0;0;0;0;1;0;0;0;0;0;0;0;0;0;1;0;0;1;0;0;0;0;0;51;0;0;0;0;0;0;1;0;1;0;0;0;0;0;0;0;0;0;0;162;2;0;0
2022-11-30 00:00:00,000;0;3;0;0;0;0;1;0;0;1;0;0;0;9;20;3;0;0;0;0;0;0;0;0;0;0;0;0;0;0;0;0;0;0;0;0;0;0;0;0;2;0;3;0;0;0;0;0;0;0;0;0;4;1;5;0;0;2;2;0;0;0;0;0;0;46;0;0;0;0;0;0;0;0;0;0;0;0;0;1;0;0;0;0;208;0;0;0;0;0;0;0;0;0;0;0;0;0;8;0;0;0;0;0;0;0;0;0;0;0;0;1;0;5;0;0;0;2;0;0;0;0;19;1;0;0;0;0;4;7;0;15;0;22;0;0;0;0;0;0;1;0;98;2;0;0
2022-12-02 00:00:00,000;0;1;0;0;1;0;4;0;0;1;0;0;0;7;0;0;3;0;0;0;0;0;0;0;0;0;0;0;0;0;0;0;0;0;0;11;0;0;0;0;1;0;1;0;0;0;0;0;0;0;0;0;2;5;3;0;0;0;0;1;0;0;0;0;0;47;0;0;0;0;0;0;0;0;0;0;0;0;0;1;0;0;0;0;181;0;0;0;0;0;0;0;0;0;0;0;0;0;0;0;0;0;0;0;0;0;0;0;0;0;0;0;0;1;0;0;0;0;0;0;0;0;25;0;0;0;0;0;3;0;0;10;0;6;0;3;0;0;0;0;0;0;69;8;0;0
2022-12-05 00:00:00,000;0;3;0;0;0;0;1;0;1;8;0;0;0;17;1;0;3;0;0;0;0;0;0;0;0;0;0;0;0;0;0;0;0;0;0;0;0;0;0;0;0;0;1;0;0;0;1;0;0;0;0;0;9;11;0;0;0;0;1;0;0;0;0;0;0;30;0;0;0;0;0;0;1;0;0;0;0;0;0;0;0;0;0;0;247;0;0;0;0;0;0;0;0;0;0;0;0;0;1;0;0;0;0;3;0;0;0;0;0;0;0;0;0;10;0;0;0;0;0;0;0;0;34;0;0;0;0;0;1;3;0;7;0;19;0;0;0;0;0;0;0;0;147;2;0;0
2022-12-07 00:00:00,000;0;2;0;0;0;0;0;0;0;9;0;1;0;6;2;0;0;0;0;0;0;0;0;0;0;0;0;0;0;0;0;0;0;0;0;0;0;0;0;0;1;0;0;0;0;0;0;0;0;0;0;0;3;1;1;0;0;0;1;0;0;0;0;0;0;17;0;0;0;0;0;0;0;0;0;0;0;0;0;1;0;0;0;0;172;0;0;0;0;0;0;0;0;0;0;0;0;0;0;0;0;0;0;1;0;0;0;0;0;0;0;0;0;13;0;0;0;0;0;0;2;0;14;0;0;0;0;0;0;0;0;2;0;16;0;7;0;0;0;0;0;0;97;1;0;0
2022-12-12 00:00:00,000;0;0;2;0;4;0;2;0;0;2;0;1;0;10;2;0;4;0;0;0;0;0;0;0;0;0;0;0;0;0;0;0;1;0;0;0;0;0;0;0;2;0;0;0;0;0;0;0;0;0;0;0;5;1;5;2;0;0;0;0;0;0;0;0;0;33;0;0;0;0;0;0;0;2;0;0;0;0;0;2;0;0;0;0;270;0;0;0;0;0;0;0;0;0;0;0;0;0;0;0;0;0;0;8;0;0;0;0;0;0;0;0;0;5;0;0;0;0;0;0;0;0;23;0;0;0;0;0;5;23;0;14;0;0;0;5;0;0;0;0;0;0;90;5;0;0
2022-12-14 00:00:00,000;0;0;0;0;0;0;0;0;0;0;0;0;0;3;1;0;6;0;0;0;0;0;0;0;0;0;0;0;0;0;0;0;0;0;0;0;0;0;0;0;2;0;2;0;0;0;0;0;0;0;0;0;0;5;1;0;0;0;1;0;0;0;0;0;0;37;0;0;1;0;0;0;0;1;0;0;0;0;0;2;0;0;0;0;228;0;0;0;0;0;0;0;1;0;0;0;0;0;0;0;0;0;0;5;0;0;0;0;0;0;0;0;0;1;0;0;0;4;0;0;0;0;10;0;0;0;0;0;5;1;0;18;0;0;0;0;0;0;0;0;0;0;105;0;0;0
2022-12-19 00:00:00,000;0;6;0;0;1;0;0;0;0;4;0;0;0;13;0;0;0;0;0;0;0;0;0;0;0;0;0;0;0;0;0;0;0;0;0;0;0;0;0;0;0;0;0;0;0;0;0;0;0;0;0;0;0;4;1;0;0;0;0;0;0;0;0;0;0;39;0;0;0;0;0;0;5;0;0;0;0;0;0;0;0;0;0;0;315;0;0;0;0;0;0;0;0;0;0;0;0;0;0;0;0;0;0;7;0;0;0;0;0;0;0;1;0;0;0;0;0;0;0;0;0;0;75;1;0;0;0;0;3;3;0;5;0;0;0;0;0;0;0;0;0;0;130;3;0;0
2023-01-11 00:00:00,000;0;1;0;0;1;0;0;0;0;3;0;0;0;3;0;0;3;0;0;0;0;0;0;0;0;0;0;0;0;0;0;0;1;0;0;0;0;0;4;0;0;0;0;0;0;0;0;0;0;0;0;0;0;3;5;0;0;0;1;0;0;0;0;0;0;21;0;0;0;0;0;0;6;0;0;0;4;0;0;4;0;0;0;0;302;0;0;0;0;0;0;0;1;0;0;0;0;0;0;0;0;0;0;1;0;0;0;0;0;0;0;0;0;6;0;0;0;0;0;0;0;0;1;0;0;0;0;0;2;5;0;8;0;0;0;0;0;4;0;0;0;0;155;1;0;0
2023-01-13 00:00:00,000;0;1;0;0;2;0;0;0;0;0;0;0;0;1;0;0;6;0;0;0;0;0;0;0;0;0;0;0;0;0;0;0;1;0;0;0;0;0;0;0;0;0;0;0;0;0;0;0;0;0;0;0;0;6;3;0;0;0;2;0;0;0;0;0;0;32;0;0;2;0;0;0;4;0;0;0;0;0;0;0;0;0;0;0;306;0;0;0;0;0;0;0;0;0;0;0;0;0;1;0;0;0;0;1;0;0;0;0;0;0;0;0;0;2;0;0;0;0;0;0;0;0;1;0;0;0;0;0;0;1;0;1;3;0;0;32;0;4;0;0;0;0;133;12;0;0
2023-01-15 00:00:00,000;0;0;0;0;0;0;0;0;0;1;0;0;0;18;0;0;0;0;0;0;0;0;0;0;0;0;0;0;0;0;0;0;0;0;0;0;0;0;0;0;0;0;0;0;0;0;0;0;0;0;0;0;0;2;2;0;0;0;1;0;0;0;0;0;0;1;0;0;0;0;0;0;7;0;0;0;0;0;0;3;0;0;0;0;237;0;0;0;0;0;0;0;1;0;0;0;0;0;1;0;0;0;0;0;0;1;0;0;0;0;0;0;0;1;0;0;0;1;0;0;0;0;1;0;0;0;0;0;0;1;0;1;0;0;0;0;0;3;0;0;0;0;166;15;0;0
2023-01-16 00:00:00,000;0;0;0;0;0;0;0;0;1;4;0;0;0;4;0;0;0;0;0;0;0;0;0;0;0;0;0;0;0;0;0;0;2;0;0;0;0;0;0;0;0;0;0;0;0;0;1;0;0;0;0;0;0;2;0;0;0;1;0;0;0;0;0;0;0;0;0;0;0;0;0;0;9;0;0;0;2;0;0;5;0;0;0;0;180;0;0;0;0;0;0;0;2;0;0;0;0;0;0;0;0;0;0;2;0;0;0;0;0;0;0;0;0;0;0;0;0;0;0;0;0;0;0;0;0;0;0;0;0;0;0;3;0;0;0;6;0;20;0;0;0;0;115;3;0;0
2023-01-18 00:00:00,000;0;0;0;0;1;0;3;0;0;7;0;0;0;26;0;0;2;0;0;0;0;0;0;0;0;0;0;0;0;0;0;0;1;0;0;1;0;0;0;0;0;0;0;0;0;0;0;0;0;0;0;0;3;2;0;2;0;1;7;0;0;0;0;0;0;0;0;0;0;0;0;7;18;0;0;0;0;0;0;2;0;0;0;1;271;0;0;0;0;0;0;0;0;0;0;0;0;0;2;0;0;0;0;4;0;2;0;0;0;0;0;0;0;2;0;0;0;5;0;0;0;0;23;0;0;0;0;0;4;4;0;19;0;0;0;0;0;8;0;0;0;0;150;27;0;0
2023-01-19 00:00:00,000;0;1;0;0;30;0;1;0;0;0;0;0;0;18;0;0;4;0;0;0;0;0;0;0;0;0;0;0;0;0;0;0;0;0;0;0;0;0;2;0;0;0;1;0;0;0;0;0;0;0;0;0;1;0;4;4;0;5;18;0;0;0;0;0;0;0;0;0;0;0;0;0;9;0;0;0;14;0;0;2;0;0;0;0;258;0;0;0;0;0;0;0;2;0;0;0;1;0;0;0;0;1;0;0;0;0;0;0;0;0;0;0;0;3;0;0;0;0;0;0;0;0;38;0;0;0;0;0;1;5;0;2;0;0;0;3;0;4;0;0;0;0;211;10;0;0
2023-01-20 00:00:00,000;0;0;0;0;12;0;0;0;0;0;0;0;0;19;0;0;0;0;0;0;0;0;0;0;0;0;0;0;0;0;0;0;0;0;0;0;0;0;0;0;1;0;5;0;0;0;0;0;0;0;0;0;0;0;0;0;0;0;0;0;0;0;0;0;0;0;0;0;0;0;0;0;11;1;0;0;0;0;0;0;0;0;0;0;151;0;0;0;0;0;0;0;0;0;0;0;0;0;0;0;0;0;0;2;0;0;0;0;0;0;0;0;3;0;0;0;0;0;0;0;0;0;0;0;0;0;0;0;6;0;0;1;0;0;0;10;0;9;0;0;0;0;84;7;0;0
2023-01-23 00:00:00,000;0;1;0;0;0;0;0;0;0;7;0;0;0;31;0;0;2;0;0;0;0;0;0;0;0;0;0;0;0;0;0;0;0;0;0;2;0;0;1;0;0;0;8;0;0;0;4;0;0;0;0;1;6;4;4;1;0;0;2;0;0;0;0;0;0;0;0;0;0;0;0;0;25;0;0;0;4;0;0;0;0;0;0;0;178;0;0;0;0;0;0;0;0;0;0;0;4;0;0;0;0;0;0;0;0;1;0;0;0;0;0;0;1;2;0;0;0;0;0;0;0;0;46;0;0;0;0;0;1;2;0;2;0;0;0;5;0;11;0;0;0;0;83;6;0;0
2023-01-27 00:00:00,000;0;1;0;0;0;0;0;0;0;2;0;0;0;20;0;0;0;0;0;0;0;0;0;0;0;0;0;0;0;0;0;0;0;0;0;2;0;0;2;0;1;0;0;0;0;0;0;0;0;0;0;2;1;2;0;1;0;0;0;0;0;0;0;0;0;0;0;0;0;0;0;0;18;1;0;0;6;0;0;3;0;0;0;0;160;0;0;0;0;0;0;0;0;0;0;0;1;0;0;0;0;3;0;7;0;0;0;0;0;0;0;0;1;1;0;0;0;0;0;0;0;0;22;3;0;0;0;0;2;2;0;4;0;0;0;9;0;29;0;0;0;0;91;8;0;0
2023-02-01 00:00:00,000;0;1;0;0;11;0;1;0;0;3;0;4;0;33;0;0;5;0;0;0;0;0;0;0;0;0;0;0;0;0;0;3;0;0;0;0;0;0;0;0;2;0;3;0;0;0;0;0;0;0;0;0;12;0;0;0;0;3;2;0;0;4;0;0;0;0;0;0;0;0;0;0;1;0;0;0;0;0;0;2;0;0;0;0;288;0;0;0;0;1;0;0;0;0;0;0;0;0;2;0;0;0;0;5;0;0;0;0;0;0;0;0;1;6;0;0;0;0;0;0;0;0;58;2;0;0;0;0;0;13;0;2;0;0;0;9;0;6;0;0;0;0;155;18;0;0
2023-02-06 00:00:00,000;7;0;0;0;4;0;12;0;0;6;0;0;0;32;1;0;5;0;0;0;0;0;0;0;0;0;0;0;0;0;0;0;0;0;0;4;0;0;2;0;3;0;10;0;0;0;0;0;0;0;0;0;13;5;1;0;0;0;8;0;0;0;0;0;0;8;0;0;0;0;1;0;9;3;0;0;6;0;17;3;0;0;0;0;320;0;0;0;0;1;0;0;0;0;0;0;0;0;1;0;0;0;0;0;0;0;0;0;0;0;0;0;0;3;0;0;3;1;0;0;0;0;18;1;0;0;0;0;0;13;0;4;0;0;0;4;0;10;0;0;0;0;141;9;0;0
2023-02-13 00:00:00,000;0;0;0;0;0;0;1;0;0;4;0;0;0;2;1;0;3;0;0;0;0;0;0;0;0;0;0;0;0;0;0;0;0;0;0;0;0;0;0;0;0;0;0;0;0;0;0;0;0;0;0;1;7;0;0;2;0;1;1;1;0;0;0;0;0;25;0;0;0;0;0;0;4;0;0;0;0;0;0;1;0;0;0;0;218;0;0;0;0;0;0;0;0;0;0;0;0;0;0;0;0;0;0;2;0;0;1;0;0;0;0;0;0;0;0;0;0;0;0;0;0;0;0;0;0;0;0;0;4;7;0;16;0;0;0;0;0;3;0;0;0;0;128;3;0;0
2023-02-15 00:00:00,000;0;0;0;0;1;0;4;0;0;5;0;0;0;11;0;0;7;0;0;0;0;0;0;0;0;0;0;0;0;0;0;0;0;0;0;0;0;0;0;0;0;0;4;0;0;0;0;0;0;0;0;0;4;1;0;0;0;0;0;0;0;0;0;0;0;29;0;0;0;0;0;0;0;0;0;0;0;0;0;0;0;0;0;0;202;0;0;0;0;0;0;0;0;0;0;0;0;0;0;0;0;0;1;1;0;0;0;0;0;0;0;0;0;2;0;0;0;0;0;0;0;0;24;0;0;0;0;0;5;10;0;42;0;0;0;3;0;5;0;0;0;0;133;0;0;0
2023-02-16 00:00:00,000;0;1;0;0;1;0;4;0;0;13;0;0;0;22;12;0;10;0;0;0;0;0;0;0;0;0;0;0;0;0;0;0;0;0;0;0;0;0;0;0;0;0;2;0;0;0;0;0;2;0;0;0;29;1;0;0;0;0;2;0;0;0;0;0;0;18;0;0;0;0;0;0;1;0;0;0;0;0;4;2;0;0;0;0;256;0;0;0;0;0;0;0;1;0;0;0;0;0;1;0;0;0;1;5;0;0;0;0;0;0;0;0;0;0;0;0;1;0;0;0;2;0;32;0;0;0;0;0;9;5;0;1;0;0;0;3;0;2;0;0;0;0;111;6;0;0
2023-02-17 00:00:00,000;0;0;0;0;6;0;1;0;0;2;0;0;0;28;1;0;9;0;0;0;0;0;0;0;0;0;0;0;0;0;0;0;2;0;0;0;0;0;1;0;0;0;1;0;0;0;0;0;0;0;0;0;4;2;2;1;0;0;0;0;0;0;0;0;0;38;0;0;0;0;0;0;0;0;0;0;0;0;0;0;0;0;0;0;255;0;0;0;0;0;0;0;0;0;0;0;0;0;0;0;0;0;11;2;0;0;0;0;0;0;0;0;0;2;0;0;0;0;0;0;0;0;31;0;0;0;0;0;11;9;0;29;0;0;0;0;0;1;0;0;0;0;121;1;0;0
2023-02-20 00:00:00,000;0;0;0;0;4;0;2;0;0;4;0;0;0;31;0;0;4;0;0;0;0;0;0;0;0;0;0;0;0;0;0;0;0;0;0;0;0;0;0;0;0;0;10;0;0;0;0;0;0;12;0;0;6;5;0;0;0;0;4;5;0;0;0;0;0;9;0;0;0;0;0;0;0;0;0;0;0;0;0;1;0;0;0;0;214;0;0;0;0;0;0;0;0;0;0;0;0;0;1;0;0;0;0;11;0;0;0;0;0;0;0;0;0;5;0;0;0;0;0;0;0;0;18;0;0;0;0;0;10;12;0;17;0;0;0;3;0;2;0;0;0;0;106;3;0;0
2023-02-22 00:00:00,000;0;3;0;0;1;0;3;0;0;7;0;0;0;9;0;4;5;0;0;0;0;0;0;0;0;0;0;0;0;0;0;0;0;0;0;0;0;0;0;0;0;0;0;0;0;0;0;0;0;3;0;0;9;0;0;0;0;2;1;0;0;0;0;0;0;17;0;0;0;0;0;0;2;0;0;0;0;0;0;3;0;0;0;0;287;0;0;0;0;0;0;0;0;0;0;0;0;0;2;0;0;1;2;5;0;0;0;0;0;0;0;0;0;3;0;0;0;0;0;0;0;0;36;0;0;0;0;0;58;10;0;130;0;0;0;2;0;14;0;0;0;0;192;3;0;18
2023-02-23 00:00:00,000;0;8;0;0;0;0;3;0;0;14;0;1;0;12;0;0;7;0;0;0;0;0;0;0;0;0;0;0;0;0;0;0;0;0;0;0;0;0;0;0;1;0;1;3;0;0;6;0;0;34;0;0;11;5;0;0;0;3;3;0;0;0;0;0;0;17;0;0;0;0;0;0;0;0;0;0;0;0;0;9;11;0;0;0;248;0;0;0;0;0;0;0;0;0;0;0;0;0;0;0;0;0;2;1;0;0;0;0;0;0;0;0;0;8;0;0;0;7;0;0;1;0;1;0;0;0;0;0;3;10;0;5;0;0;0;6;0;2;0;0;0;0;91;0;0;0
2023-02-24 00:00:00,000;0;1;0;0;7;0;3;0;5;8;0;1;0;26;0;1;5;0;0;0;1;0;0;0;0;0;0;0;0;0;0;0;0;0;0;1;0;0;0;0;0;0;0;0;0;0;6;0;0;10;0;0;4;4;0;0;0;0;7;2;0;0;0;0;0;40;0;0;0;0;0;0;0;0;0;0;0;0;0;7;19;0;0;0;340;0;0;0;0;0;0;0;1;0;0;0;0;0;0;0;0;1;1;10;0;0;0;0;0;0;0;0;0;8;0;0;0;0;0;0;0;0;24;0;0;0;0;0;13;8;0;27;0;0;0;1;0;4;0;0;0;0;171;6;0;0
2023-02-27 00:00:00,000;0;5;0;1;0;0;5;0;1;3;0;0;0;23;0;0;7;0;0;0;0;0;0;0;0;0;0;0;0;0;0;0;0;0;0;0;0;0;0;0;4;5;3;0;2;0;2;0;0;0;0;2;2;5;0;0;0;0;0;0;0;0;0;0;0;11;0;2;0;0;0;0;0;0;0;0;0;0;0;1;4;0;0;0;236;0;0;0;0;0;0;0;0;0;0;0;0;0;1;0;0;0;4;12;0;0;0;0;0;0;0;0;0;4;0;0;0;0;0;0;0;0;21;0;0;0;0;0;5;8;0;27;0;0;0;0;0;3;0;0;0;0;142;6;0;0
2023-03-01 00:00:00,000;0;10;0;2;14;0;4;0;0;3;0;0;0;14;0;5;7;0;0;0;0;0;0;0;0;0;0;0;0;0;0;0;0;0;0;0;0;0;0;0;1;0;6;0;0;0;5;0;0;0;0;0;5;0;0;0;0;0;2;1;0;0;0;0;0;24;0;0;0;0;0;0;0;3;0;0;0;0;0;0;18;0;0;0;177;0;0;0;0;0;0;0;1;0;0;0;0;0;1;0;0;1;0;2;0;0;0;1;0;0;0;0;0;4;0;0;4;0;0;0;0;0;21;0;0;0;0;0;7;4;0;33;0;0;0;0;0;0;0;0;0;0;91;3;0;0
2023-03-03 00:00:00,000;0;7;0;0;13;0;3;0;4;11;0;0;0;16;0;0;4;0;0;0;0;0;0;0;0;0;0;0;0;0;0;0;1;0;0;0;0;0;0;0;0;0;0;0;0;0;1;0;0;0;0;0;2;10;0;0;0;1;1;5;0;0;0;0;0;36;0;0;0;0;0;0;0;13;0;0;0;0;0;1;7;0;0;0;214;0;0;0;0;0;0;0;0;0;0;0;8;0;0;0;0;0;1;6;0;0;0;0;0;0;0;0;0;9;0;0;0;0;0;0;0;0;3;0;0;0;0;0;16;8;0;40;0;0;0;0;0;0;0;0;0;0;168;2;0;0
2023-03-06 00:00:00,000;0;5;0;1;1;0;2;1;0;1;0;0;0;6;0;0;10;0;0;0;0;0;0;0;0;0;0;0;0;0;0;0;0;0;0;0;0;0;0;0;0;1;0;1;0;0;0;0;0;0;0;0;3;7;0;0;0;0;1;0;0;0;0;0;0;14;0;0;0;0;0;0;0;0;0;0;0;0;0;1;0;0;0;0;134;0;0;0;0;0;0;0;0;0;0;0;1;0;0;0;1;1;0;1;0;0;0;0;0;0;0;0;0;1;0;0;0;0;0;0;0;0;5;0;0;0;0;0;12;6;0;38;0;0;0;0;0;6;0;0;0;0;91;6;0;0
2023-03-08 00:00:00,000;0;0;0;1;4;0;3;0;0;10;0;0;0;4;0;12;5;0;0;0;0;0;0;0;0;0;0;0;0;0;0;0;0;0;0;0;0;0;0;0;0;3;1;7;0;0;1;0;0;0;0;0;3;5;0;0;0;0;0;0;0;2;0;0;0;21;0;0;0;0;0;0;1;0;0;0;0;0;0;16;1;0;0;0;212;0;0;0;0;0;0;0;0;0;0;0;0;0;0;0;0;4;0;0;0;0;0;0;0;0;0;0;0;7;0;0;0;0;0;0;0;0;13;0;0;1;0;0;7;7;0;16;0;0;0;10;0;1;0;0;0;0;95;6;0;0
2023-03-11 00:00:00,000;0;0;0;0;1;0;0;0;0;2;0;0;0;6;0;0;6;0;0;0;0;0;0;0;0;0;0;0;0;0;0;3;0;0;0;0;0;0;0;0;0;1;0;2;0;0;0;0;0;0;0;0;0;4;0;1;0;0;1;0;0;0;0;0;0;37;0;0;0;0;0;0;0;1;0;0;0;0;0;2;0;0;0;0;188;0;0;0;0;0;0;0;0;0;0;0;0;0;0;0;0;0;0;4;0;0;0;0;0;0;0;0;0;4;0;0;0;0;0;0;0;0;29;0;0;0;0;0;0;0;0;1;0;0;0;3;0;2;0;0;0;0;141;16;0;0
2023-03-13 00:00:00,000;0;4;0;2;2;0;0;0;0;3;0;2;0;22;0;1;7;0;0;0;0;0;0;0;0;0;0;0;0;0;0;1;0;0;0;0;0;0;0;0;0;0;5;4;0;0;9;0;0;0;0;0;8;2;0;0;0;1;0;0;0;0;0;0;0;17;0;1;0;0;0;0;1;2;0;0;0;0;0;6;18;0;0;0;197;0;0;0;0;0;0;0;0;0;0;0;0;0;0;0;0;1;0;7;0;0;0;0;0;0;0;0;0;4;0;0;0;0;0;0;0;0;5;0;0;0;0;0;13;0;0;29;0;0;0;0;0;0;0;0;0;0;102;5;0;0
2023-03-15 00:00:00,000;2;7;0;0;1;0;0;0;0;8;0;0;0;26;3;0;6;0;0;0;0;0;0;0;0;0;0;0;0;0;0;0;0;0;0;0;0;0;0;0;0;2;0;0;0;0;2;0;0;0;0;0;2;3;0;2;0;1;1;1;0;0;0;0;0;19;0;0;0;0;0;0;0;0;0;0;0;0;0;1;8;0;0;0;194;0;0;0;0;0;0;0;1;0;0;0;0;0;0;0;0;0;0;12;0;0;0;0;0;0;0;0;1;2;0;0;0;0;0;0;0;0;21;0;0;0;0;0;8;6;0;21;0;0;0;0;0;1;0;0;1;0;84;8;0;0
2023-03-16 00:00:00,000;0;6;0;0;3;0;2;0;0;3;0;0;0;12;0;0;8;0;0;0;0;0;0;0;0;0;0;0;0;0;0;0;2;0;0;0;0;0;0;0;0;0;0;0;0;0;1;0;0;0;0;0;18;2;0;1;0;3;0;0;0;0;0;0;0;35;0;0;0;0;0;0;0;3;0;0;0;1;0;0;1;0;0;0;149;0;0;0;0;0;0;0;0;0;0;0;0;0;1;0;0;0;0;7;0;0;0;0;0;0;0;0;0;4;0;0;0;0;0;0;0;0;6;0;0;0;0;0;2;3;0;1;0;0;0;1;0;4;0;0;0;0;97;7;0;0
2023-03-17 00:00:00,000;0;9;0;1;0;0;1;0;14;3;0;0;0;22;0;0;7;0;0;0;0;0;0;0;0;0;0;0;0;0;0;0;4;0;0;0;0;0;0;0;2;0;0;0;0;0;0;0;0;0;0;0;9;1;0;0;0;0;0;0;0;0;0;0;0;28;0;0;0;0;0;0;0;0;0;0;0;0;0;1;4;0;0;0;198;0;0;0;0;0;0;0;0;0;0;0;0;0;0;0;0;0;0;9;0;0;0;0;0;0;0;0;0;6;0;0;0;0;0;0;0;0;16;0;0;0;0;0;14;8;0;23;0;0;0;0;0;2;0;0;0;0;128;3;0;0
2023-03-18 00:00:00,000;1;1;0;2;0;0;1;0;0;5;0;0;0;5;0;0;8;0;0;0;0;0;0;0;0;0;0;0;0;0;0;1;0;0;0;1;0;0;0;0;0;0;0;0;0;0;0;0;0;0;0;0;0;5;0;0;0;1;0;0;0;0;0;0;0;53;0;0;0;0;0;0;3;0;0;0;0;1;0;1;0;0;0;0;227;0;0;0;0;0;0;0;0;0;0;0;0;0;0;0;0;0;0;0;0;0;0;0;0;0;0;0;0;3;0;0;0;3;0;0;0;0;4;0;0;0;0;0;3;11;0;1;0;0;0;1;0;2;0;0;0;0;128;5;0;0
2023-03-21 00:00:00,000;6;13;0;1;1;0;5;0;2;10;0;0;0;22;1;4;21;0;0;0;0;0;0;0;0;0;0;0;0;0;0;0;0;0;0;0;0;0;0;0;0;0;0;1;0;0;2;0;0;0;0;0;13;3;0;0;0;0;0;0;0;0;0;0;0;45;0;0;0;0;0;0;0;0;0;0;0;0;0;2;5;0;0;0;248;0;0;0;0;0;0;0;0;0;0;0;0;0;0;0;0;0;3;0;0;0;0;0;0;0;0;0;0;2;0;0;0;0;0;0;0;0;2;0;0;0;0;1;1;12;0;1;0;0;0;0;0;0;0;0;0;0;124;14;0;5
2023-03-22 00:00:00,000;4;7;0;0;1;0;1;0;0;9;0;0;0;11;0;2;4;0;0;0;0;0;0;0;0;0;0;0;0;0;0;0;0;0;0;0;0;0;0;0;0;0;0;0;0;0;0;0;0;1;0;0;0;2;0;0;0;0;1;3;0;0;0;0;0;25;0;0;0;0;0;0;0;0;0;0;0;0;0;8;0;0;0;0;205;0;0;0;0;0;0;0;1;0;0;0;0;0;0;0;0;0;3;9;0;0;0;0;3;0;0;0;0;14;0;0;0;0;0;0;1;0;18;3;0;0;0;1;4;4;0;10;0;0;0;0;0;2;0;0;0;0;125;6;0;0
2023-03-24 00:00:00,000;0;5;1;1;5;0;2;0;0;2;0;0;0;11;0;0;9;0;0;0;0;0;0;0;0;0;0;0;0;0;0;0;0;0;0;0;0;0;0;0;0;0;1;0;0;0;0;0;0;0;0;0;3;0;0;0;0;0;0;0;0;0;0;0;0;54;0;5;0;0;0;0;3;4;0;0;0;0;0;1;3;0;0;0;276;0;0;0;0;0;0;0;0;0;0;0;0;0;0;0;0;0;0;3;0;0;0;0;0;0;0;0;0;3;0;0;0;0;0;0;0;0;0;0;0;0;0;0;2;6;0;17;0;0;0;0;0;0;0;0;0;0;197;7;0;0
2023-04-01 00:00:00,000;0;4;0;1;0;0;0;0;0;0;1;0;0;1;0;0;5;0;0;0;0;0;0;0;0;0;0;0;0;0;0;0;0;0;0;0;0;0;0;0;0;0;0;1;0;0;0;0;0;0;0;0;0;2;0;1;0;0;2;0;0;0;0;0;0;27;0;0;0;0;0;0;0;0;0;0;0;0;0;0;0;0;0;0;133;0;0;0;0;0;0;0;0;0;0;0;0;0;2;0;0;0;0;32;0;0;0;0;0;0;0;0;1;7;0;0;0;1;0;0;0;0;33;0;0;0;0;0;0;3;0;2;45;0;0;2;0;1;0;0;0;0;92;1;0;0
2023-04-02 00:00:00,000;0;2;0;0;1;0;1;0;0;2;0;0;0;7;0;0;2;0;0;0;0;0;0;0;0;0;0;0;0;0;0;0;0;0;0;0;0;0;0;0;0;0;0;0;0;0;3;0;0;0;0;0;0;4;0;0;0;0;0;0;0;0;0;0;0;29;0;0;0;0;0;0;0;5;0;0;0;0;0;0;0;0;0;0;151;0;0;0;0;0;0;0;0;0;0;0;0;0;0;0;0;0;0;8;0;0;0;0;0;0;0;0;0;1;0;0;0;0;0;0;0;0;0;0;0;0;0;0;0;2;0;1;6;0;0;2;0;10;0;0;0;0;97;4;0;0
2023-04-10 00:00:00,000;0;5;0;1;1;0;1;0;0;1;0;0;0;8;0;0;4;0;0;0;0;0;0;0;0;0;0;0;0;0;0;0;0;0;0;2;0;0;0;0;0;0;0;2;0;0;2;0;0;0;0;0;3;6;0;1;0;1;0;0;0;0;0;0;0;48;0;0;0;0;0;0;6;0;0;0;0;0;0;1;5;0;2;0;242;0;1;0;1;0;0;0;0;0;0;0;0;0;0;0;0;0;0;3;0;0;0;0;0;0;0;0;1;6;0;0;0;3;0;0;0;0;7;0;0;0;0;0;17;11;0;54;0;0;0;8;0;1;0;0;0;0;186;10;0;0
2023-04-12 00:00:00,000;0;4;0;0;0;0;0;0;0;5;0;0;0;21;0;0;3;2;0;0;0;0;0;0;0;0;0;0;0;0;0;0;1;0;0;0;0;0;0;0;0;2;0;0;0;0;2;0;0;0;0;0;2;4;0;0;0;2;2;0;0;0;0;0;0;35;0;0;0;0;0;0;2;0;0;0;0;0;0;0;5;0;0;0;231;0;0;0;0;0;0;0;1;0;0;0;0;0;0;0;0;0;1;4;0;0;0;0;0;0;0;0;0;1;0;0;0;1;0;0;0;0;15;0;0;0;0;0;18;8;0;44;0;0;0;3;0;1;0;0;0;0;130;3;0;0
2023-04-17 00:00:00,000;2;5;0;0;2;0;2;0;0;5;0;0;0;18;0;0;7;0;0;0;0;0;0;0;0;0;0;0;0;0;0;0;0;0;0;0;0;0;0;0;0;1;0;0;0;0;0;0;0;0;0;0;1;2;0;0;0;0;1;0;0;0;0;0;0;55;0;0;0;0;0;0;5;0;0;0;0;0;0;0;0;0;0;0;257;0;0;0;0;0;0;0;0;0;0;0;0;0;0;0;0;0;8;5;0;0;0;0;0;0;0;0;0;2;0;0;0;3;0;0;0;0;17;1;0;0;0;0;12;7;0;31;0;0;0;2;0;1;0;0;0;0;161;2;0;0
2023-04-21 00:00:00,000;0;4;0;2;1;0;3;0;0;9;0;0;0;16;0;0;7;0;0;0;0;0;0;0;0;0;0;0;0;0;0;0;0;0;0;0;0;0;0;0;0;1;0;0;0;0;1;0;0;0;0;0;8;3;0;0;0;1;1;0;0;0;0;0;0;48;0;0;0;0;0;0;0;0;1;0;0;0;0;0;6;0;0;0;233;0;0;0;0;0;0;0;0;0;0;0;0;0;0;0;0;0;0;10;0;0;0;0;0;0;0;0;0;13;0;0;0;0;0;0;0;0;15;0;0;0;0;0;11;3;0;29;0;0;0;0;0;3;0;0;0;0;112;5;0;0
2023-05-19 00:00:00,000;0;3;0;0;1;0;0;0;11;9;0;0;0;16;0;0;10;0;0;0;0;0;0;0;0;0;0;0;0;0;0;0;0;0;0;0;0;0;0;0;0;0;0;0;0;0;0;0;0;0;0;0;2;1;0;0;0;0;2;0;0;0;0;0;0;22;0;0;0;0;0;0;6;1;0;0;0;0;0;0;0;0;0;0;136;0;0;0;0;0;0;0;0;0;1;0;0;0;1;0;0;0;0;12;0;0;0;0;0;0;0;0;1;2;0;0;0;0;0;0;0;0;20;0;3;0;0;0;0;11;0;1;2;0;0;0;0;0;0;0;0;0;69;1;0;0
2023-05-26 00:00:00,000;0;2;0;0;2;0;1;0;0;5;0;0;0;19;0;1;9;0;0;0;0;0;0;0;0;0;0;0;0;0;0;0;0;0;0;0;0;0;0;0;0;0;0;0;0;0;0;0;0;0;0;0;9;3;0;2;0;5;3;0;0;0;0;0;0;6;0;0;0;0;0;1;5;0;0;0;0;0;0;2;6;0;0;0;149;0;0;0;0;0;0;0;0;2;1;0;0;0;1;0;0;0;0;0;0;0;0;0;0;0;0;0;0;4;0;0;0;5;0;0;0;0;6;1;0;0;0;0;0;2;0;2;0;0;0;0;0;1;0;1;0;0;54;7;0;0
